{"type":"FeatureCollection","features":[{"type":"Feature","properties":{"name":"Indonesia"},"geometry":{"type":"MultiPolygon","coordinates":[[[[124.4505,-9.1802],[124.9195,-8.962],[124.933,-9.0745],[125.1394,-9.0248],[125.1506,-9.1854],[124.9579,-9.2119],[125.0616,-9.4858],[124.9707,-9.6624],[124.4185,-10.1638],[123.472,-10.3649],[123.7647,-10.075],[123.5774,-10.0344],[123.6888,-9.6114],[124.0101,-9.3439],[124.3101,-9.4887],[124.4505,-9.1802]]],[[[117.5671,4.1597],[117.3958,4.0989],[117.8262,3.7036],[117.6287,3.6321],[117.4688,3.7923],[117.5098,3.6074],[117.0305,3.5944],[117.1992,3.6163],[117.4465,3.4348],[117.27,3.2343],[117.6172,3.0859],[117.565,2.9835],[117.6851,2.9631],[117.5438,2.9221],[117.7363,2.9016],[117.6196,2.8255],[118.0822,2.3375],[117.8262,2.1065],[117.9004,2.05],[117.75,2.0314],[119.0117,0.9763],[118.7982,0.8049],[118.384,0.8049],[117.8939,1.1135],[118.033,0.8002],[117.7432,0.7405],[117.47,0.1088],[117.4414,-0.5252],[117.6301,-0.4187],[117.4829,-0.6996],[117.6271,-0.7709],[117.339,-0.9013],[117.2815,-0.8092],[116.9577,-1.2399],[116.8198,-1.2614],[116.7432,-1.0248],[116.7624,-1.3653],[116.2224,-1.7896],[116.4248,-1.7664],[116.4666,-1.9075],[116.2832,-2.1694],[116.6033,-2.2242],[116.5179,-2.5539],[116.3042,-2.5256],[116.3931,-2.574],[116.2876,-2.9871],[116.1377,-2.8234],[116.1057,-2.998],[116.2649,-3.1369],[115.9679,-3.6088],[114.6643,-4.1842],[114.5503,-3.3481],[114.4768,-3.5007],[114.2635,-3.3976],[114.3648,-3.2115],[114.1865,-3.3823],[114.1177,-3.1904],[114.042,-3.3556],[113.6325,-3.4568],[113.6115,-3.1742],[113.3657,-3.2529],[113.3027,-3.1625],[113.3511,-3.2724],[113.0352,-2.9229],[112.9411,-3.1064],[113.0215,-3.1625],[112.638,-3.4168],[112.2029,-3.3295],[111.9053,-3.572],[111.8088,-3.533],[111.7541,-2.7385],[111.5698,-3.0157],[111.3242,-2.926],[110.9424,-3.0915],[110.7542,-3.0261],[110.9561,-2.879],[110.6624,-3.0807],[110.5495,-2.8676],[110.2632,-3.0029],[110.157,-2.6213],[110.2805,-2.5182],[110.1599,-2.4365],[110.0925,-1.9496],[109.9038,-1.8261],[110.0614,-1.3464],[109.7635,-0.8709],[109.6773,-0.9838],[109.2732,-0.8536],[109.2625,-0.6674],[109.5065,-0.7164],[109.1394,-0.5286],[109.0462,-0.2459],[109.2248,-0.2372],[109.1565,0.0201],[109.3005,0.0105],[108.9209,0.3403],[108.9243,1.164],[109.2664,1.3946],[108.9858,1.2158],[109.341,1.9355],[109.6453,2.0832],[109.5284,1.89],[109.658,1.5972],[110.5539,0.8514],[111.1976,1.0752],[111.5032,0.9584],[111.8231,1.0085],[112.0929,1.1431],[112.1616,1.4345],[112.4705,1.5677],[112.9732,1.5699],[112.9582,1.4157],[113.6248,1.2276],[113.9097,1.4425],[114.5456,1.435],[114.6795,1.8407],[114.832,1.9025],[114.7788,2.2472],[115.2061,2.5099],[115.0565,2.6086],[115.0691,2.8326],[115.2421,3.0416],[115.4641,3.0308],[115.6012,3.4302],[115.5388,3.9206],[115.8441,4.3892],[116.0206,4.2709],[116.1258,4.3789],[116.4113,4.2887],[116.5222,4.3968],[117.2027,4.3561],[117.5671,4.1597]]],[[[140.9745,-2.6005],[140.9769,-6.3351],[140.8492,-6.7028],[140.9772,-6.8966],[140.977,-9.1061],[139.9881,-8.1925],[140.1517,-7.8847],[139.9736,-8.0969],[139.3952,-8.2009],[139.2546,-8.1461],[139.2171,-7.9513],[139.2245,-8.0744],[138.9144,-8.2921],[138.8428,-8.1174],[139.093,-7.56],[138.6675,-7.1978],[139.1571,-7.2431],[139.24,-7.1511],[138.8425,-7.1456],[138.5615,-6.9186],[138.9315,-6.8425],[139.1922,-6.9729],[138.6834,-6.7145],[138.8291,-6.706],[138.4661,-6.4021],[138.2625,-5.9147],[138.404,-5.8357],[138.1576,-5.7737],[138.363,-5.6788],[138.0711,-5.7286],[138.0614,-5.4037],[137.9993,-5.4789],[137.2788,-4.9366],[136.8221,-4.9283],[135.9504,-4.5063],[135.1856,-4.4489],[134.6482,-4.1187],[134.6885,-3.9474],[134.9678,-3.9368],[134.6758,-3.9084],[134.5252,-4.0265],[134.3335,-3.8688],[134.3153,-4.0203],[134.1275,-3.7453],[133.971,-3.8503],[133.8381,-3.5904],[133.8293,-3.7219],[133.7031,-3.6726],[133.6414,-3.4837],[133.6909,-3.2161],[133.9295,-3.1147],[133.8605,-2.9229],[133.6682,-3.1222],[133.6277,-3.4163],[133.514,-3.3784],[133.5918,-3.5453],[133.4089,-3.7224],[133.4534,-3.8654],[133.251,-4.0668],[132.9077,-4.0881],[132.731,-3.6823],[132.9318,-3.5541],[132.8117,-3.2817],[132.6712,-3.3285],[132.3257,-2.9465],[131.9761,-2.9298],[132.0444,-2.8034],[131.958,-2.7882],[132.3118,-2.6764],[132.7283,-2.8132],[133.2396,-2.4168],[133.3807,-2.6764],[133.4456,-2.4947],[133.4504,-2.6423],[133.4735,-2.5217],[133.634,-2.5393],[133.6824,-2.7175],[133.7131,-2.512],[133.8169,-2.649],[133.7472,-2.4379],[134.0051,-2.3884],[133.8674,-2.3412],[133.95,-2.2035],[133.792,-2.2602],[133.9404,-2.1076],[133.6458,-2.236],[132.3057,-2.2656],[131.9419,-1.8951],[132.0239,-1.676],[131.8867,-1.652],[131.9822,-1.5388],[131.8049,-1.6076],[131.7912,-1.4977],[131.4365,-1.5017],[131.3728,-1.3947],[131.2057,-1.5236],[130.9483,-1.4122],[131.2362,-1.1173],[131.243,-0.8194],[131.8765,-0.6896],[132.3967,-0.3534],[132.9751,-0.4448],[133.3916,-0.7232],[133.9772,-0.7232],[134.1721,-0.8639],[134.0361,-0.9578],[134.282,-1.3502],[134.0871,-1.6828],[134.1934,-2.3791],[134.4639,-2.8621],[134.4844,-2.5393],[134.6384,-2.5112],[134.7013,-2.9587],[134.8513,-2.8998],[134.8989,-3.2628],[135.3408,-3.3897],[135.9099,-2.9858],[136.3809,-2.2341],[137.1785,-2.1061],[137.1235,-1.7975],[137.8391,-1.4711],[139.7808,-2.3547],[140.158,-2.3209],[140.7446,-2.4991],[140.7238,-2.634],[140.9745,-2.6005]]],[[[117.6643,-8.1481],[117.4925,-8.361],[117.4868,-8.1829],[117.6643,-8.1481]]],[[[138.7534,-6.7783],[138.7163,-6.8647],[138.6185,-6.7291],[138.7534,-6.7783]]],[[[134.6078,-6.4215],[134.5418,-6.5295],[134.3472,-6.3596],[134.4461,-6.2854],[134.6078,-6.4215]]],[[[134.3779,-6.2541],[134.3377,-6.332],[134.1623,-6.1965],[134.126,-6.0343],[134.3779,-6.2541]]],[[[109.906,-7.8377],[109.0144,-7.7326],[108.8732,-7.6106],[108.4537,-7.8185],[107.8645,-7.7451],[107.4114,-7.4959],[106.3978,-7.3785],[106.5108,-6.9638],[105.2168,-6.7721],[105.3638,-6.665],[105.4901,-6.809],[105.6439,-6.4823],[105.7822,-6.5121],[105.8672,-6.1101],[106.0527,-5.881],[106.1592,-6.0095],[106.2988,-5.945],[106.7932,-6.1041],[107.0051,-6.0724],[107.0444,-5.9143],[107.3541,-5.976],[107.6782,-6.238],[107.8854,-6.1869],[108.0937,-6.3268],[108.3603,-6.2464],[108.6055,-6.7617],[108.9448,-6.8494],[110.1775,-6.8562],[110.381,-6.9757],[110.5715,-6.8362],[110.6711,-6.4999],[111.0108,-6.421],[111.1444,-6.6918],[111.4934,-6.6235],[112.084,-6.906],[112.5828,-6.8705],[112.6838,-7.1749],[112.6038,-7.1926],[112.8233,-7.2626],[112.7615,-7.5312],[113.1327,-7.7278],[113.3231,-7.7856],[114.0456,-7.612],[114.3889,-7.7581],[114.3767,-8.5195],[114.6248,-8.7407],[113.98,-8.6202],[113.2407,-8.2809],[112.6727,-8.447],[111.792,-8.2565],[111.6958,-8.3713],[111.0173,-8.2547],[109.906,-7.8377]]],[[[119.8465,-0.8746],[119.8,-0.1238],[119.6345,0.0105],[119.8327,-0.0844],[119.7852,0.2395],[120.0322,0.5163],[120.0457,0.7344],[120.2271,0.8149],[120.2785,0.9942],[120.5681,0.7821],[120.8018,1.0526],[120.8335,1.3257],[121.4514,1.2976],[121.5467,1.0725],[122.4541,1.0207],[122.8489,0.818],[122.968,0.9626],[123.1867,0.9736],[123.9292,0.8315],[124.3894,1.1861],[124.5938,1.1959],[124.5483,1.3598],[124.8357,1.4691],[124.9839,1.7316],[125.1753,1.6782],[125.2492,1.4847],[124.3218,0.3989],[123.626,0.2666],[123.2388,0.3245],[123.0742,0.5163],[121.8005,0.4265],[121.6019,0.5517],[121.1079,0.4071],[120.5027,0.5289],[120.1333,0.1912],[119.9956,-0.2092],[120.0731,-0.6139],[120.2556,-0.8993],[120.5003,-0.9753],[120.676,-1.3947],[121.1055,-1.4059],[121.6201,-0.8004],[121.7142,-0.9355],[122.1053,-0.9262],[122.2077,-0.7647],[122.929,-0.7589],[122.7346,-0.6484],[123.0759,-0.5564],[123.4544,-0.7582],[123.3112,-1.0514],[123.0962,-0.8351],[122.8387,-0.8992],[122.3688,-1.4928],[121.8613,-1.6697],[121.6921,-1.9081],[121.2961,-1.8167],[121.3406,-1.9913],[121.402,-1.9094],[121.8229,-2.2873],[122.0156,-2.6935],[122.4729,-3.1511],[122.1979,-3.5717],[122.6633,-3.8971],[122.5513,-3.9708],[122.6882,-4.1384],[122.8728,-4.0932],[122.8421,-4.4381],[122.6702,-4.3145],[122.7581,-4.4848],[122.5991,-4.3967],[122.2332,-4.468],[122.0483,-4.6259],[122.091,-4.8367],[121.7044,-4.8352],[121.4777,-4.623],[121.6277,-4.0871],[121.2556,-3.903],[120.8745,-3.499],[121.0667,-3.1938],[121.0482,-2.699],[120.7761,-2.6149],[120.2035,-2.9577],[120.4258,-3.2561],[120.3519,-4.1003],[120.45,-4.6466],[120.2643,-5.15],[120.4583,-5.6261],[120.3233,-5.5095],[119.7722,-5.7013],[119.4333,-5.5878],[119.3528,-5.3556],[119.647,-3.978],[119.4567,-3.7145],[119.494,-3.4884],[119.2976,-3.4279],[118.9388,-3.574],[118.7642,-3.0909],[118.8877,-2.8825],[118.7717,-2.8621],[118.7923,-2.65],[119.1358,-2.4543],[119.2161,-2.0099],[119.347,-1.9594],[119.3284,-1.2145],[119.7246,-0.6393],[119.8465,-0.8746]]],[[[100.9473,1.8254],[100.8,2.2089],[101.0503,2.2915],[101.427,1.7093],[101.7492,1.6615],[102.1182,1.3865],[102.2085,1.0241],[102.4251,0.8043],[102.9538,0.6758],[103.0747,0.4423],[102.5819,0.1811],[102.4304,0.2463],[102.5457,0.1691],[103.3622,0.5363],[103.7434,0.2773],[103.8018,-0.0073],[103.577,-0.014],[103.2705,-0.2576],[103.4893,-0.2115],[103.3456,-0.3669],[103.5984,-0.4368],[103.3729,-0.4494],[103.3456,-0.6959],[103.8289,-1.0734],[103.9558,-0.977],[104.3772,-1.0317],[104.4971,-1.936],[104.5645,-1.8577],[104.5889,-2.0195],[104.8146,-2.0084],[104.8828,-2.1257],[104.6062,-2.4021],[104.7096,-2.3709],[104.7131,-2.5578],[104.5311,-2.7726],[104.8833,-2.2849],[104.929,-2.3748],[105.6238,-2.4018],[105.8096,-2.899],[106.0285,-2.9828],[106.073,-3.2555],[105.8196,-3.6725],[105.9525,-3.8338],[105.8128,-4.2387],[105.9097,-4.9431],[105.7297,-5.8967],[105.2796,-5.4443],[105.1633,-5.7861],[104.5514,-5.5085],[104.7161,-5.9211],[104.5613,-5.9283],[103.8911,-5.1042],[103.4146,-4.8693],[102.3125,-3.9915],[102.2222,-3.6428],[101.6113,-3.2245],[100.9231,-2.3334],[100.8576,-1.8919],[99.7472,-0.0298],[99.138,0.2631],[98.7096,1.5641],[98.8226,1.6304],[98.7739,1.7486],[97.9559,2.2717],[97.7444,2.2811],[97.6027,2.8662],[97.405,2.9433],[96.8836,3.6824],[96.4795,3.7787],[95.4263,4.8273],[95.1973,5.5464],[95.4319,5.6547],[96.3622,5.2255],[96.9734,5.2734],[97.2266,5.1462],[97.5262,5.2423],[97.9092,4.8896],[97.9968,4.5465],[98.2756,4.4254],[98.179,4.1082],[98.263,4.1773],[99.7507,3.1805],[99.9795,2.9485],[100.008,2.6026],[100.0549,2.7273],[100.1258,2.5301],[100.2106,2.7062],[100.4343,2.2733],[100.9473,1.8254]]],[[[120.7925,-9.9609],[120.7246,-10.1969],[120.45,-10.3103],[120.1556,-10.221],[119.6345,-9.7691],[119.0969,-9.7175],[118.9354,-9.5534],[119.1687,-9.3855],[119.9588,-9.2905],[120.7925,-9.9609]]],[[[115.5501,-8.6662],[115.5889,-8.8073],[115.4683,-8.7319],[115.5501,-8.6662]]],[[[119.723,-8.6212],[119.6983,-8.8015],[119.6152,-8.7775],[119.6345,-8.5966],[119.723,-8.6212]]],[[[119.5593,-8.5182],[119.3811,-8.7407],[119.4153,-8.4433],[119.5593,-8.5182]]],[[[123.3486,-8.2688],[123.2893,-8.4045],[123.0195,-8.3918],[123.1565,-8.2436],[123.3486,-8.2688]]],[[[116.6333,-8.2751],[116.7432,-8.3918],[116.5004,-8.8027],[116.5654,-8.8956],[115.8393,-8.8169],[115.8486,-8.7248],[116.0876,-8.7372],[116.0279,-8.445],[116.2864,-8.2363],[116.6333,-8.2751]]],[[[119.2036,-8.6109],[119.1516,-8.7424],[118.702,-8.7481],[118.9081,-8.8505],[118.4142,-8.8536],[118.4147,-8.5829],[118.1577,-8.8679],[117.3889,-9.0537],[117.0097,-9.1073],[116.7285,-8.9631],[116.8381,-8.5079],[117.1951,-8.3576],[117.4339,-8.4811],[117.5581,-8.4055],[117.5923,-8.5147],[117.6233,-8.4384],[117.8052,-8.72],[118.2817,-8.6415],[117.7122,-8.2409],[117.9178,-8.0859],[118.1497,-8.1345],[118.3123,-8.3713],[118.4634,-8.2494],[118.6475,-8.2888],[118.6673,-8.5473],[118.7539,-8.3264],[118.9725,-8.302],[119.0523,-8.6457],[119.2036,-8.6109]]],[[[123.0264,-8.2888],[122.8036,-8.4379],[122.8074,-8.6109],[121.7804,-8.888],[121.396,-8.7941],[121.3406,-8.9181],[120.9949,-8.9405],[120.8332,-8.817],[120.1653,-8.7686],[119.9074,-8.8717],[119.8057,-8.7407],[119.8672,-8.4129],[120.422,-8.2273],[121.5017,-8.6018],[121.6255,-8.4675],[122.0191,-8.426],[122.2884,-8.6339],[122.8809,-8.2857],[122.9404,-8.1931],[122.7404,-8.2224],[122.8626,-8.0698],[123.0264,-8.2888]]],[[[115.6192,-8.2888],[115.7009,-8.4191],[115.1345,-8.8508],[115.1561,-8.662],[114.6045,-8.3865],[114.4479,-8.1218],[114.8576,-8.1931],[115.1931,-8.0551],[115.6192,-8.2888]]],[[[115.5706,-6.9046],[115.2933,-7.0076],[115.2144,-6.9282],[115.2757,-6.8354],[115.5706,-6.9046]]],[[[112.7007,-5.726],[112.7315,-5.8284],[112.6043,-5.8474],[112.7007,-5.726]]],[[[102.4065,-5.4037],[102.2835,-5.4993],[102.0986,-5.3349],[102.4065,-5.4037]]],[[[116.3037,-3.718],[116.3065,-3.9045],[116.0915,-4.0668],[116.013,-3.6505],[116.2678,-3.2188],[116.3037,-3.718]]],[[[100.3986,-3.1835],[100.1895,-2.9666],[100.2273,-2.7726],[100.4675,-3.0153],[100.3986,-3.1835]]],[[[100.2068,-2.6935],[100.0156,-2.8342],[99.9746,-2.4939],[100.2068,-2.6935]]],[[[99.8233,-2.2929],[99.8462,-2.3801],[99.6035,-2.2656],[99.565,-2.0309],[99.8233,-2.2929]]],[[[108.9642,-1.5734],[108.8582,-1.664],[108.7933,-1.5803],[108.9642,-1.5734]]],[[[109.7598,-1.1039],[109.4172,-1.2545],[109.4754,-0.977],[109.7235,-0.9871],[109.7598,-1.1039]]],[[[99.2744,-1.6349],[99.1185,-1.8023],[98.8848,-1.6794],[98.5938,-1.1984],[98.6582,-0.9635],[98.8982,-0.9157],[99.2744,-1.6349]]],[[[98.502,-0.4605],[98.5005,-0.5656],[98.2752,-0.5252],[98.4292,-0.2438],[98.502,-0.4605]]],[[[98.48,-0.1584],[98.5415,-0.3811],[98.2957,-0.0073],[98.48,-0.1584]]],[[[103.2936,0.6254],[103.1405,0.5394],[103.1792,0.6955],[103.2936,0.6254]]],[[[103.489,0.777],[103.4157,0.6574],[103.3574,0.8725],[103.489,0.777]]],[[[103.0487,0.797],[103.0073,0.6938],[102.5164,0.7913],[102.4065,0.8732],[102.4676,1.1064],[103.0487,0.797]]],[[[103.1265,0.9279],[103.0863,0.841],[102.6248,1.022],[102.8018,1.1633],[103.1265,0.9279]]],[[[104.1463,1.1605],[104.0923,0.9899],[103.9067,1.0717],[104.1463,1.1605]]],[[[104.6546,1.0964],[104.5671,0.8295],[104.4211,0.9566],[104.4852,1.0337],[104.2319,1.0933],[104.5757,1.2254],[104.6546,1.0964]]],[[[102.4734,1.242],[102.468,0.9726],[102.3693,0.9352],[102.2106,1.3983],[102.4734,1.242]]],[[[102.4959,1.3636],[102.4788,1.2707],[102.0078,1.6154],[102.4627,1.5154],[102.4959,1.3636]]],[[[101.7212,2.0581],[101.7151,1.7782],[101.4907,1.7368],[101.4181,2.0444],[101.7212,2.0581]]],[[[97.3286,2.1475],[97.3218,2.0314],[97.1028,2.2127],[97.3286,2.1475]]],[[[96.4795,2.415],[96.335,2.3555],[95.7905,2.6546],[95.6996,2.8318],[95.9119,2.9062],[96.4795,2.415]]],[[[105.802,2.9973],[105.7127,2.8432],[105.6887,3.06],[105.802,2.9973]]],[[[106.2852,3.1791],[106.2791,3.0872],[106.2058,3.2057],[106.2852,3.1791]]],[[[117.6253,3.4377],[117.6484,3.246],[117.5313,3.4031],[117.6253,3.4377]]],[[[117.6987,4.1113],[117.6653,3.9831],[117.5945,4.0639],[117.6987,4.1113]]],[[[108.3962,3.8748],[108.1838,3.6483],[108.0945,3.6962],[108.2624,3.7923],[107.9846,4.012],[108.2249,4.2448],[108.3962,3.8748]]],[[[95.3418,5.8964],[95.3384,5.7792],[95.2136,5.9025],[95.3418,5.8964]]],[[[123.3901,-10.5915],[123.2092,-10.8131],[122.821,-10.8932],[122.8125,-10.7784],[123.3865,-10.433],[123.3901,-10.5915]]],[[[121.9402,-10.4301],[121.9979,-10.509],[121.8818,-10.5983],[121.6901,-10.5642],[121.9402,-10.4301]]],[[[123.928,-8.2273],[123.583,-8.5655],[123.2273,-8.5261],[123.4857,-8.3508],[123.4142,-8.2672],[123.5676,-8.2477],[123.5891,-8.3736],[123.6416,-8.2231],[123.928,-8.2273]]],[[[124.3081,-8.2205],[124.1496,-8.5393],[123.9072,-8.4548],[124.3081,-8.2205]]],[[[138.8973,-8.3372],[138.548,-8.3471],[138.7853,-8.1589],[138.8973,-8.3372]]],[[[125.134,-8.2171],[125.1233,-8.3523],[124.3335,-8.413],[124.5476,-8.2307],[124.3924,-8.2652],[124.4753,-8.1326],[125.134,-8.2171]]],[[[128.0906,-8.131],[128.0256,-8.2614],[127.7616,-8.1174],[128.0906,-8.131]]],[[[131.1094,-8.131],[130.7634,-8.3508],[130.9264,-8.1325],[131.1094,-8.131]]],[[[129.8412,-7.8779],[129.7764,-8.0554],[129.5852,-7.902],[129.6325,-7.796],[129.8412,-7.8779]]],[[[126.8368,-7.7263],[126.4662,-7.9666],[126.054,-7.8847],[125.7742,-8.0076],[125.9689,-7.6601],[126.3284,-7.6957],[126.627,-7.56],[126.8368,-7.7263]]],[[[127.4702,-7.5278],[127.3577,-7.6557],[127.3727,-7.5061],[127.4702,-7.5278]]],[[[138.939,-7.5421],[139.0755,-7.5763],[138.9041,-8.0759],[138.376,-8.4096],[137.6382,-8.4259],[138.0886,-7.5598],[138.7171,-7.3596],[138.939,-7.5421]]],[[[131.6986,-7.2267],[131.6331,-7.62],[131.3167,-8.018],[131.1162,-8.0007],[131.2415,-7.4877],[131.5686,-7.131],[131.6986,-7.2267]]],[[[128.6697,-7.1374],[128.6387,-7.2199],[128.5288,-7.1305],[128.6697,-7.1374]]],[[[114.0457,-6.9146],[114.1248,-6.9816],[113.5134,-7.2478],[112.7264,-7.1588],[112.6926,-7.0585],[112.9153,-6.8917],[114.0457,-6.9146]]],[[[105.2642,-6.5279],[105.2039,-6.6733],[105.1201,-6.631],[105.2642,-6.5279]]],[[[134.4844,-6.5756],[134.3107,-6.8595],[134.0734,-6.8268],[134.1038,-6.4749],[134.21,-6.5074],[134.1027,-6.1801],[134.4844,-6.5756]]],[[[120.5462,-5.9382],[120.4813,-6.4773],[120.4483,-5.8439],[120.4886,-5.7673],[120.5462,-5.9382]]],[[[132.802,-5.7874],[132.6919,-5.9288],[132.6198,-5.603],[132.802,-5.7874]]],[[[134.7581,-6.1579],[134.6078,-6.3696],[134.2766,-6.1193],[134.3783,-5.7937],[134.202,-5.7125],[134.3518,-5.7145],[134.5083,-5.4294],[134.7581,-5.6713],[134.7361,-5.9695],[134.6011,-5.9518],[134.7581,-6.1579]]],[[[122.0674,-5.215],[121.9683,-5.468],[121.8068,-5.2599],[121.8539,-5.1021],[121.9773,-5.0705],[122.0674,-5.215]]],[[[122.78,-4.9166],[122.6043,-5.1599],[122.5984,-5.4201],[122.5115,-5.2867],[122.4686,-5.3964],[122.2796,-5.3697],[122.3827,-4.7459],[122.7111,-4.6155],[122.78,-4.9166]]],[[[123.1499,-5.225],[123.2131,-5.3017],[122.8762,-5.4584],[122.8135,-5.6879],[122.6543,-5.6785],[122.5671,-5.5069],[122.8147,-5.2114],[122.855,-4.6096],[123.0414,-4.3844],[123.2197,-4.8167],[123.0521,-4.7403],[122.9499,-5.1902],[123.1499,-5.225]]],[[[123.2044,-3.9929],[123.1963,-4.1877],[123.0448,-4.2096],[122.9507,-4.0471],[123.2044,-3.9929]]],[[[128.3308,-3.5119],[128.2365,-3.7223],[128.0974,-3.7732],[128.2029,-3.6393],[127.9334,-3.7634],[127.9841,-3.6205],[128.3308,-3.5119]]],[[[128.7206,-3.5256],[128.6362,-3.6228],[128.561,-3.4937],[128.7206,-3.5256]]],[[[127.2409,-3.471],[127.2057,-3.6596],[126.6966,-3.8638],[126.203,-3.631],[125.9917,-3.2482],[126.0909,-3.1121],[126.84,-3.0737],[127.0935,-3.2008],[127.0545,-3.323],[127.2598,-3.3712],[127.2409,-3.471]]],[[[106.9089,-2.9298],[106.8612,-3.029],[106.7227,-2.9661],[106.9089,-2.9298]]],[[[130.8732,-3.574],[130.8179,-3.8688],[129.8905,-3.3331],[129.5096,-3.3025],[129.4856,-3.4635],[128.9608,-3.3556],[128.8775,-3.2026],[128.6776,-3.4323],[128.4841,-3.4625],[128.1658,-3.067],[127.926,-3.5535],[127.8423,-3.1733],[128.1037,-3.067],[128.1755,-2.857],[129.0529,-2.8045],[129.1771,-2.9577],[129.541,-2.78],[129.9649,-2.9736],[130.3893,-2.9938],[130.8732,-3.574]]],[[[108.2937,-2.8484],[108.074,-3.226],[107.8705,-3.0517],[107.6028,-3.2289],[107.5471,-2.9167],[107.6703,-2.5615],[108.0979,-2.6082],[108.2937,-2.8484]]],[[[126.0691,-2.3845],[126.0134,-2.4596],[125.9046,-2.2314],[125.9334,-1.9645],[126.0691,-2.3845]]],[[[126.3291,-1.8193],[125.4321,-1.9496],[125.3353,-1.8507],[126.3291,-1.8193]]],[[[130.3865,-1.8883],[130.4369,-1.9763],[130.1265,-2.067],[129.7149,-1.8814],[130.3429,-1.6767],[130.3865,-1.8883]]],[[[125.3148,-1.779],[125.3184,-1.8826],[124.5432,-2.0065],[124.3291,-1.8708],[124.5181,-1.6262],[125.3148,-1.779]]],[[[136.8485,-1.7653],[136.2664,-1.9094],[135.4222,-1.6108],[136.8485,-1.7653]]],[[[106.7691,-2.5603],[106.6038,-2.9103],[106.752,-3.0737],[106.5322,-3.1056],[105.9865,-2.8212],[105.7804,-2.1508],[105.3064,-2.135],[105.1359,-1.9655],[105.5658,-1.5319],[105.8128,-1.7927],[105.6956,-1.5319],[105.9137,-1.4942],[106.1795,-1.8883],[106.3189,-2.4313],[106.7691,-2.5603]]],[[[128.1452,-1.594],[128.0515,-1.7145],[127.3787,-1.6323],[127.4284,-1.4151],[127.6343,-1.3287],[128.1452,-1.594]]],[[[123.5031,-1.2644],[123.5286,-1.433],[123.4084,-1.5165],[123.2886,-1.4216],[123.2433,-1.6324],[123.1107,-1.5769],[123.1524,-1.3006],[122.8958,-1.5895],[122.812,-1.4436],[122.9138,-1.1764],[123.1895,-1.1453],[123.2319,-1.3947],[123.3522,-1.2292],[123.5031,-1.2644]]],[[[134.9982,-1.0187],[134.9258,-1.1355],[134.8001,-1.0278],[134.8778,-0.9361],[134.928,-1.072],[134.9982,-1.0187]]],[[[131.0574,-1.0007],[130.9619,-1.3538],[130.7581,-1.2382],[130.6498,-0.9738],[130.8919,-0.8899],[131.0574,-1.0007]]],[[[130.9172,-0.7784],[130.4002,-0.9293],[130.4785,-0.7999],[130.9172,-0.7784]]],[[[136.3757,-1.0937],[136.1607,-1.2209],[135.885,-1.183],[135.7654,-0.8393],[135.4587,-0.7927],[135.3704,-0.6359],[135.8693,-0.7038],[136.1963,-1.0666],[136.3757,-1.0937]]],[[[127.2962,-0.7437],[127.1555,-0.7724],[127.2009,-0.6228],[127.2962,-0.7437]]],[[[121.8539,-0.4011],[121.8948,-0.5079],[121.6423,-0.5456],[121.8539,-0.4011]]],[[[104.5485,-0.398],[104.5112,-0.6139],[104.3563,-0.6617],[104.284,-0.4011],[104.5485,-0.398]]],[[[127.8889,-0.7647],[127.7549,-0.8876],[127.6257,-0.7524],[127.4577,-0.8156],[127.3167,-0.3396],[127.4463,-0.4153],[127.5786,-0.325],[127.6527,-0.7072],[127.8889,-0.7647]]],[[[127.2346,-0.4904],[127.1086,-0.5011],[127.1748,-0.2555],[127.2971,-0.2819],[127.2346,-0.4904]]],[[[103.7127,-0.2697],[103.7565,-0.3464],[103.4617,-0.3669],[103.5579,-0.2234],[103.7127,-0.2697]]],[[[131.2976,-0.2372],[131.2529,-0.3844],[130.979,-0.36],[130.6253,-0.085],[130.9483,-0.3669],[130.756,-0.446],[130.6882,-0.2912],[130.5474,-0.4361],[130.5237,-0.2576],[130.2171,-0.2009],[130.8247,-0.0038],[131.2976,-0.2372]]],[[[104.929,-0.2372],[104.9352,-0.3321],[104.4356,-0.1922],[104.5646,0.0303],[104.929,-0.2372]]],[[[104.2261,0.8801],[104.1764,0.7985],[104.0991,0.9489],[104.2261,0.8801]]],[[[97.9285,0.9961],[97.8743,0.622],[97.7041,0.5727],[97.0636,1.4152],[97.4168,1.5192],[97.9285,0.9961]]],[[[127.666,-0.2092],[127.7156,0.3126],[127.5269,0.5606],[127.6245,0.8322],[127.4041,1.0428],[127.3986,1.2091],[127.6297,1.8354],[128.0474,2.2038],[127.8464,1.8515],[128.0149,1.7192],[128.0149,1.3052],[127.6276,0.9374],[127.8517,0.8118],[127.9939,1.083],[128.1795,1.1544],[128.0921,1.2573],[128.2046,1.39],[128.7195,1.5706],[128.7012,1.0709],[128.2136,0.7739],[128.6808,0.5545],[128.6901,0.347],[128.8996,0.2078],[128.4611,0.3948],[127.9105,0.4377],[127.9807,-0.2638],[128.4407,-0.9088],[128.0322,-0.6993],[127.666,-0.2092]]],[[[128.6864,2.484],[128.5667,2.1099],[128.2691,1.9953],[128.1971,2.2662],[128.3211,2.4586],[128.5664,2.6336],[128.6864,2.484]]],[[[125.6525,3.4696],[125.5073,3.4633],[125.4421,3.7366],[125.6525,3.4696]]],[[[126.8707,4.3314],[126.7984,4.0176],[126.6764,4.0045],[126.8032,4.223],[126.7107,4.2641],[126.7337,4.5359],[126.875,4.4943],[126.8707,4.3314]]],[[[114.3693,-7.0896],[114.3783,-7.1782],[114.2698,-7.0808],[114.3693,-7.0896]]],[[[123.6006,-1.6033],[123.4935,-1.7096],[123.5233,-1.4827],[123.6006,-1.6033]]]]}},{"type":"Feature","properties":{"name":"Malaysia"},"geometry":{"type":"MultiPolygon","coordinates":[[[[117.7036,4.1634],[117.7017,4.2675],[117.907,4.1567],[117.7036,4.1634]]],[[[102.0731,6.2575],[102.3381,6.177],[102.5208,5.8717],[103.0276,5.4855],[103.448,4.8065],[103.4964,4.3062],[103.3387,3.7582],[103.4822,3.5118],[103.4412,2.9221],[103.949,2.3399],[104.2774,1.3673],[104.1062,1.3752],[104.1476,1.5454],[104.0534,1.5063],[103.966,1.6479],[104.0098,1.4486],[103.6976,1.4506],[103.5164,1.2705],[103.3674,1.5384],[101.8652,2.3945],[101.7744,2.5866],[101.2864,2.8497],[101.3728,3.0023],[101.2976,3.2746],[100.7095,3.883],[100.8714,4.0189],[100.5654,4.3192],[100.6662,4.6699],[100.3645,5.0843],[100.3757,5.8109],[100.1375,6.3805],[100.1668,6.6951],[100.3874,6.5221],[100.73,6.4932],[100.833,6.2367],[101.0817,6.2465],[100.9653,5.7924],[101.1222,5.6299],[101.5579,5.9113],[101.8005,5.7399],[102.0731,6.2575]]],[[[115.1462,4.9085],[115.3584,4.9028],[115.557,5.0672],[115.6052,5.2121],[115.3652,5.3074],[115.3926,5.4133],[115.6048,5.6358],[115.6048,5.5197],[115.8486,5.56],[116.106,6.1265],[116.5032,6.4952],[116.7774,7.0268],[116.7839,6.5916],[117.1502,7.0031],[117.2959,6.6363],[117.7271,6.4512],[117.723,6.2546],[117.6004,6.1978],[117.669,5.9726],[117.4688,5.8686],[118.0169,6.061],[118.1252,5.8639],[117.9212,5.809],[117.9603,5.6872],[118.3652,5.8138],[118.594,5.6821],[118.5654,5.5259],[118.6511,5.6364],[118.9483,5.3886],[119.2048,5.4433],[119.2671,5.2011],[118.7025,4.9466],[118.3762,5.0411],[118.217,4.9658],[118.1349,4.8596],[118.6458,4.4368],[118.0046,4.2316],[117.6712,4.426],[117.5671,4.1597],[117.2027,4.3561],[116.5222,4.3968],[116.4113,4.2887],[116.1258,4.3789],[116.0206,4.2709],[115.8441,4.3892],[115.5388,3.9206],[115.6012,3.4302],[115.4641,3.0308],[115.2421,3.0416],[115.0691,2.8326],[115.0565,2.6086],[115.2061,2.5099],[114.7788,2.2472],[114.832,1.9025],[114.6795,1.8407],[114.5456,1.435],[113.9097,1.4425],[113.6248,1.2276],[112.9582,1.4157],[112.9732,1.5699],[112.4705,1.5677],[112.1616,1.4345],[112.0929,1.1431],[111.8231,1.0085],[111.5032,0.9584],[111.1976,1.0752],[110.5539,0.8514],[109.658,1.5972],[109.5284,1.89],[109.6453,2.0832],[109.693,1.8731],[109.9277,1.6923],[110.2908,1.674],[110.3294,1.8026],[110.7267,1.5474],[110.6779,1.4486],[110.7933,1.5724],[111.3836,1.3537],[111.0056,1.5845],[111.0955,1.688],[111.2674,1.6273],[111.096,1.7745],[111.2059,2.069],[111.3779,2.1618],[111.1847,2.1451],[111.221,2.4161],[111.4934,2.3461],[111.4579,2.7056],[113.0078,3.1617],[113.9468,4.2738],[113.9758,4.5947],[114.2456,4.4814],[114.2827,4.2649],[114.6278,4.0167],[114.8456,4.3951],[114.742,4.7295],[115.0158,4.9164],[115.0918,4.4054],[115.3463,4.3138],[115.1462,4.9085]]],[[[111.4114,2.3911],[111.3127,2.4313],[111.3154,2.7845],[111.4114,2.3911]]],[[[104.2227,2.7856],[104.1306,2.7458],[104.1707,2.8911],[104.2227,2.7856]]],[[[100.3098,5.4508],[100.2887,5.2627],[100.1843,5.2685],[100.1795,5.4582],[100.3098,5.4508]]],[[[99.9006,6.3643],[99.7287,6.2615],[99.6452,6.4358],[99.842,6.4696],[99.9006,6.3643]]],[[[117.4688,6.7667],[117.5066,6.6735],[117.3469,6.655],[117.4688,6.7667]]],[[[117.1712,7.3427],[117.2819,7.3323],[117.2624,7.202],[117.0715,7.1025],[117.1712,7.3427]]]]}},{"type":"Feature","properties":{"name":"Chile"},"geometry":{"type":"MultiPolygon","coordinates":[[[[-69.5101,-17.5066],[-69.3024,-17.9762],[-69.0817,-18.04],[-69.1554,-18.1402],[-68.9896,-18.9465],[-68.4476,-19.4346],[-68.7032,-19.7155],[-68.5416,-19.9204],[-68.5883,-20.0556],[-68.7926,-20.1066],[-68.6785,-20.3286],[-68.7654,-20.4212],[-68.481,-20.6247],[-68.5551,-20.9139],[-68.2075,-21.2843],[-67.8592,-22.5473],[-67.8871,-22.8187],[-67.1939,-22.8222],[-67.014,-23.0007],[-67.3624,-24.0304],[-68.2445,-24.3854],[-68.5724,-24.7699],[-68.3666,-25.1234],[-68.516,-25.1836],[-68.606,-25.437],[-68.409,-26.1442],[-68.5953,-26.4573],[-68.3054,-26.898],[-68.3305,-27.045],[-68.8143,-27.1203],[-69.1902,-27.9514],[-69.653,-28.3979],[-69.8039,-29.0987],[-70.0407,-29.2975],[-69.9156,-29.8056],[-69.9804,-30.0725],[-69.8358,-30.1619],[-69.9646,-30.3748],[-70.1734,-30.3647],[-70.3392,-30.9382],[-70.2666,-31.0365],[-70.5414,-31.1882],[-70.5898,-31.5677],[-70.4641,-31.8383],[-70.2445,-31.9422],[-70.3891,-32.0531],[-70.1557,-32.7384],[-70.0002,-32.8766],[-70.1095,-33.1696],[-69.7877,-33.3794],[-69.9143,-33.7719],[-69.8289,-34.2333],[-70.0576,-34.2912],[-70.3163,-34.7456],[-70.3866,-35.1667],[-70.5789,-35.2597],[-70.4284,-35.3571],[-70.3869,-36.0587],[-70.7105,-36.2658],[-70.7186,-36.4146],[-71.0433,-36.4843],[-71.1952,-36.8391],[-71.0891,-37.1034],[-71.2056,-37.2927],[-71.185,-37.7061],[-70.8376,-38.5845],[-70.945,-38.7472],[-71.3999,-38.9105],[-71.5035,-39.6017],[-71.7144,-39.6014],[-71.6166,-39.9099],[-71.8238,-40.2101],[-71.674,-40.3241],[-71.9556,-40.7204],[-71.8514,-40.9383],[-71.9259,-41.653],[-71.7363,-42.0839],[-72.0399,-42.1447],[-72.1484,-42.5926],[-72.1293,-43.0422],[-71.743,-43.1901],[-71.9551,-43.4435],[-71.7143,-43.6022],[-71.8192,-43.7581],[-71.6599,-43.9263],[-71.8587,-44.1078],[-71.8606,-44.3771],[-71.2098,-44.4276],[-71.1224,-44.5494],[-71.2978,-44.7956],[-72.0887,-44.7828],[-72.0735,-44.9022],[-71.5887,-44.9781],[-71.3172,-45.2672],[-71.4891,-45.4985],[-71.7651,-45.5724],[-71.7585,-45.8482],[-71.6123,-45.9705],[-71.9147,-46.1523],[-71.7633,-46.2445],[-71.6872,-46.6901],[-71.9501,-46.814],[-72.0052,-47.0619],[-71.8807,-47.2219],[-72.0303,-47.1975],[-72.1706,-47.4075],[-72.3612,-47.451],[-72.5439,-47.9148],[-72.343,-48.0705],[-72.2951,-48.3333],[-72.6147,-48.51],[-72.5923,-48.7911],[-73.0097,-48.9904],[-73.145,-49.3037],[-73.4711,-49.3172],[-73.5866,-49.53],[-73.463,-49.7871],[-73.5415,-50.1137],[-73.3014,-50.2996],[-73.1777,-50.7495],[-72.7558,-50.6164],[-72.3028,-50.6489],[-72.2659,-50.9607],[-72.4046,-51.1058],[-72.2588,-51.2452],[-72.4501,-51.5527],[-71.9817,-51.8449],[-71.9652,-51.9706],[-69.9528,-52.0074],[-68.4482,-52.3104],[-69.2347,-52.2031],[-69.4709,-52.2727],[-69.6724,-52.5309],[-70.8638,-52.7214],[-70.7388,-52.7839],[-70.8892,-52.9136],[-70.8092,-52.9616],[-70.9927,-53.383],[-70.9736,-53.756],[-71.285,-53.886],[-72.1039,-53.6891],[-72.4533,-53.4073],[-72.2823,-53.2428],[-72.0804,-53.329],[-72.2417,-53.4345],[-72.0925,-53.4226],[-72.0217,-53.2473],[-71.8556,-53.2254],[-71.7892,-53.4413],[-72.008,-53.5543],[-71.8142,-53.5207],[-71.7424,-53.2234],[-71.1188,-52.9196],[-71.3988,-52.7282],[-71.3986,-52.8317],[-72.022,-53.1254],[-72.5631,-53.0789],[-72.1914,-53.1806],[-72.5382,-53.1974],[-72.4123,-53.2564],[-72.6451,-53.3178],[-72.3646,-53.5369],[-73.303,-53.1534],[-72.7196,-53.2926],[-72.796,-53.1733],[-72.6526,-53.1534],[-72.9337,-53.1048],[-72.9604,-52.825],[-72.7035,-52.7077],[-72.6113,-52.7741],[-72.7148,-52.8694],[-72.4313,-52.8566],[-72.1609,-52.6521],[-71.4781,-52.6461],[-71.5716,-52.5613],[-72.3099,-52.5165],[-72.4193,-52.653],[-72.5491,-52.5916],[-72.3896,-52.5076],[-72.858,-52.5022],[-72.9884,-52.7043],[-72.8192,-52.5865],[-72.6739,-52.6525],[-73.0156,-52.8417],[-72.9796,-53.0548],[-73.1767,-53.0152],[-73.1985,-53.1049],[-73.456,-52.9865],[-73.2139,-52.8878],[-73.5637,-52.7971],[-73.2331,-52.7906],[-73.3066,-52.7154],[-73.004,-52.5583],[-73.0916,-52.4938],[-72.9058,-52.496],[-73.195,-52.4299],[-73.2689,-52.6736],[-73.3936,-52.5441],[-73.6995,-52.7145],[-73.4949,-52.4755],[-73.6662,-52.424],[-73.5806,-52.2084],[-73.735,-52.03],[-73.303,-52.2218],[-72.9978,-52.0649],[-73.0793,-52.2371],[-72.8664,-52.2568],[-72.7549,-52.0568],[-72.8837,-52.1983],[-72.9474,-52.0497],[-72.8028,-51.9374],[-72.5359,-52.2218],[-72.9305,-52.4482],[-72.5222,-52.4483],[-72.6376,-52.3976],[-72.4669,-52.2043],[-72.6697,-51.961],[-72.469,-51.9293],[-72.4669,-51.7897],[-73.0771,-51.4197],[-73.2604,-51.4711],[-72.5495,-51.7413],[-72.7241,-51.8381],[-73.28,-51.6062],[-72.9945,-51.7897],[-73.106,-51.7449],[-73.0498,-51.8313],[-73.2074,-51.8791],[-72.9194,-51.8586],[-73.2237,-52.0915],[-73.3862,-51.6525],[-73.3162,-52.1661],[-73.5635,-52.04],[-73.6456,-51.8487],[-73.3998,-52.0157],[-73.5892,-51.7496],[-73.4607,-51.6867],[-73.6995,-51.7853],[-73.812,-51.6886],[-73.7146,-51.6388],[-73.8995,-51.6252],[-73.8804,-51.3679],[-73.6045,-51.6114],[-73.5979,-51.4328],[-73.7828,-51.2348],[-73.6827,-51.276],[-73.6941,-51.1393],[-74.1295,-51.1877],[-74.0714,-50.9537],[-74.2322,-51.0356],[-74.2564,-50.9394],[-73.9268,-50.8644],[-73.8033,-50.9605],[-73.8797,-50.8342],[-73.7419,-50.8205],[-73.7729,-50.6707],[-73.4744,-50.6725],[-73.7251,-50.5595],[-73.5637,-50.405],[-73.7594,-50.5157],[-73.8226,-50.7579],[-74.0427,-50.822],[-74.2974,-50.4806],[-74.1261,-50.5905],[-74.1498,-50.4831],[-73.8797,-50.5427],[-74.1289,-50.4229],[-74.0162,-50.3639],[-74.2526,-50.4405],[-74.2827,-50.2649],[-74.4393,-50.3571],[-74.6947,-50.183],[-74.3476,-50.0861],[-74.1944,-50.2597],[-73.8579,-50.2895],[-74.1937,-50.1865],[-74.3649,-49.9511],[-73.8859,-50.0766],[-74.0077,-49.9914],[-73.9064,-49.8569],[-74.0873,-49.9599],[-74.3483,-49.7921],[-74.0714,-49.7415],[-74.3268,-49.6772],[-74.0785,-49.5369],[-73.712,-49.7656],[-74.1235,-49.4226],[-74.0745,-49.2617],[-73.8449,-49.3498],[-74.0435,-49.0829],[-73.8218,-49.0423],[-74.0575,-49.0125],[-74.2411,-49.5279],[-74.4228,-49.3847],[-74.4687,-49.0317],[-74.3719,-48.7192],[-74.0572,-48.7403],[-74.3062,-48.7277],[-74.3922,-48.5991],[-74.1971,-48.4733],[-73.9935,-48.5973],[-74.0286,-48.448],[-73.8927,-48.4113],[-74.2701,-48.3356],[-74.4687,-48.0278],[-74.6326,-48.0349],[-74.4154,-47.9837],[-74.2056,-48.2311],[-74.31,-47.9904],[-73.7698,-48.0278],[-73.8042,-48.1081],[-73.5563,-48.2468],[-73.3514,-48.2195],[-73.2818,-48.0793],[-73.4818,-48.1233],[-73.6531,-47.898],[-73.2279,-48.0041],[-73.619,-47.8639],[-73.5501,-47.808],[-73.7319,-47.7431],[-73.7214,-47.5274],[-73.7729,-47.7795],[-73.9237,-47.8427],[-74.7356,-47.7187],[-74.5676,-47.6809],[-74.5567,-47.5501],[-74.3446,-47.6367],[-74.4818,-47.6988],[-74.2051,-47.7566],[-74.3036,-47.6783],[-74.1329,-47.664],[-74.2539,-47.6313],[-74.0435,-47.6095],[-74.3141,-47.5958],[-74.5286,-47.4317],[-74.3247,-47.2189],[-74.1776,-47.2053],[-74.1124,-47.3355],[-74.1154,-47.193],[-73.9735,-47.255],[-74.0572,-47.1569],[-73.9413,-47.0279],[-74.1532,-46.9672],[-74.1261,-46.8285],[-74.5916,-46.7255],[-74.4838,-46.7841],[-74.6735,-46.8491],[-74.4792,-46.9023],[-75.0065,-46.7535],[-75.0834,-46.6409],[-74.9342,-46.4376],[-75.661,-46.7672],[-75.4225,-46.714],[-75.4106,-46.9316],[-75.6502,-46.8732],[-75.7083,-46.6547],[-75.1963,-46.2983],[-75.0298,-46.342],[-75.1387,-46.3141],[-75.0907,-46.2161],[-74.7772,-46.2122],[-74.6656,-45.8233],[-74.4534,-46.0164],[-74.4618,-45.815],[-74.3596,-45.7903],[-74.1031,-45.8368],[-74.1671,-46.1364],[-74.0614,-45.9809],[-73.9706,-46.0842],[-74.3132,-46.2499],[-74.4899,-46.1894],[-74.0497,-46.1911],[-74.0777,-46.322],[-73.8449,-46.342],[-74.0193,-46.2044],[-73.8818,-46.1418],[-73.7731,-46.3209],[-73.9892,-46.5597],[-73.7419,-46.5338],[-73.3446,-46.0265],[-73.6879,-46.322],[-73.6606,-45.9757],[-73.4021,-45.7019],[-73.1858,-45.6625],[-73.3273,-45.6191],[-73.5917,-45.7802],[-73.5109,-45.4518],[-73.2264,-45.3009],[-72.8306,-45.4181],[-73.4481,-45.2795],[-73.3044,-45.1448],[-73.3978,-44.9882],[-72.7277,-44.7586],[-72.598,-44.5053],[-72.5911,-44.3408],[-72.7219,-44.5014],[-73.1835,-44.2481],[-73.1281,-44.1458],[-73.29,-44.1524],[-73.1161,-44.0857],[-73.0127,-43.7721],[-72.8246,-43.8079],[-72.8472,-43.6795],[-73.0552,-43.7156],[-72.9058,-43.6077],[-73.1113,-43.461],[-73.0846,-43.3163],[-72.9122,-43.2354],[-72.8649,-43.0187],[-72.7345,-43.0797],[-72.8403,-42.5248],[-72.5394,-42.5583],[-72.8437,-42.2783],[-72.5946,-42.1821],[-72.4198,-42.4396],[-72.4643,-41.9762],[-72.8886,-41.9108],[-72.3031,-41.6482],[-72.3031,-41.3808],[-72.4262,-41.664],[-72.6094,-41.7067],[-72.9573,-41.4836],[-73.1417,-41.7548],[-73.515,-41.8036],[-73.7599,-41.7488],[-73.4949,-41.5104],[-73.7982,-41.5657],[-73.9406,-41.05],[-73.7285,-40.5442],[-73.7112,-39.9687],[-73.4584,-39.8338],[-73.3788,-39.9005],[-73.4061,-39.6949],[-73.2245,-39.4173],[-73.2098,-39.1938],[-73.5433,-38.4207],[-73.463,-38.0512],[-73.6666,-37.7255],[-73.6804,-37.3478],[-73.6076,-37.1555],[-73.4607,-37.242],[-73.2091,-37.1603],[-73.2074,-36.7753],[-73.1186,-36.5971],[-72.9819,-36.6904],[-72.8002,-35.9781],[-72.5836,-35.7706],[-72.6466,-35.5666],[-72.2306,-35.1161],[-72.0185,-34.1408],[-71.6247,-33.5414],[-71.7619,-33.102],[-71.5682,-33.0019],[-71.4079,-32.3863],[-71.5421,-32.2052],[-71.7134,-30.6149],[-71.6378,-30.2415],[-71.3988,-30.1767],[-71.4125,-29.9918],[-71.2826,-29.8801],[-71.3088,-29.4089],[-71.4869,-29.2118],[-71.522,-28.9401],[-71.1886,-28.4054],[-71.0387,-27.6664],[-70.9124,-27.6218],[-70.96,-27.1614],[-70.7886,-26.9963],[-70.63,-26.341],[-70.74,-25.8293],[-70.6469,-25.5217],[-70.4448,-25.3449],[-70.5828,-24.5248],[-70.3907,-23.5769],[-70.6316,-23.517],[-70.6001,-23.2442],[-70.5622,-23.0598],[-70.4254,-23.0885],[-70.2916,-22.902],[-70.0587,-21.4334],[-70.2138,-20.8116],[-70.1369,-19.8491],[-70.3947,-18.3377],[-69.9703,-18.2506],[-69.7831,-17.9816],[-69.8498,-17.6916],[-69.5101,-17.5066]]],[[[-68.642,-54.7992],[-68.6658,-54.8864],[-68.9657,-54.7844],[-68.7379,-54.8961],[-69.067,-54.9488],[-69.6483,-54.8225],[-69.6271,-54.6921],[-69.9116,-54.8186],[-69.9696,-54.6769],[-69.9933,-54.8351],[-70.3094,-54.8386],[-70.2445,-54.6891],[-70.3653,-54.8352],[-70.7588,-54.8406],[-70.8274,-54.7774],[-70.491,-54.6139],[-71.0276,-54.777],[-70.9516,-54.6164],[-71.2897,-54.6764],[-71.2336,-54.5313],[-71.4879,-54.6874],[-71.5978,-54.581],[-71.9443,-54.6546],[-71.8898,-54.5681],[-72.0077,-54.5053],[-71.6719,-54.5717],[-71.8507,-54.4146],[-71.5632,-54.5108],[-71.6141,-54.4109],[-71.3646,-54.373],[-71.0902,-54.5108],[-71.1449,-54.4352],[-70.9724,-54.469],[-70.9525,-54.3388],[-70.8006,-54.3159],[-70.6105,-54.3388],[-70.7644,-54.5995],[-70.634,-54.6003],[-70.6969,-54.4948],[-70.5852,-54.3906],[-70.1307,-54.545],[-70.5777,-54.2748],[-70.8433,-54.2631],[-70.9327,-54.1135],[-70.1369,-54.4277],[-70.0748,-54.3698],[-70.199,-54.3206],[-70.0345,-54.2569],[-69.7754,-54.5549],[-69.8591,-54.2804],[-69.536,-54.4421],[-69.5005,-54.3422],[-69.2279,-54.4638],[-69.3772,-54.6816],[-69.1575,-54.4531],[-68.9949,-54.4684],[-70.014,-54.1135],[-70.1782,-53.8334],[-69.3608,-53.5217],[-69.3527,-53.3557],[-70.2027,-53.4687],[-70.4735,-53.3093],[-70.419,-53.0117],[-70.2435,-53.0617],[-70.0892,-52.9111],[-70.3009,-52.9149],[-70.2827,-52.7984],[-70.4161,-52.7581],[-69.9114,-52.8479],[-69.4176,-52.4515],[-69.1402,-52.6838],[-68.779,-52.5483],[-68.6276,-52.6396],[-68.642,-54.7992]]],[[[-109.2316,-27.0925],[-109.4513,-27.1955],[-109.3796,-27.0595],[-109.2316,-27.0925]]],[[[-67.5016,-55.8211],[-67.6218,-55.9185],[-67.9139,-55.8366],[-67.5016,-55.8211]]],[[[-67.3761,-55.7509],[-67.5815,-55.7094],[-67.3487,-55.5756],[-67.2526,-55.7639],[-67.3761,-55.7509]]],[[[-67.6431,-55.4973],[-67.5878,-55.5859],[-67.7386,-55.6169],[-67.6431,-55.4973]]],[[[-69.7145,-55.345],[-69.6373,-55.3884],[-69.8017,-55.4078],[-69.7145,-55.345]]],[[[-66.869,-55.0241],[-66.8069,-55.1129],[-67.0709,-55.0095],[-66.869,-55.0241]]],[[[-67.9993,-55.6275],[-68.0983,-55.7121],[-68.2898,-55.6101],[-68.2525,-55.5245],[-68.6168,-55.4078],[-68.8653,-55.5053],[-68.9657,-55.4078],[-68.7602,-55.3326],[-68.9713,-55.3771],[-68.8011,-55.1887],[-68.9867,-55.2652],[-69.1227,-55.1476],[-69.1341,-55.2477],[-69.24,-55.1271],[-69.4386,-55.1619],[-69.2878,-55.1681],[-69.4591,-55.3059],[-69.2804,-55.3189],[-69.1616,-55.5143],[-69.7881,-55.3059],[-69.5001,-55.175],[-69.8481,-55.2579],[-70.0311,-55.1476],[-68.4412,-54.9397],[-68.3348,-55.0624],[-68.6161,-55.1523],[-69.057,-55.0608],[-68.2092,-55.2629],[-68.746,-55.2712],[-68.1465,-55.4044],[-67.9993,-55.6275]]],[[[-67.8832,-55.2438],[-68.1351,-55.2188],[-68.1864,-54.9782],[-68.3453,-54.9211],[-67.3018,-54.9289],[-67.0534,-55.0937],[-67.2706,-55.3069],[-67.5029,-55.1721],[-67.8832,-55.2438]]],[[[-70.2952,-55.0825],[-70.5481,-55.2136],[-70.5901,-55.0505],[-70.7158,-55.1228],[-71.0128,-54.965],[-70.3505,-54.8937],[-70.7298,-55.0134],[-70.2952,-55.0825]]],[[[-69.9042,-54.9968],[-69.9156,-54.8869],[-69.7135,-54.9488],[-69.7283,-54.8645],[-69.1643,-54.9558],[-69.9042,-54.9968]]],[[[-72.3398,-54.3315],[-72.4707,-54.4277],[-72.5417,-54.343],[-72.3398,-54.3315]]],[[[-72.2969,-54.0788],[-72.2063,-54.1477],[-72.3015,-54.2514],[-72.5017,-54.2428],[-72.2969,-54.0788]]],[[[-71.6309,-54.0788],[-71.6122,-53.948],[-71.3964,-54.0628],[-71.338,-53.9763],[-71.2211,-54.1847],[-71.0162,-54.0954],[-70.9901,-54.2658],[-71.2075,-54.3692],[-71.3578,-54.2973],[-71.2132,-54.2291],[-71.411,-54.2333],[-71.4166,-54.11],[-71.5421,-54.27],[-71.5496,-54.1818],[-71.6515,-54.232],[-71.6309,-54.0788]]],[[[-72.0151,-54.2023],[-72.2591,-53.9299],[-71.6529,-53.9264],[-71.7922,-53.998],[-71.652,-54.089],[-71.7661,-54.164],[-71.9523,-54.0149],[-71.7445,-54.2311],[-71.8301,-54.3315],[-72.0151,-54.2023]]],[[[-70.455,-53.6116],[-70.3428,-54.0281],[-70.67,-53.9503],[-70.5404,-54.2216],[-70.8227,-54.1135],[-70.8815,-53.8423],[-70.6061,-53.8651],[-70.7129,-53.7014],[-70.455,-53.6116]]],[[[-73.8245,-53.4721],[-73.6879,-53.5232],[-73.8485,-53.5883],[-73.8245,-53.4721]]],[[[-73.3924,-53.414],[-73.4818,-53.5717],[-73.8033,-53.4345],[-73.3924,-53.414]]],[[[-72.5297,-54.0754],[-73.0089,-54.0925],[-72.7624,-54.0305],[-72.8506,-53.9553],[-72.6451,-53.8596],[-72.8017,-53.8175],[-73.056,-53.8128],[-73.0983,-54.0379],[-73.3089,-53.9738],[-73.2454,-53.7158],[-73.5917,-53.756],[-73.4849,-53.7009],[-73.6153,-53.614],[-72.9529,-53.6645],[-73.2587,-53.6352],[-73.4203,-53.4789],[-73.0771,-53.5307],[-73.1752,-53.4208],[-73.0377,-53.3855],[-73.002,-53.4933],[-72.9132,-53.427],[-72.8841,-53.6813],[-72.8585,-53.4527],[-72.6786,-53.6733],[-72.673,-53.5369],[-72.4642,-53.5751],[-72.4533,-53.7424],[-72.1387,-53.7976],[-72.3918,-53.8454],[-72.3299,-54.0346],[-72.5154,-53.9826],[-72.5297,-54.0754]]],[[[-73.4334,-52.8654],[-73.4193,-52.9577],[-73.8108,-52.9138],[-73.4334,-52.8654]]],[[[-73.2074,-53.3178],[-73.5842,-53.3178],[-73.8804,-53.0577],[-74.3183,-53.0973],[-74.7499,-52.7555],[-73.6289,-53.1466],[-73.6233,-53.0598],[-73.5163,-53.2614],[-73.4595,-53.1329],[-73.2074,-53.3178]]],[[[-73.8374,-52.7009],[-73.9547,-52.7077],[-73.8449,-52.5978],[-73.982,-52.653],[-73.8722,-52.5501],[-74.1234,-52.7066],[-74.1844,-52.5868],[-73.944,-52.4828],[-74.0297,-52.4299],[-73.7252,-52.4047],[-73.8374,-52.7009]]],[[[-74.6726,-52.3905],[-74.9116,-52.2028],[-74.5444,-52.2462],[-74.6726,-52.3905]]],[[[-73.7698,-52.3793],[-74.0928,-52.1666],[-73.8153,-52.2411],[-73.7698,-52.3793]]],[[[-74.1225,-52.3977],[-74.2454,-52.3166],[-74.1459,-52.1938],[-74.4169,-52.129],[-74.2974,-52.0846],[-73.951,-52.3071],[-74.1225,-52.3977]]],[[[-74.7499,-52.0431],[-74.8964,-52.1131],[-74.7799,-51.8717],[-74.5985,-51.8375],[-74.7499,-52.0431]]],[[[-74.4346,-51.8449],[-74.5028,-51.7072],[-74.0963,-51.8774],[-74.1947,-51.9503],[-74.4346,-51.8449]]],[[[-73.7897,-51.735],[-73.8388,-51.8126],[-73.9405,-51.6632],[-73.7897,-51.735]]],[[[-74.8898,-52.002],[-74.9642,-52.1176],[-75.0714,-51.9821],[-74.9575,-51.8156],[-74.8319,-51.8375],[-74.8653,-51.6183],[-74.7629,-51.7829],[-74.8898,-52.002]]],[[[-73.9439,-51.7413],[-74.2406,-51.6985],[-74.0821,-51.5382],[-73.9439,-51.7413]]],[[[-74.1971,-51.4267],[-74.2546,-51.2908],[-74.1124,-51.3788],[-74.1971,-51.4267]]],[[[-75.0236,-51.331],[-75.3129,-51.6292],[-75.2198,-51.3054],[-75.0236,-51.331]]],[[[-73.7931,-51.2587],[-73.7937,-51.371],[-73.9206,-51.3036],[-73.7931,-51.2587]]],[[[-74.739,-51.3686],[-75.0242,-51.4562],[-74.7931,-51.2112],[-74.5557,-51.2504],[-74.5942,-51.3995],[-74.6872,-51.2833],[-74.739,-51.3686]]],[[[-74.4203,-51.1113],[-74.4342,-51.2058],[-74.6052,-51.0803],[-74.4203,-51.1113]]],[[[-74.3856,-50.9811],[-74.3983,-51.0868],[-74.4755,-50.9946],[-74.7255,-51.1051],[-74.681,-51.0082],[-74.8319,-51.0764],[-74.9664,-50.9499],[-74.6255,-50.9249],[-74.5581,-50.8171],[-74.6605,-50.7277],[-74.3998,-50.8444],[-74.3856,-50.9811]]],[[[-74.9063,-50.7966],[-74.959,-50.7283],[-74.8045,-50.6663],[-74.6605,-50.8239],[-74.9063,-50.7966]]],[[[-75.126,-50.4943],[-75.3456,-50.5607],[-75.2906,-50.7818],[-75.4618,-50.7625],[-75.4071,-50.6738],[-75.5138,-50.6491],[-75.3594,-50.5905],[-75.4686,-50.4943],[-75.126,-50.4943]]],[[[-74.3104,-50.8342],[-74.5812,-50.6336],[-74.4203,-50.5285],[-74.6735,-50.4738],[-74.3831,-50.456],[-74.239,-50.6762],[-74.4271,-50.6526],[-74.1813,-50.7823],[-74.3104,-50.8342]]],[[[-74.7834,-50.4806],[-74.7367,-50.3718],[-74.5446,-50.3821],[-74.7834,-50.4806]]],[[[-75.0406,-50.2895],[-75.2229,-50.4365],[-75.3232,-50.4003],[-75.1949,-50.3025],[-75.4549,-50.3639],[-75.3905,-50.1623],[-75.1793,-50.2558],[-75.1198,-50.1388],[-75.4004,-50.0392],[-74.9652,-50.0724],[-75.0714,-50.1865],[-74.7997,-50.1254],[-75.0406,-50.2895]]],[[[-75.4481,-49.775],[-75.6174,-49.8642],[-75.5108,-49.7182],[-75.6135,-49.6364],[-75.3942,-49.591],[-75.1807,-49.9054],[-75.3662,-49.7203],[-75.4481,-49.775]]],[[[-74.9032,-49.0768],[-74.9357,-49.2805],[-75.2356,-49.145],[-75.126,-49.0214],[-74.9032,-49.0768]]],[[[-75.558,-49.2473],[-75.661,-49.2057],[-75.3373,-48.9894],[-75.3159,-49.1335],[-75.558,-49.2473]]],[[[-75.2154,-49.0146],[-75.4993,-49.0392],[-75.4686,-48.9526],[-75.6549,-48.9111],[-75.3942,-48.829],[-75.2154,-49.0146]]],[[[-75.1058,-48.9699],[-75.223,-48.9789],[-75.3082,-48.7949],[-75.0914,-48.8707],[-75.1058,-48.9699]]],[[[-75.1983,-49.7712],[-75.2563,-49.4938],[-75.462,-49.3066],[-75.167,-49.5012],[-75.3061,-49.2546],[-75.0924,-49.3703],[-75.1874,-49.2952],[-75.0372,-49.2604],[-75.0924,-49.1996],[-74.8932,-49.364],[-74.8045,-49.1039],[-74.9547,-49.0071],[-74.8236,-48.9504],[-74.969,-48.9866],[-75.0152,-48.8918],[-74.8728,-48.8427],[-75.058,-48.8167],[-74.6966,-48.6799],[-74.6348,-48.8552],[-74.5438,-48.7062],[-74.4458,-49.3023],[-74.6052,-49.7136],[-74.4301,-49.6579],[-74.5364,-49.747],[-74.4346,-49.7887],[-74.4742,-49.9445],[-74.7684,-50.0533],[-74.8563,-49.9913],[-74.6805,-49.9284],[-74.9137,-49.9259],[-74.7287,-49.8432],[-74.8826,-49.797],[-74.892,-49.6144],[-74.7083,-49.6384],[-74.887,-49.5346],[-74.6462,-49.3498],[-74.9877,-49.4793],[-75.0099,-49.8985],[-75.1983,-49.7712]]],[[[-75.085,-48.6373],[-75.1094,-48.8092],[-75.2461,-48.7848],[-75.085,-48.6373]]],[[[-75.3389,-48.6242],[-75.297,-48.7271],[-75.6479,-48.7789],[-75.3389,-48.6242]]],[[[-75.3284,-48.5522],[-75.5417,-48.7009],[-75.4407,-48.6105],[-75.6754,-48.5832],[-75.6064,-48.4392],[-75.3444,-48.4274],[-75.3284,-48.5522]]],[[[-74.4954,-48.3499],[-74.3141,-48.2809],[-74.2233,-48.4449],[-74.4954,-48.3499]]],[[[-74.4991,-48.5832],[-74.6073,-48.6939],[-75.0331,-48.5045],[-74.8459,-48.3902],[-74.7172,-48.4535],[-74.8136,-48.3425],[-74.7377,-48.1257],[-74.4991,-48.5832]]],[[[-74.5438,-48.322],[-74.5582,-48.1223],[-74.3726,-48.2532],[-74.5438,-48.322]]],[[[-75.1608,-48.2984],[-75.2563,-48.0686],[-74.8045,-48.1745],[-74.8413,-48.3593],[-75.0311,-48.4438],[-75.1608,-48.2984]]],[[[-75.1499,-48.6584],[-75.2828,-48.6305],[-75.3179,-48.3489],[-75.5542,-48.3971],[-75.3458,-48.3014],[-75.5438,-48.322],[-75.4339,-48.199],[-75.5401,-48.2263],[-75.5511,-48.0558],[-75.3389,-48.0175],[-75.0834,-48.5077],[-75.1499,-48.6584]]],[[[-75.2706,-48.0278],[-75.1678,-47.8936],[-74.7883,-47.8123],[-74.8349,-48.0079],[-74.7274,-48.1059],[-75.2706,-48.0278]]],[[[-74.4137,-47.9382],[-74.2899,-47.8074],[-73.8089,-47.8874],[-74.4137,-47.9382]]],[[[-75.1824,-47.8315],[-75.3559,-47.7361],[-75.0916,-47.6805],[-75.0237,-47.8033],[-75.1824,-47.8315]]],[[[-74.4687,-47.075],[-74.3158,-47.0781],[-74.4547,-47.1677],[-74.4687,-47.075]]],[[[-74.0746,-47.0203],[-73.9753,-47.0476],[-74.0674,-47.1375],[-74.2265,-47.122],[-74.0746,-47.0203]]],[[[-73.7251,-46.0505],[-73.7755,-46.1995],[-73.9405,-46.0681],[-73.7251,-46.0505]]],[[[-73.7077,-45.9236],[-73.6832,-46.0177],[-73.8195,-45.9987],[-73.7077,-45.9236]]],[[[-74.7529,-45.8075],[-74.7808,-46.0115],[-75.0743,-46.0938],[-74.8591,-45.9987],[-75.0788,-45.985],[-75.1083,-45.8742],[-74.8835,-45.9294],[-74.9705,-45.8629],[-74.7529,-45.8075]]],[[[-73.7419,-45.7939],[-73.6941,-45.8888],[-73.9343,-45.9719],[-73.7419,-45.7939]]],[[[-73.9268,-45.7454],[-74.0156,-45.914],[-74.0946,-45.7639],[-73.9268,-45.7454]]],[[[-74.0714,-45.6909],[-74.0504,-45.5446],[-73.9102,-45.591],[-73.9206,-45.6977],[-74.0714,-45.6909]]],[[[-74.5028,-45.7324],[-74.4213,-45.4543],[-74.2735,-45.4953],[-74.2418,-45.676],[-74.5028,-45.7324]]],[[[-73.6662,-45.4369],[-73.5842,-45.5126],[-73.6804,-45.7529],[-73.8183,-45.6425],[-73.6662,-45.4369]]],[[[-73.8859,-45.4711],[-73.8705,-45.5617],[-74.1426,-45.575],[-74.064,-45.4233],[-73.8859,-45.4711]]],[[[-73.8245,-45.2663],[-74.0123,-45.3536],[-74.1671,-45.2526],[-73.8245,-45.2663]]],[[[-74.2735,-45.2079],[-74.3253,-45.3023],[-74.4203,-45.2321],[-74.2735,-45.2079]]],[[[-73.7319,-45.2148],[-73.9896,-45.2458],[-74.2501,-45.1096],[-73.8661,-44.9946],[-73.7319,-45.2148]]],[[[-74.2701,-44.9441],[-74.1637,-44.8647],[-73.9132,-44.9504],[-74.2801,-45.0274],[-74.3636,-44.9972],[-74.2701,-44.9441]]],[[[-75.0915,-44.7961],[-75.0313,-44.904],[-75.1524,-44.9212],[-75.1983,-44.8072],[-75.0915,-44.7961]]],[[[-73.9268,-44.6288],[-73.8759,-44.694],[-74.2587,-44.8045],[-74.4138,-44.686],[-73.9268,-44.6288]]],[[[-73.66,-44.6765],[-73.7525,-44.7414],[-73.8214,-44.5787],[-73.6799,-44.5449],[-73.66,-44.6765]]],[[[-74.393,-44.547],[-74.5411,-44.4538],[-74.2595,-44.4129],[-74.393,-44.547]]],[[[-73.3825,-44.5878],[-73.2412,-44.6393],[-73.2805,-44.5418],[-73.1316,-44.5452],[-73.2462,-44.4372],[-73.0362,-44.4848],[-73.002,-44.3613],[-72.9809,-44.5121],[-72.8723,-44.4371],[-72.7212,-44.528],[-72.9809,-44.6015],[-72.8376,-44.7101],[-73.257,-44.94],[-73.4076,-44.8224],[-73.2074,-44.8001],[-73.3934,-44.7887],[-73.4681,-44.6425],[-73.3825,-44.5878]]],[[[-73.8654,-44.3341],[-73.9753,-44.2896],[-73.8057,-44.2664],[-73.8654,-44.3341]]],[[[-74.1087,-44.2275],[-74.0643,-44.149],[-73.8936,-44.2394],[-74.0179,-44.3277],[-74.1087,-44.2275]]],[[[-73.2279,-44.0119],[-73.2842,-43.9357],[-73.1597,-43.8815],[-73.2279,-44.0119]]],[[[-74.1439,-43.8276],[-73.8651,-43.7626],[-73.7623,-43.8889],[-73.9285,-43.8408],[-73.9957,-43.9367],[-74.1439,-43.8276]]],[[[-74.8182,-43.635],[-74.7379,-43.5302],[-74.5575,-43.6274],[-74.8182,-43.635]]],[[[-74.3346,-43.2817],[-74.4072,-43.2379],[-74.1314,-42.693],[-74.064,-41.8059],[-73.7698,-41.9015],[-73.5649,-41.8049],[-73.3788,-42.2783],[-73.6662,-42.3541],[-73.6115,-42.5117],[-73.8245,-42.5144],[-73.4919,-42.8186],[-73.7077,-42.8674],[-73.5023,-43.128],[-73.7757,-43.1181],[-73.669,-43.3638],[-73.8475,-43.4235],[-74.3346,-43.2817]]],[[[-73.0876,-41.8434],[-73.0669,-41.737],[-73.003,-41.8443],[-73.0876,-41.8434]]],[[[-74.4278,-52.5037],[-74.3493,-52.623],[-74.482,-52.5708],[-74.4278,-52.5037]]],[[[-73.8151,-51.8641],[-73.7183,-51.8489],[-73.7135,-51.996],[-73.9436,-51.8929],[-73.9371,-51.8081],[-73.8151,-51.8641]]],[[[-74.9703,-50.2875],[-74.8893,-50.2949],[-74.9763,-50.4329],[-75.1716,-50.4622],[-74.9703,-50.2875]]],[[[-74.426,-49.6149],[-74.427,-49.4265],[-74.288,-49.5484],[-74.426,-49.6149]]],[[[-74.6499,-47.7977],[-74.5247,-47.8684],[-74.644,-47.9231],[-74.6499,-47.7977]]]]}},{"type":"Feature","properties":{"name":"Bolivia"},"geometry":{"type":"Polygon","coordinates":[[[-69.5101,-17.5066],[-69.6228,-17.1856],[-69.0371,-16.6702],[-69.0279,-16.4541],[-68.8335,-16.329],[-69.1849,-16.195],[-69.43,-15.6263],[-69.1481,-15.2333],[-69.3843,-14.9818],[-69.3705,-14.8015],[-68.8644,-14.1912],[-69.1016,-13.6666],[-68.9707,-13.5014],[-68.981,-12.8679],[-68.6843,-12.5025],[-69.5776,-10.9523],[-68.8047,-10.9947],[-68.7759,-11.1406],[-68.6157,-11.1125],[-68.2933,-10.979],[-68.0438,-10.6669],[-67.7217,-10.7055],[-67.5846,-10.5018],[-66.6426,-9.9079],[-65.7886,-9.733],[-65.584,-9.8372],[-65.4162,-9.6801],[-65.2848,-10.2068],[-65.45,-10.4681],[-65.2996,-10.9697],[-65.3873,-11.2776],[-65.0094,-11.9843],[-64.4894,-12.2395],[-64.4898,-12.3736],[-64.2875,-12.4971],[-63.8014,-12.4549],[-63.3179,-12.702],[-63.075,-12.6527],[-62.7898,-13.0007],[-62.1147,-13.1502],[-61.8364,-13.5406],[-61.0472,-13.4646],[-60.4726,-13.7979],[-60.2698,-15.0834],[-60.5822,-15.0989],[-60.2464,-15.4783],[-60.1607,-16.2648],[-58.3497,-16.2804],[-58.4803,-16.6837],[-58.3991,-17.2374],[-57.8007,-17.5335],[-57.4668,-18.2396],[-57.5667,-18.2561],[-57.7823,-18.9104],[-57.7158,-19.0446],[-58.1246,-19.7299],[-57.8597,-19.9801],[-58.1588,-20.1651],[-58.1753,-19.8214],[-59.0895,-19.2867],[-60.0064,-19.2981],[-61.7532,-19.6459],[-62.2688,-20.5531],[-62.2757,-21.0666],[-62.6504,-22.2345],[-62.8186,-22.0009],[-63.9332,-22.0018],[-64.3253,-22.8719],[-64.5962,-22.2066],[-65.7446,-22.114],[-66.2225,-21.7869],[-66.3076,-22.077],[-66.7359,-22.2251],[-66.7851,-22.4276],[-67.0327,-22.5246],[-67.1939,-22.8222],[-67.7714,-22.8887],[-67.8871,-22.8187],[-67.8592,-22.5473],[-68.2075,-21.2843],[-68.5551,-20.9139],[-68.481,-20.6247],[-68.7654,-20.4212],[-68.6785,-20.3286],[-68.7926,-20.1066],[-68.5883,-20.0556],[-68.5416,-19.9204],[-68.7032,-19.7155],[-68.4476,-19.4346],[-68.9896,-18.9465],[-69.1554,-18.1402],[-69.0817,-18.04],[-69.3024,-17.9762],[-69.5101,-17.5066]]]}},{"type":"Feature","properties":{"name":"Peru"},"geometry":{"type":"MultiPolygon","coordinates":[[[[-69.5101,-17.5066],[-69.8498,-17.6916],[-69.7831,-17.9816],[-69.9703,-18.2506],[-70.3947,-18.3377],[-71.3844,-17.6978],[-71.5145,-17.2846],[-72.1182,-17.0193],[-72.4401,-16.7145],[-73.7007,-16.2446],[-75.0487,-15.4607],[-75.5066,-14.9182],[-75.9307,-14.6493],[-76.2904,-14.1674],[-76.2927,-13.9005],[-76.394,-13.908],[-76.362,-13.8016],[-76.254,-13.8509],[-76.2211,-13.3576],[-76.7909,-12.381],[-77.1749,-12.0719],[-77.2109,-11.6464],[-77.6473,-11.2923],[-77.6705,-10.9275],[-78.1823,-10.1108],[-78.2294,-9.7938],[-78.9857,-8.2174],[-79.4659,-7.7159],[-79.6128,-7.2664],[-80.0045,-6.7409],[-81.1308,-6.0346],[-81.1502,-5.8831],[-81.0752,-5.7868],[-80.9399,-5.8508],[-80.8562,-5.6505],[-81.1985,-5.2081],[-81.0634,-5.022],[-81.3376,-4.6783],[-81.3289,-4.4767],[-80.8076,-3.7394],[-80.2797,-3.4156],[-80.1653,-3.89],[-80.492,-4.0149],[-80.4696,-4.2132],[-80.3453,-4.1985],[-80.4835,-4.434],[-80.1402,-4.2831],[-79.8329,-4.479],[-79.658,-4.4387],[-79.3032,-4.9612],[-79.0639,-5.0114],[-78.6727,-4.551],[-78.3508,-3.3896],[-78.1637,-3.4773],[-78.1964,-3.3637],[-77.8678,-2.9903],[-76.6253,-2.5377],[-75.573,-1.5373],[-75.4126,-0.9239],[-75.2275,-0.9631],[-75.2607,-0.5435],[-75.6376,-0.1115],[-75.3441,-0.1491],[-75.2067,-0.0291],[-74.8247,-0.1705],[-74.7907,-0.3126],[-74.418,-0.5427],[-74.2668,-0.9723],[-73.6366,-1.2552],[-73.4972,-1.478],[-73.531,-1.6737],[-73.193,-1.7887],[-73.1111,-2.0734],[-73.1978,-2.2136],[-72.9354,-2.4253],[-72.6443,-2.3341],[-72.1764,-2.4103],[-71.7461,-2.1323],[-71.4208,-2.376],[-70.9927,-2.1974],[-70.0504,-2.7143],[-70.7341,-3.782],[-70.3111,-3.8293],[-69.9894,-4.3146],[-70.2056,-4.3429],[-70.3306,-4.1432],[-70.6468,-4.1157],[-70.9687,-4.3853],[-71.9072,-4.5184],[-72.6448,-5.0606],[-72.9179,-5.1321],[-72.9769,-5.6517],[-73.2348,-6.0776],[-73.1478,-6.4762],[-73.7594,-6.8874],[-73.7131,-7.3047],[-73.9829,-7.3564],[-74.0185,-7.5435],[-73.7122,-7.7882],[-73.7849,-7.9404],[-73.5408,-8.3591],[-72.9761,-8.9854],[-73.215,-9.409],[-72.3127,-9.5325],[-72.1957,-10.0056],[-71.2997,-9.9934],[-70.525,-9.4309],[-70.6244,-9.5658],[-70.5419,-9.7082],[-70.6384,-9.8518],[-70.6413,-11.0108],[-69.5776,-10.9523],[-68.6843,-12.5025],[-68.981,-12.8679],[-68.9707,-13.5014],[-69.1016,-13.6666],[-68.8644,-14.1912],[-69.3705,-14.8015],[-69.3843,-14.9818],[-69.1481,-15.2333],[-69.43,-15.6263],[-69.1849,-16.195],[-68.8335,-16.329],[-69.0279,-16.4541],[-69.0371,-16.6702],[-69.6228,-17.1856],[-69.5101,-17.5066]]]]}},{"type":"Feature","properties":{"name":"Argentina"},"geometry":{"type":"MultiPolygon","coordinates":[[[[-67.1939,-22.8222],[-67.0327,-22.5246],[-66.7851,-22.4276],[-66.7359,-22.2251],[-66.3076,-22.077],[-66.2225,-21.7869],[-65.7446,-22.114],[-64.5962,-22.2066],[-64.3253,-22.8719],[-63.9476,-22.0076],[-62.8044,-22.0041],[-62.6253,-22.305],[-62.2412,-22.5384],[-61.9564,-23.0344],[-61.1099,-23.607],[-61.0063,-23.8055],[-60.0337,-24.007],[-58.8092,-24.7768],[-57.7541,-25.1809],[-57.5753,-25.5644],[-57.7746,-25.7017],[-57.8727,-26.0103],[-58.1513,-26.1815],[-58.1786,-26.6507],[-58.6533,-27.1563],[-58.6042,-27.3163],[-58.022,-27.2598],[-57.1801,-27.4873],[-56.5464,-27.4551],[-56.3997,-27.5868],[-56.1246,-27.2989],[-55.7547,-27.4437],[-55.414,-26.9799],[-55.1384,-26.9537],[-54.7931,-26.645],[-54.6002,-25.5749],[-54.4473,-25.6892],[-54.1164,-25.4946],[-53.91,-25.6292],[-53.6616,-26.2598],[-53.83,-27.1568],[-54.177,-27.2434],[-54.2869,-27.4284],[-54.805,-27.5264],[-54.9132,-27.7369],[-55.0812,-27.7783],[-55.0296,-27.8507],[-55.7725,-28.232],[-55.6942,-28.4001],[-55.9056,-28.378],[-56.428,-29.0699],[-57.0942,-29.752],[-57.2915,-29.8151],[-57.8898,-30.5508],[-57.7961,-30.8684],[-58.0752,-31.4752],[-57.9796,-31.5988],[-58.0489,-31.7971],[-58.2026,-31.8931],[-58.0965,-32.281],[-58.2201,-32.4895],[-58.1468,-33.05],[-58.4302,-33.1026],[-58.5492,-33.7053],[-58.3786,-34.1882],[-58.5704,-34.2882],[-58.315,-34.6572],[-57.2488,-35.2488],[-57.1281,-35.4413],[-57.3526,-35.7275],[-57.3664,-35.9879],[-56.9392,-36.3849],[-56.7406,-36.3166],[-56.6723,-36.6005],[-56.6864,-36.9277],[-57.4874,-37.8322],[-57.5584,-38.1209],[-58.331,-38.4928],[-59.7969,-38.8385],[-61.5181,-39.0115],[-62.3798,-38.7984],[-62.274,-38.9545],[-62.3256,-39.2547],[-62.0239,-39.3648],[-62.2839,-39.3107],[-62.0558,-39.4519],[-62.1144,-39.8215],[-62.305,-39.8111],[-62.3597,-40.1918],[-62.4901,-40.3079],[-62.2642,-40.5515],[-62.3297,-40.6691],[-62.1815,-40.6266],[-62.3378,-40.8727],[-62.7294,-41.0411],[-63.7794,-41.1588],[-64.9112,-40.8238],[-64.745,-40.7973],[-64.7962,-40.7233],[-65.1317,-40.8424],[-65.005,-42.0932],[-64.4809,-42.2547],[-64.6023,-42.4221],[-64.4451,-42.4467],[-64.1036,-42.4278],[-64.0684,-42.2696],[-64.3397,-42.2374],[-63.7686,-42.0777],[-63.598,-42.3],[-63.6203,-42.7512],[-64.1079,-42.8837],[-64.2513,-42.7751],[-64.2024,-42.6354],[-64.4377,-42.5069],[-64.946,-42.6542],[-64.9971,-42.7848],[-64.3021,-42.9809],[-64.9439,-43.2394],[-65.3308,-43.6633],[-65.1867,-44.0355],[-65.3087,-44.2001],[-65.2169,-44.3664],[-65.7271,-44.8096],[-65.5214,-44.9319],[-65.6906,-45.0627],[-66.2004,-44.9929],[-66.5878,-45.1393],[-66.524,-45.2161],[-66.9293,-45.2565],[-67.5785,-45.9929],[-67.6225,-46.1638],[-67.4232,-46.5674],[-66.7864,-47.0066],[-65.9796,-47.0662],[-65.7449,-47.2042],[-65.8456,-47.7422],[-66.3892,-47.8639],[-65.9018,-47.77],[-65.762,-47.9486],[-65.9274,-47.9414],[-65.9172,-48.1138],[-67.1143,-48.6737],[-67.5565,-49.0158],[-67.8309,-49.3796],[-67.6114,-49.3232],[-67.8949,-49.9969],[-68.3419,-50.1176],[-68.7397,-49.7277],[-68.5773,-49.9276],[-69.0135,-50.0077],[-68.5835,-49.9703],[-68.3499,-50.1488],[-68.8764,-50.3306],[-69.0765,-50.5602],[-69.1368,-50.9035],[-69.4107,-51.0839],[-69.1678,-50.9782],[-68.9626,-51.5602],[-69.6168,-51.6252],[-68.9735,-51.62],[-68.3656,-52.3062],[-68.4347,-52.3907],[-68.4545,-52.2999],[-69.9528,-52.0074],[-71.9652,-51.9706],[-71.9817,-51.8449],[-72.4501,-51.5527],[-72.2588,-51.2452],[-72.4046,-51.1058],[-72.2659,-50.9607],[-72.3028,-50.6489],[-72.7558,-50.6164],[-73.1777,-50.7495],[-73.2843,-50.3331],[-73.5306,-50.1408],[-73.5727,-49.9324],[-73.0597,-49.555],[-73.1713,-49.1893],[-72.6188,-48.8197],[-72.5768,-48.4521],[-72.3023,-48.3475],[-72.343,-48.0705],[-72.5439,-47.9148],[-72.3612,-47.451],[-72.1706,-47.4075],[-72.0303,-47.1975],[-71.8807,-47.2219],[-72.0052,-47.0619],[-71.9501,-46.814],[-71.6872,-46.6901],[-71.7633,-46.2445],[-71.9147,-46.1523],[-71.6123,-45.9705],[-71.7585,-45.8482],[-71.7651,-45.5724],[-71.4891,-45.4985],[-71.3172,-45.2672],[-71.5887,-44.9781],[-72.0735,-44.9022],[-72.0887,-44.7828],[-71.2978,-44.7956],[-71.1224,-44.5494],[-71.2098,-44.4276],[-71.8606,-44.3771],[-71.8587,-44.1078],[-71.6599,-43.9263],[-71.8192,-43.7581],[-71.7143,-43.6022],[-71.9551,-43.4435],[-71.743,-43.1901],[-72.1293,-43.0422],[-72.1484,-42.5926],[-72.0399,-42.1447],[-71.7363,-42.0839],[-71.9259,-41.653],[-71.8514,-40.9383],[-71.9556,-40.7204],[-71.674,-40.3241],[-71.8238,-40.2101],[-71.6166,-39.9099],[-71.7144,-39.6014],[-71.5035,-39.6017],[-71.3999,-38.9105],[-70.945,-38.7472],[-70.8376,-38.5845],[-71.185,-37.7061],[-71.2056,-37.2927],[-71.0891,-37.1034],[-71.1952,-36.8391],[-71.0433,-36.4843],[-70.7186,-36.4146],[-70.7105,-36.2658],[-70.3869,-36.0587],[-70.4284,-35.3571],[-70.5789,-35.2597],[-70.3866,-35.1667],[-70.3163,-34.7456],[-70.0576,-34.2912],[-69.8289,-34.2333],[-69.9143,-33.7719],[-69.7877,-33.3794],[-70.1095,-33.1696],[-70.0002,-32.8766],[-70.1557,-32.7384],[-70.3891,-32.0531],[-70.2445,-31.9422],[-70.4641,-31.8383],[-70.5898,-31.5677],[-70.569,-31.3042],[-70.4798,-31.0967],[-70.2666,-31.0365],[-70.3392,-30.9382],[-70.1734,-30.3647],[-69.9646,-30.3748],[-69.8358,-30.1619],[-69.9804,-30.0725],[-69.9156,-29.8056],[-70.0407,-29.2975],[-69.8039,-29.0987],[-69.653,-28.3979],[-69.1902,-27.9514],[-68.8143,-27.1203],[-68.3305,-27.045],[-68.3054,-26.898],[-68.5953,-26.4573],[-68.409,-26.1442],[-68.606,-25.437],[-68.516,-25.1836],[-68.3666,-25.1234],[-68.5724,-24.7699],[-68.2445,-24.3854],[-67.3398,-24.0006],[-67.014,-23.0007],[-67.1939,-22.8222]]],[[[-68.6419,-54.783],[-68.6276,-52.6396],[-68.2258,-53.1025],[-68.3496,-53.0162],[-68.5508,-53.2385],[-68.1114,-53.3438],[-67.9836,-53.6013],[-67.5715,-53.908],[-66.4822,-54.4658],[-65.8442,-54.6474],[-65.1419,-54.6469],[-65.359,-54.9267],[-65.9662,-54.9021],[-66.4507,-55.052],[-68.6419,-54.783]]],[[[-63.8884,-54.7299],[-64.6244,-54.9037],[-64.7587,-54.8323],[-64.5423,-54.7156],[-63.8884,-54.7299]]],[[[-61.9072,-39.1367],[-61.8885,-39.2407],[-62.098,-39.0878],[-61.9072,-39.1367]]],[[[-62.1553,-40.3742],[-62.0285,-40.4549],[-62.1087,-40.5641],[-62.2373,-40.5099],[-62.1553,-40.3742]]]]}},{"type":"Feature","properties":{"name":"Dhekelia"},"geometry":{"type":"Polygon","coordinates":[[[33.7809,34.9763],[33.6789,35.0558],[33.8894,35.119],[33.799,35.0385],[33.8918,34.9581],[33.7809,34.9763]]]}},{"type":"Feature","properties":{"name":"Cyprus"},"geometry":{"type":"MultiPolygon","coordinates":[[[[33.7029,34.9879],[33.6056,34.8218],[32.9625,34.625],[32.459,34.7219],[32.2717,35.0728],[32.6598,35.1871],[32.826,35.0589],[33.4159,35.1603],[33.4588,34.9778],[33.7029,34.9879]]],[[[33.8981,35.0613],[34.0991,34.9652],[33.8458,34.9597],[33.8981,35.0613]]]]}},{"type":"Feature","properties":{"name":"India"},"geometry":{"type":"MultiPolygon","coordinates":[[[[77.8003,35.4954],[78.0443,35.4916],[78.0012,35.2689],[78.296,34.6247],[78.9512,34.3492],[78.9762,34.2172],[78.7301,34.0793],[78.8009,33.4942],[79.075,33.2957],[79.4561,33.2504],[79.3336,32.9943],[79.6139,32.765],[79.4435,32.5348],[79.3205,32.5923],[78.9434,32.3464],[78.7368,32.6298],[78.3848,32.5475],[78.458,32.2297],[78.7446,31.9642],[78.7451,31.3081],[78.921,31.2697],[79.1314,31.4384],[79.4016,31.0236],[79.8504,30.9545],[80.2246,30.7341],[80.1798,30.5595],[81.0033,30.2127],[80.369,29.7579],[80.2137,29.4169],[80.2582,29.2025],[80.0364,28.837],[81.1697,28.3613],[81.2962,28.1283],[81.8557,27.8509],[82.0272,27.9124],[82.4019,27.6772],[82.6797,27.6944],[82.7521,27.495],[83.2824,27.3309],[83.387,27.4705],[83.8546,27.3451],[83.8341,27.434],[84.1172,27.5133],[84.6065,27.3105],[84.6402,27.0284],[85.2873,26.737],[85.6094,26.851],[85.8285,26.5661],[86.2844,26.612],[86.7136,26.4146],[87.0413,26.5802],[87.1063,26.4047],[87.3005,26.346],[87.8698,26.4646],[87.9755,26.3666],[88.1691,26.744],[87.9692,27.1108],[88.1597,27.7741],[88.0999,27.9283],[88.6105,28.1058],[88.8551,27.8592],[88.7416,27.5317],[88.8923,27.3155],[88.7301,27.151],[89.0965,26.8214],[89.8137,26.6961],[90.3488,26.8967],[90.7171,26.767],[91.4202,26.8715],[91.8787,26.803],[92.0728,26.8878],[91.9879,27.1223],[92.0888,27.2923],[91.9751,27.4724],[91.6045,27.5321],[91.5644,27.8514],[91.9522,27.7248],[92.2396,27.8653],[92.575,27.8478],[92.7364,27.9859],[92.6786,28.1331],[93.2078,28.3405],[93.3172,28.6035],[93.9278,28.6828],[93.992,28.8446],[94.3473,29.0243],[94.2875,29.1479],[94.5999,29.3166],[94.7766,29.1667],[95.3674,29.0365],[95.7448,29.3404],[96.0745,29.3693],[96.3662,29.2572],[96.1746,29.1088],[96.1953,28.9411],[96.4576,28.9946],[96.5926,28.7579],[96.3019,28.4207],[97.1155,28.3666],[97.3235,28.2175],[97.3623,27.9949],[96.8621,27.5993],[97.1192,27.0873],[96.7052,27.3608],[96.1426,27.2575],[95.1228,26.6116],[95.0418,26.2876],[95.1512,26.0499],[95.0006,25.922],[95.0088,25.7371],[94.608,25.3946],[94.5533,25.2041],[94.7086,25.0259],[94.1319,23.857],[93.3097,24.064],[93.4303,23.6803],[93.3749,23.1297],[93.1401,23.0319],[93.0708,22.6929],[93.1737,22.2594],[92.8775,21.957],[92.6838,22.1543],[92.5759,21.9776],[92.2593,23.7065],[91.9227,23.723],[91.9408,23.4952],[91.7437,23.2723],[91.7956,23.0895],[91.5861,22.9445],[91.3943,23.2627],[91.3135,23.101],[91.1363,23.6295],[91.363,24.0998],[91.7329,24.2343],[91.8771,24.158],[91.8998,24.338],[92.1076,24.406],[92.223,24.8914],[92.4838,24.9282],[92.034,25.1817],[90.3646,25.15],[89.819,25.285],[89.8287,25.9794],[89.653,26.2227],[89.5417,25.9597],[89.3353,25.9986],[89.1192,26.1466],[89.0437,26.3811],[88.8912,26.3858],[89.0195,26.2345],[88.6634,26.2644],[88.6563,26.4151],[88.3725,26.6116],[88.3151,26.4651],[88.4976,26.3527],[88.1638,26.1405],[88.0876,25.831],[88.9849,25.285],[88.9242,25.1679],[88.4413,25.1897],[88.3228,24.8747],[88.1149,24.9164],[88.0218,24.6456],[88.4754,24.3155],[88.7375,24.2871],[88.7142,23.9252],[88.5401,23.65],[88.7702,23.4888],[88.6966,23.2524],[88.96,23.2027],[88.8388,22.9758],[89.0782,22.1508],[89.0609,21.9385],[88.905,21.9694],[89.0827,21.6173],[88.8587,21.7668],[88.8587,21.6365],[88.7075,21.5783],[88.763,22.1306],[88.6309,21.9455],[88.6602,22.205],[88.5723,21.5579],[88.488,21.5565],[88.4956,21.9518],[88.4563,21.624],[88.3312,21.7191],[88.3097,21.6102],[88.2616,21.7987],[88.2544,21.5547],[88.198,22.1678],[87.9066,22.4247],[88.1643,22.0898],[87.834,21.7293],[87.2009,21.552],[86.9177,21.3274],[86.844,21.0822],[86.9657,20.806],[86.8788,20.7806],[87.0432,20.698],[86.7515,20.4892],[86.7546,20.3144],[86.4951,20.1841],[86.4263,19.9992],[86.1525,20.1431],[86.3724,19.965],[86.2686,19.9103],[85.4805,19.6663],[85.5703,19.8756],[85.2681,19.78],[85.124,19.4783],[85.2476,19.6565],[85.3914,19.6906],[85.3306,19.5764],[85.5765,19.6906],[84.7388,19.1476],[84.1131,18.2983],[83.4519,17.9229],[83.2389,17.593],[82.3704,17.1101],[82.2527,16.9292],[82.3665,16.9086],[82.3074,16.5798],[81.763,16.3226],[81.2596,16.3327],[81.0125,15.7778],[80.8965,16.0311],[80.8071,15.7164],[80.6702,15.9077],[80.2796,15.7007],[80.053,15.0926],[80.197,14.565],[80.0466,14.2066],[80.1356,14.2292],[80.3137,13.4409],[80.1419,13.7289],[80.053,13.6191],[80.327,13.4304],[80.3328,13.1981],[80.1797,12.5326],[79.7859,11.7692],[79.8193,11.3815],[79.6763,11.2965],[79.833,11.342],[79.8567,10.2933],[79.2861,10.2528],[79.2791,10.0358],[78.9133,9.4743],[79.4536,9.159],[78.9889,9.2783],[78.4121,9.0998],[78.1828,8.8771],[78.0559,8.3637],[77.5109,8.076],[76.9959,8.3681],[76.544,8.9125],[76.6685,9.0074],[76.5281,8.947],[76.363,9.3252],[76.2363,9.9527],[76.3389,9.6994],[76.3592,9.8161],[76.3574,9.5207],[76.5033,9.535],[76.1824,10.1057],[76.2402,10.239],[76.1532,10.2202],[75.7355,11.3715],[75.3246,11.8991],[75.3934,11.9748],[75.1937,12.0223],[74.8276,12.8247],[74.9409,12.8786],[74.8176,12.8618],[74.7356,13.6538],[74.4954,14.0306],[74.4277,14.4763],[74.0964,14.7934],[74.2352,14.8765],[74.1118,14.8462],[73.9131,15.0789],[73.7829,15.4079],[73.9678,15.3738],[73.7368,15.5717],[73.8381,15.6611],[73.7183,15.6271],[73.447,16.0689],[73.2007,17.5865],[72.9269,18.2239],[73.0715,18.273],[72.9126,18.3612],[72.9072,18.5236],[73.015,18.47],[72.8553,18.6811],[72.9269,18.8266],[72.9951,18.731],[72.8968,18.8945],[73.0568,19.0153],[72.9673,19.1631],[72.7704,18.9482],[72.7854,19.3139],[73.0497,19.2177],[72.7634,19.3802],[72.8792,19.5324],[72.7225,19.5363],[72.6492,19.852],[72.9468,20.7595],[72.8096,21.13],[72.615,21.1059],[72.7345,21.1989],[72.5646,21.3858],[73.132,21.7578],[72.5503,21.6667],[72.7345,21.994],[72.5017,21.976],[72.5755,22.1945],[72.9175,22.2714],[72.4662,22.2326],[72.3972,22.3668],[72.1488,22.2779],[72.3065,22.2296],[72.3076,22.079],[72.097,22.007],[72.0287,21.9388],[72.1694,21.8414],[72.058,21.8987],[71.9961,21.7995],[72.2988,21.6263],[72.1047,21.2051],[71.1406,20.7657],[70.7402,20.7185],[70.0544,21.1532],[68.9446,22.2951],[69.0736,22.4819],[69.2121,22.2739],[69.516,22.4481],[69.6161,22.3559],[70.1785,22.562],[70.5029,23.1044],[70.3924,22.9409],[70.1306,22.994],[69.5857,22.7612],[68.8662,23.02],[68.4237,23.4458],[68.4089,23.6213],[68.8216,23.8784],[68.3273,23.5869],[68.1434,23.6127],[68.2759,23.6658],[68.1637,23.7577],[68.2639,23.9359],[68.7245,23.9652],[68.7473,24.3312],[68.8388,24.2365],[68.9042,24.3206],[69.972,24.1652],[70.4164,24.4019],[70.5629,24.4241],[70.5677,24.2728],[70.7555,24.2314],[71.0828,24.4115],[70.9548,24.5845],[71.0639,24.6826],[70.6545,25.3966],[70.6539,25.6745],[70.2492,25.7077],[70.0646,25.9803],[70.1581,26.5301],[69.5042,26.7352],[69.5344,27.1256],[70.3419,28.0115],[70.5349,28.016],[70.8316,27.7015],[71.8744,27.9597],[72.3546,28.7672],[72.9304,29.0477],[73.3703,29.9273],[73.9444,30.1883],[73.8517,30.3727],[74.3192,30.8934],[74.6588,31.0838],[74.5064,31.1754],[74.6172,31.4589],[74.4894,31.7112],[74.5504,31.827],[75.359,32.2617],[75.0237,32.4663],[74.6893,32.4714],[74.6853,32.8312],[74.3462,32.7669],[74.3113,32.9943],[74.0023,33.1777],[74.1578,33.4942],[73.9662,33.7345],[74.2723,33.9621],[73.8937,34.0543],[73.9906,34.2185],[73.7749,34.371],[73.9193,34.6425],[74.3489,34.7734],[75.7958,34.5079],[76.0234,34.6772],[76.6526,34.747],[77.0424,35.107],[77.8003,35.4954]]],[[[93.9203,7.0243],[93.8342,6.7456],[93.6497,7.1196],[93.814,7.2418],[93.9203,7.0243]]],[[[93.4295,7.9553],[93.4544,7.8693],[93.305,7.9499],[93.4295,7.9553]]],[[[92.5851,10.7713],[92.5354,10.5249],[92.3841,10.5293],[92.429,10.8508],[92.5276,10.8955],[92.5851,10.7713]]],[[[92.6765,11.4125],[92.5935,11.3784],[92.6356,11.508],[92.6765,11.4125]]],[[[93.0527,13.2839],[93.0368,13.0622],[92.8763,12.9167],[92.9906,12.5192],[92.8467,12.4335],[92.915,12.3384],[92.7575,12.0775],[92.717,11.4945],[92.5249,11.8575],[92.6177,11.8664],[92.6818,12.2196],[92.7927,12.2077],[92.7217,12.5994],[92.8474,13.3449],[93.0425,13.5712],[93.0527,13.2839]]],[[[88.0505,21.7054],[88.1467,21.8699],[88.1394,21.6303],[88.0505,21.7054]]]]}},{"type":"Feature","properties":{"name":"China"},"geometry":{"type":"MultiPolygon","coordinates":[[[[78.9177,33.3863],[78.7211,33.9944],[78.9762,34.3092],[78.296,34.6247],[78.0012,35.2689],[78.0443,35.4916],[76.915,35.5832],[76.5708,35.7513],[76.5372,35.9025],[76.166,35.8062],[75.9,36.0635],[76.0144,36.2304],[75.8498,36.6447],[75.4319,36.7229],[75.3135,36.9288],[74.8724,36.9071],[74.3826,37.1266],[75.1641,37.4006],[74.8919,37.5992],[74.9652,37.7675],[74.7907,38.0814],[74.8358,38.4552],[74.3342,38.667],[74.1234,38.6695],[74.0289,38.5272],[73.8164,38.5866],[73.6808,38.873],[73.8261,38.9769],[73.6078,39.2073],[73.6326,39.4483],[73.9216,39.5821],[73.8186,39.786],[73.9767,40.0436],[74.8621,40.3262],[74.8354,40.5116],[75.1939,40.4413],[75.5599,40.6329],[75.6818,40.2917],[76.2442,40.4412],[76.3135,40.3433],[76.861,41.0132],[78.075,41.0395],[78.6583,41.5325],[79.8429,42.0018],[80.2312,42.0337],[80.1438,42.6448],[80.2483,42.8162],[80.5486,42.8785],[80.3681,43.0285],[80.7934,43.1495],[80.3389,44.1215],[80.3558,44.6529],[80.4923,44.728],[79.8582,44.9037],[81.6652,45.348],[81.9501,45.1445],[82.2453,45.2318],[82.5397,45.1237],[82.632,45.4158],[82.2915,45.5332],[83.0215,47.2059],[83.9053,46.974],[84.6635,46.9839],[84.7396,46.8148],[85.4986,47.0518],[85.679,47.2749],[85.5154,47.9203],[85.7187,48.3588],[86.5651,48.5273],[86.752,48.7154],[86.7094,48.9542],[86.8595,49.1053],[87.8163,49.1658],[87.8726,48.968],[87.7379,48.8694],[88.0594,48.7081],[87.983,48.5523],[88.5027,48.3926],[88.5962,48.1977],[89.0456,47.993],[89.5418,48.031],[89.7513,47.8243],[90.0446,47.8798],[90.3448,47.6586],[90.4687,47.3089],[90.8851,46.9447],[91.0475,46.5664],[90.8962,46.302],[91.0024,46.0218],[90.7108,45.7522],[90.6511,45.4931],[90.8732,45.1862],[93.5253,44.9513],[94.6982,44.3435],[95.3977,44.2805],[95.319,44.0171],[95.5353,43.9577],[95.8744,43.2471],[96.3187,42.9101],[96.3578,42.7245],[97.1933,42.7873],[99.4745,42.5642],[100.017,42.6765],[101.5249,42.5375],[102.0342,42.1846],[103.0735,42.0045],[103.6914,41.7592],[104.5008,41.8706],[104.5049,41.6566],[104.9738,41.5861],[106.7678,42.2866],[108.1774,42.4543],[109.4851,42.4493],[110.4067,42.7686],[110.9734,43.3156],[111.9334,43.6966],[111.3971,44.3874],[111.7385,44.9663],[111.9583,45.0845],[113.6048,44.7397],[114.0893,44.9618],[114.5337,45.3855],[115.6674,45.4543],[116.1699,45.7091],[116.5683,46.2909],[117.3375,46.3573],[117.3938,46.5714],[117.7976,46.5203],[118.269,46.7229],[118.8465,46.7655],[119.3169,46.6117],[119.8544,46.6597],[119.8964,46.8986],[119.7,47.1595],[118.5423,47.9662],[117.7669,47.9931],[117.3608,47.6509],[116.822,47.8763],[116.2439,47.8629],[115.9145,47.6839],[115.5757,47.9097],[115.5142,48.1316],[115.8,48.2423],[115.8004,48.5304],[116.6843,49.8233],[117.8369,49.509],[118.6444,49.9546],[119.3162,50.0927],[119.3566,50.3408],[119.1376,50.3925],[120.1005,51.6599],[120.6476,51.911],[120.7792,52.1176],[120.6262,52.3468],[120.724,52.5422],[120.0794,52.59],[120.033,52.7607],[120.8743,53.2802],[123.6143,53.5633],[124.8701,53.108],[125.0737,53.2122],[125.6214,53.0621],[125.7335,52.9817],[125.6465,52.8849],[126.088,52.7754],[125.9908,52.5864],[126.2123,52.533],[126.4393,52.2753],[126.3167,52.1998],[126.556,52.1306],[126.4393,51.9979],[126.9094,51.3911],[126.809,51.2891],[126.9722,51.324],[126.9318,51.0638],[127.2874,50.751],[127.3307,50.3282],[127.5906,50.2087],[127.4867,50.0256],[127.5387,49.7899],[127.8547,49.5849],[128.6719,49.6114],[129.1154,49.3488],[129.4806,49.4213],[130.2018,48.8826],[130.6743,48.8708],[130.5297,48.6163],[130.8251,48.3178],[130.6747,48.0639],[131.0234,47.6823],[132.5247,47.7075],[132.6746,47.9506],[133.092,48.1068],[133.5244,48.0954],[133.7379,48.2511],[134.3863,48.3813],[134.7187,48.2634],[134.5594,48.0095],[134.7726,47.7107],[134.5569,47.4712],[134.1836,47.3275],[134.2273,47.1177],[133.8458,46.4707],[133.9025,46.259],[133.6874,46.1418],[133.4773,45.6277],[133.1798,45.4938],[133.0988,45.1078],[132.9212,45.0279],[131.8531,45.3376],[131.4338,44.9613],[130.9334,44.8417],[131.2645,44.0542],[131.1607,43.5328],[131.2809,43.3802],[131.103,42.9104],[130.4072,42.7354],[130.5719,42.6218],[130.5308,42.5305],[130.2627,42.7086],[130.239,42.9022],[129.8798,42.996],[129.7033,42.4424],[129.3401,42.4455],[128.9401,42.0354],[128.0346,41.9937],[128.303,41.5834],[128.1461,41.3763],[127.1346,41.522],[126.9298,41.801],[126.6795,41.736],[126.5221,41.3519],[126.0078,40.8993],[124.8955,40.4836],[124.1372,39.8424],[123.773,39.8183],[123.6567,39.9195],[123.4277,39.7266],[123.4171,39.8245],[123.252,39.8171],[123.2232,39.6798],[122.29,39.351],[122.0423,39.0597],[121.8269,39.0363],[121.8713,38.9506],[121.7247,39.0302],[121.5874,38.9401],[121.6963,38.8629],[121.1795,38.7209],[121.1179,38.9434],[121.6741,39.088],[121.5899,39.2641],[121.943,39.3994],[121.5259,39.3647],[121.436,39.5086],[121.2234,39.5286],[121.5333,39.6223],[121.4707,39.8102],[121.8738,39.9914],[122.3019,40.5023],[121.8511,40.8323],[121.8679,40.9958],[121.7396,40.8491],[121.3613,40.9396],[120.9819,40.8268],[121.0207,40.7193],[120.8253,40.674],[120.472,40.2143],[119.5356,39.8908],[119.2086,39.5696],[119.2794,39.384],[118.926,39.1306],[118.8738,39.2138],[118.3261,39.0309],[118.028,39.2198],[117.7154,39.1114],[117.7753,38.9811],[117.5435,38.6213],[117.7161,38.3785],[118.0652,38.1431],[118.95,38.0973],[119.2596,37.7158],[119.0695,37.7406],[118.97,37.5935],[118.9612,37.2956],[119.1455,37.1789],[119.7706,37.1518],[119.8589,37.3602],[120.2976,37.5979],[120.2157,37.6841],[120.738,37.834],[121.138,37.7012],[121.1716,37.5771],[121.3936,37.6225],[121.5703,37.4287],[121.988,37.4256],[122.1218,37.5627],[122.1832,37.4182],[122.6882,37.4098],[122.5497,37.3198],[122.6289,37.1928],[122.4024,37.0215],[122.54,37.0277],[122.5074,36.898],[122.3198,36.8229],[122.1853,36.8499],[122.2659,36.898],[122.1661,37.0141],[122.0331,36.898],[121.9263,36.9936],[121.6253,36.7404],[121.4964,36.7745],[121.6072,36.845],[121.4595,36.8287],[121.0235,36.5839],[120.7506,36.6168],[120.95,36.4592],[120.7141,36.4287],[120.6278,36.1165],[120.3535,36.0408],[120.3064,36.2742],[120.2845,36.176],[120.0972,36.2264],[120.1753,35.9936],[120.2988,35.9731],[119.9082,35.7449],[119.9046,35.6246],[119.648,35.5839],[119.1929,35.0004],[119.1922,34.7182],[119.4422,34.746],[119.6477,34.5338],[120.2571,34.3118],[120.4837,33.65],[120.8958,33.0136],[120.8303,32.6977],[121.3894,32.3849],[121.4434,32.1143],[121.7986,31.9705],[121.9221,31.7544],[121.8173,31.6909],[121.2864,31.8906],[120.9778,31.8144],[120.6344,32.077],[120.1314,31.9432],[119.8421,32.2991],[119.6129,32.3546],[119.606,32.1969],[119.7886,32.1986],[120.0064,31.9503],[120.7504,31.9783],[120.8248,31.8287],[120.7315,31.8139],[121.1444,31.6847],[121.9508,30.9821],[121.9601,30.8743],[120.9981,30.5579],[120.8318,30.3053],[120.4791,30.4035],[120.1471,30.1989],[120.6216,30.3726],[120.7344,30.2322],[120.6318,30.1224],[120.7922,30.0661],[120.6463,30.1269],[120.7514,30.2256],[120.8928,30.1698],[121.2541,30.3484],[121.7219,29.9605],[122.1291,29.9038],[121.6873,29.5626],[121.4434,29.5242],[121.4849,29.3905],[121.9712,29.5933],[121.943,29.1959],[121.7853,29.1681],[121.7866,29.3745],[121.7243,29.182],[121.5743,29.3051],[121.4085,29.1611],[121.6898,29.0171],[121.6842,28.9147],[121.4918,28.9284],[121.6699,28.8253],[121.6214,28.7359],[121.3512,28.7119],[121.1423,28.8459],[121.2584,28.6751],[121.5101,28.6571],[121.6563,28.3393],[121.4089,28.3049],[121.3458,28.1452],[121.169,28.3848],[121.025,28.3046],[121.1248,28.2355],[120.9652,27.9871],[120.5596,28.1128],[120.8684,27.8826],[120.7226,27.7159],[120.6353,27.7633],[120.682,27.4816],[120.5049,27.345],[120.5178,27.2016],[120.1958,27.2978],[120.4217,27.147],[120.2437,27.1327],[120.2191,26.9154],[120.032,26.8999],[120.1344,26.6461],[119.8472,26.5236],[120.0797,26.7969],[119.9251,26.7922],[119.8796,26.6553],[119.7918,26.6877],[119.8463,26.8522],[119.7562,26.7377],[119.6858,26.812],[119.7249,26.6978],[119.5521,26.7491],[119.5999,26.5704],[119.7849,26.5778],[119.7918,26.4133],[119.5664,26.4549],[119.6819,26.3171],[119.8258,26.4269],[119.95,26.3649],[119.6543,26.2724],[119.4585,25.9825],[119.0935,26.1458],[119.3298,25.9443],[119.6954,26.0026],[119.5664,25.8721],[119.5899,25.6872],[119.4491,25.6872],[119.6546,25.3581],[119.576,25.4674],[119.4832,25.3712],[119.5073,25.4744],[119.3052,25.6046],[119.1025,25.4203],[119.3442,25.2424],[119.1161,25.2138],[119.0991,25.1112],[119.0273,25.2782],[118.8756,25.2438],[118.9746,25.1826],[118.8491,25.0738],[119.0177,24.9603],[118.572,24.8852],[118.763,24.7627],[118.6205,24.5455],[118.4312,24.6997],[118.219,24.5414],[118.1605,24.6934],[117.9749,24.5527],[118.0217,24.4457],[117.7913,24.4675],[118.1265,24.262],[117.9073,24.1863],[117.7481,23.9075],[117.7981,24.0218],[117.6671,24.0627],[117.5917,23.7371],[117.5711,23.9033],[117.4166,23.9468],[117.4901,23.8326],[117.2774,23.7822],[117.2571,23.6156],[117.2295,23.6928],[117.0842,23.5506],[116.9165,23.6627],[116.7732,23.3494],[116.5232,23.4185],[116.8048,23.2361],[116.5089,23.2341],[116.6045,23.2096],[116.4947,22.9394],[116.2136,22.9828],[116.1449,22.8478],[116.0421,22.9329],[115.81,22.7461],[115.7303,22.9342],[115.5606,22.8493],[115.406,22.925],[115.6121,22.8636],[115.5752,22.6683],[115.2334,22.7882],[115.3038,22.903],[114.9853,22.6893],[114.8625,22.7632],[114.9666,22.6765],[114.896,22.5475],[114.7438,22.6094],[114.7752,22.8158],[114.5221,22.706],[114.4954,22.562],[114.6177,22.5141],[114.5158,22.4526],[114.3958,22.6135],[113.8903,22.4527],[113.6056,22.8472],[113.6382,23.0349],[113.5967,22.9182],[113.6172,23.0349],[113.5762,22.9387],[113.5288,23.0108],[113.8301,23.1175],[113.4175,23.097],[113.484,22.9243],[113.213,22.9045],[113.4942,22.7748],[113.3775,22.7674],[113.5992,22.5752],[113.4837,22.1551],[113.1653,22.5756],[113.402,22.1796],[113.1575,22.0247],[113.0851,22.2076],[112.9116,21.8563],[112.826,21.9661],[112.5509,21.7729],[112.3975,22.0685],[112.4021,21.8014],[112.2862,21.7088],[111.8904,21.9251],[112.0003,21.7743],[111.8679,21.6767],[111.6781,21.7812],[111.7879,21.616],[111.6305,21.5299],[111.4322,21.603],[111.2673,21.4394],[111.0276,21.5409],[110.9929,21.4249],[110.6509,21.2604],[110.76,21.4447],[110.6365,21.2302],[110.4312,21.1915],[110.4863,21.3355],[110.3585,21.4357],[110.3994,21.1766],[110.1956,21.0713],[110.1567,20.8489],[110.369,20.8489],[110.3008,20.6571],[110.5342,20.4783],[110.2803,20.253],[109.9172,20.2393],[109.8628,20.4063],[110.0098,20.4342],[109.8221,20.5165],[109.7516,20.6737],[109.8604,20.7155],[109.6612,20.9276],[109.7657,21.3559],[109.9241,21.3628],[109.9444,21.4931],[109.6497,21.5205],[109.5945,21.7464],[109.4647,21.6645],[109.5308,21.4916],[109.1387,21.4016],[109.0398,21.4503],[109.1358,21.603],[108.928,21.6151],[108.8014,21.8183],[108.8614,21.6439],[108.7454,21.603],[108.5733,21.9518],[108.458,21.9177],[108.5654,21.6785],[108.471,21.562],[108.3413,21.7258],[108.2838,21.5447],[108.211,21.5006],[108.2061,21.6426],[107.9707,21.4316],[107.8116,21.6478],[107.3482,21.5994],[107.0029,21.8106],[107.0094,21.9274],[106.6531,21.9689],[106.5269,22.4383],[106.7898,22.7972],[106.4878,22.9254],[106.2554,22.8547],[106.1321,22.975],[105.8539,22.9047],[105.3122,23.3658],[104.8701,23.1635],[104.7008,22.8182],[104.3402,22.6864],[104.2412,22.8244],[104.0869,22.7916],[103.9595,22.5071],[103.6469,22.799],[103.5036,22.5814],[103.3096,22.7879],[103.029,22.4302],[102.4678,22.7686],[102.218,22.4107],[101.6891,22.4789],[101.5157,22.2454],[101.8038,21.6259],[101.756,21.1433],[101.2443,21.1929],[101.0828,21.7667],[100.6217,21.4691],[100.342,21.5304],[100.1625,21.4364],[100.1428,21.6549],[99.9503,21.7212],[99.9424,22.0455],[99.1445,22.1535],[99.3578,22.4955],[99.308,22.7452],[99.4134,22.9307],[99.538,22.9264],[99.3338,23.1296],[99.2166,23.0574],[98.859,23.1794],[98.856,23.61],[98.6588,23.9611],[98.8657,24.1457],[98.1051,24.1015],[97.6247,23.8467],[97.5165,23.9428],[97.7201,24.1474],[97.6473,24.4323],[97.5133,24.4386],[97.5328,24.7233],[97.7652,24.8347],[97.6996,25.065],[97.801,25.2376],[98.0449,25.3119],[98.1401,25.6115],[98.3121,25.5575],[98.4981,25.8307],[98.6902,25.8656],[98.5455,26.1056],[98.7055,26.1749],[98.7556,26.625],[98.6793,27.5773],[98.4103,27.6843],[98.2947,27.5366],[98.1187,28.1408],[97.6705,28.5113],[97.5277,28.5295],[97.3235,28.2175],[97.0784,28.3751],[96.3019,28.4207],[96.5926,28.7579],[96.4576,28.9946],[96.1953,28.9411],[96.1746,29.1088],[96.3662,29.2572],[96.142,29.3685],[95.7448,29.3404],[95.3674,29.0365],[94.7766,29.1667],[94.5999,29.3166],[94.2875,29.1479],[94.3473,29.0243],[93.992,28.8446],[93.9278,28.6828],[93.3172,28.6035],[93.2078,28.3405],[92.6786,28.1331],[92.6837,27.9105],[91.9522,27.7248],[91.2902,28.0914],[91.0519,27.9628],[90.4752,28.0723],[90.5877,28.2333],[90.2256,28.3584],[89.5615,28.1346],[88.9784,27.5303],[88.9719,27.3124],[88.7598,27.4351],[88.8177,27.9949],[88.6105,28.1058],[88.1182,27.8609],[87.3691,27.8039],[86.6801,28.1057],[86.4253,27.9099],[86.203,28.0026],[86.156,28.1565],[86.1129,27.9268],[85.9803,27.8852],[85.6929,28.3352],[85.0874,28.3041],[85.161,28.595],[84.812,28.542],[84.4508,28.7339],[84.2067,28.9407],[84.0897,29.2566],[83.5237,29.1836],[83.1736,29.6213],[82.8366,29.6598],[82.1538,30.0582],[82.0888,30.3301],[81.3875,30.3739],[81.3501,30.1572],[81.0978,30.0169],[80.976,30.2552],[80.1798,30.5595],[80.1571,30.7932],[79.4016,31.0236],[79.1314,31.4384],[78.921,31.2697],[78.7451,31.3081],[78.7446,31.9642],[78.458,32.2297],[78.3848,32.5475],[78.7368,32.6298],[78.9434,32.3464],[79.3205,32.5923],[79.4435,32.5348],[79.6207,32.7287],[79.3336,32.9943],[79.4561,33.2504],[78.9177,33.3863]]],[[[111.0105,19.6838],[110.8765,19.5398],[110.7944,19.6013],[110.5803,19.1552],[110.4792,19.1693],[110.5823,19.1501],[110.4315,18.8215],[110.5034,18.8819],[110.5344,18.7856],[110.0342,18.5119],[110.0403,18.3823],[109.7461,18.3959],[109.7088,18.2072],[109.4787,18.1927],[108.6849,18.5152],[108.627,19.275],[109.3074,19.7111],[109.1633,19.7248],[109.2551,19.8983],[109.5817,19.8557],[109.527,19.9514],[109.719,20.0106],[109.9901,19.906],[110.157,20.0674],[110.3447,20.0581],[110.4177,19.9234],[110.383,20.081],[110.6058,19.9232],[110.5662,20.0695],[110.6779,20.1636],[110.9346,19.9951],[111.0105,19.6838]]],[[[112.844,21.7743],[112.7649,21.5819],[112.7117,21.7025],[112.844,21.7743]]],[[[117.0715,23.4731],[117.1288,23.3994],[116.943,23.4301],[117.0715,23.4731]]],[[[117.4689,23.7531],[117.4316,23.5826],[117.3205,23.574],[117.3727,23.7667],[117.4689,23.7531]]],[[[121.2555,28.14],[121.1516,28.0412],[121.1204,28.1357],[121.2306,28.2197],[121.2555,28.14]]],[[[121.4225,39.4745],[121.4217,39.3737],[121.2595,39.3915],[121.4225,39.4745]]],[[[110.5475,21.0373],[110.5169,20.9376],[110.2459,20.986],[110.3898,21.0959],[110.5475,21.0373]]],[[[110.617,21.1915],[110.5432,21.105],[110.4177,21.1785],[110.617,21.1915]]],[[[119.8465,25.5363],[119.7573,25.4049],[119.6685,25.4879],[119.7635,25.6595],[119.8465,25.5363]]],[[[122.3275,30.0245],[122.2936,29.9338],[122.0191,29.9972],[121.9631,30.1424],[122.3275,30.0245]]],[[[121.8441,31.6079],[121.9866,31.5039],[121.8173,31.4467],[121.1763,31.7843],[121.3226,31.8293],[121.8441,31.6079]]],[[[118.6327,39.0746],[118.4803,38.9348],[118.4785,39.0429],[118.6327,39.0746]]]]}},{"type":"Feature","properties":{"name":"Israel"},"geometry":{"type":"Polygon","coordinates":[[[34.2484,31.2114],[34.556,31.5398],[34.4812,31.5831],[35.0996,33.0876],[35.4801,33.0874],[35.5495,33.281],[35.8211,33.4067],[35.8881,32.9449],[35.5605,32.6409],[35.561,32.3847],[35.1908,32.5417],[34.9614,32.2016],[34.9774,31.8334],[35.222,31.8792],[35.2628,31.7486],[34.9736,31.6304],[34.8788,31.3628],[35.4585,31.4916],[34.9513,29.5456],[34.8553,29.5457],[34.2484,31.2114]]]}},{"type":"Feature","properties":{"name":"Palestine"},"geometry":{"type":"MultiPolygon","coordinates":[[[[34.4812,31.5831],[34.556,31.5398],[34.2484,31.2114],[34.2003,31.3143],[34.4812,31.5831]]],[[[34.9867,31.9672],[35.0643,32.4631],[35.2086,32.5426],[35.561,32.3847],[35.4587,31.4916],[34.8788,31.3628],[34.9736,31.6304],[35.2628,31.7486],[35.222,31.8792],[34.9774,31.8334],[34.9867,31.9672]]]]}},{"type":"Feature","properties":{"name":"Lebanon"},"geometry":{"type":"Polygon","coordinates":[[[35.1052,33.089],[35.4705,33.9021],[35.6409,33.9994],[35.6652,34.3113],[35.9832,34.5386],[35.9699,34.6498],[36.4402,34.6294],[36.3199,34.5141],[36.5251,34.4229],[36.6041,34.1991],[36.2886,33.9465],[36.3696,33.837],[36.0504,33.8164],[35.9216,33.6403],[36.0352,33.5678],[35.5495,33.281],[35.4801,33.0874],[35.1052,33.089]]]}},{"type":"Feature","properties":{"name":"Ethiopia"},"geometry":{"type":"Polygon","coordinates":[[[34.0707,9.4546],[34.3259,10.2236],[34.2795,10.5655],[34.5748,10.8841],[34.7544,10.6841],[34.8385,10.7291],[34.9583,10.9034],[35.0727,11.8189],[35.6877,12.6592],[36.115,12.7018],[36.5264,14.2635],[37.0602,14.2768],[37.2938,14.4574],[37.5537,14.1055],[37.8915,14.8795],[38.4268,14.4172],[38.8661,14.4937],[39.0097,14.6512],[39.2082,14.4402],[39.515,14.5678],[40.1046,14.466],[40.8332,14.106],[42.3795,12.4659],[41.7924,11.7045],[41.7613,10.9962],[41.9375,10.9298],[42.6156,11.0897],[42.9237,10.9988],[42.6472,10.6322],[42.8363,10.2081],[43.1872,9.8833],[43.419,9.413],[43.9848,9.0083],[46.9792,7.9966],[47.9792,7.9966],[44.9415,4.9115],[43.969,4.954],[43.5285,4.8416],[43.1193,4.6477],[42.8316,4.3023],[42.1029,4.1919],[41.8359,3.9495],[41.163,3.9427],[40.7637,4.2849],[39.8485,3.8673],[39.5044,3.4033],[38.509,3.6508],[38.1019,3.6126],[37.0157,4.3706],[35.9405,4.508],[35.7516,4.8544],[35.8041,5.318],[35.2875,5.3741],[34.9744,5.8631],[34.7035,6.6849],[34.2807,6.9801],[33.7161,7.6572],[33.0583,7.798],[32.9898,7.9172],[33.1851,8.1411],[33.2352,8.4556],[33.741,8.3671],[34.0902,8.5565],[34.0707,9.4546]]]}},{"type":"Feature","properties":{"name":"S. Sudan"},"geometry":{"type":"Polygon","coordinates":[[[35.9208,4.6193],[35.6106,4.62],[35.5708,4.9043],[35.3961,4.9264],[35.4116,5.0304],[35.2457,4.9817],[34.3812,4.6202],[33.4906,3.7497],[32.9972,3.8855],[32.3718,3.7311],[32.168,3.5122],[31.7779,3.8164],[31.5237,3.6561],[31.1415,3.7851],[30.8395,3.4902],[30.7469,3.6749],[30.5535,3.6045],[30.5252,3.8675],[30.1894,3.9561],[29.7878,4.3688],[29.7967,4.556],[29.535,4.6607],[29.2213,4.3407],[28.7554,4.554],[28.3574,4.2829],[27.7724,4.5958],[27.7526,4.7777],[27.2645,5.2601],[27.2611,5.5776],[27.1238,5.7687],[26.4248,6.0724],[26.509,6.2055],[26.2702,6.4657],[26.378,6.6533],[25.1904,7.5012],[25.2169,7.8641],[24.8002,8.1803],[24.1529,8.3179],[24.2505,8.5796],[24.177,8.7099],[24.5584,8.8867],[24.7964,9.8189],[25.077,10.2869],[25.8285,10.4195],[25.9054,10.1813],[26.6257,9.4807],[27.0804,9.6068],[27.8951,9.5954],[28.0451,9.3314],[28.8438,9.3245],[28.9138,9.529],[29.4831,9.7617],[29.6154,10.0581],[30.013,10.2705],[30.7653,9.7243],[31.1644,9.764],[32.4307,11.0822],[32.3483,11.7032],[32.0822,11.9998],[32.7467,12.0027],[32.7318,12.2162],[33.2092,12.2104],[33.0832,11.5992],[33.14,10.739],[33.917,10.1745],[33.8814,9.4992],[34.0707,9.4546],[34.1118,8.6266],[33.7519,8.3688],[33.2352,8.4556],[33.1851,8.1411],[32.9898,7.9172],[33.0583,7.798],[33.7161,7.6572],[34.2807,6.9801],[34.7035,6.6849],[34.9744,5.8631],[35.2875,5.3741],[35.8041,5.318],[35.7516,4.8544],[35.9208,4.6193]]]}},{"type":"Feature","properties":{"name":"Somalia"},"geometry":{"type":"Polygon","coordinates":[[[46.467,6.5383],[47.9792,7.9966],[48.9391,9.4512],[48.9391,11.2491],[50.2683,11.5893],[50.6411,11.9544],[51.2927,11.8331],[51.0813,11.3415],[51.1895,11.1383],[51.1607,10.5985],[51.0101,10.434],[51.2204,10.442],[51.1761,10.5628],[51.3975,10.3958],[50.9274,10.3278],[50.8303,9.4196],[50.0911,8.161],[49.8242,7.9339],[48.6467,5.48],[47.9485,4.4571],[46.8342,3.2325],[46.027,2.4381],[45.0015,1.8664],[43.7819,0.9216],[42.0164,-0.968],[41.9528,-0.8945],[41.8854,-1.2096],[41.5351,-1.6963],[40.9798,-0.8708],[40.9798,2.8419],[42.0684,4.1746],[42.8316,4.3023],[43.1193,4.6477],[43.9323,4.9452],[44.9415,4.9115],[46.467,6.5383]]]}},{"type":"Feature","properties":{"name":"Kenya"},"geometry":{"type":"MultiPolygon","coordinates":[[[[35.7058,4.6194],[35.9208,4.6193],[36.0413,4.4437],[37.0157,4.3706],[38.1019,3.6126],[38.509,3.6508],[39.5044,3.4033],[39.8485,3.8673],[40.7637,4.2849],[41.163,3.9427],[41.885,3.9772],[40.9654,2.8141],[40.9798,-0.8708],[41.5351,-1.6963],[41.2827,-1.9685],[41.0129,-2.0424],[41.0061,-1.9018],[40.9453,-2.0732],[40.861,-1.9635],[40.9448,-2.3093],[40.863,-2.2314],[40.6506,-2.5393],[40.2321,-2.669],[40.1229,-3.2673],[39.9661,-3.3212],[39.866,-3.6165],[39.7809,-3.5666],[39.867,-3.6949],[39.6995,-4.0484],[39.5606,-4.0398],[39.6659,-4.1121],[39.3962,-4.629],[39.1906,-4.6775],[37.5991,-3.5134],[37.7001,-3.3144],[37.6449,-3.046],[33.9042,-1.0026],[33.8936,0.1098],[34.487,1.0825],[34.7979,1.2319],[35.0065,1.9169],[34.8756,2.5912],[34.434,3.182],[34.4397,3.6677],[34.1525,3.7756],[34.205,3.8745],[34.0848,3.8773],[33.9771,4.2197],[34.3812,4.6202],[35.4116,5.0304],[35.7058,4.6194]]],[[[41.054,-2.0496],[41.1553,-2.1121],[40.9937,-2.1972],[41.054,-2.0496]]]]}},{"type":"Feature","properties":{"name":"Malawi"},"geometry":{"type":"MultiPolygon","coordinates":[[[[34.9646,-11.5736],[34.6167,-11.5783],[34.3588,-12.1544],[34.5453,-13.3257],[34.6406,-13.4924],[35.0841,-13.7042],[35.8472,-14.6504],[35.9043,-14.8869],[35.7842,-15.1718],[35.7851,-16.0423],[35.3746,-16.141],[35.1319,-16.5376],[35.3102,-16.8506],[35.2348,-17.1353],[35.066,-17.1098],[35.1183,-16.8334],[34.4265,-16.2739],[34.2332,-15.8898],[34.5652,-15.2973],[34.5018,-14.5757],[34.3441,-14.3874],[33.7204,-14.4897],[33.6448,-14.6017],[33.2802,-14.0608],[33.1403,-13.925],[32.9998,-14.0505],[32.6633,-13.5963],[32.9982,-13.2024],[33.0248,-12.6127],[33.5271,-12.3556],[33.3495,-12.3279],[33.2527,-12.1395],[33.2303,-11.4166],[33.3909,-11.1648],[33.2326,-10.8833],[33.6742,-10.577],[33.5333,-10.2312],[33.3041,-10.0638],[33.3435,-9.8314],[33.1754,-9.6023],[32.9869,-9.6285],[32.9363,-9.3917],[33.9119,-9.718],[34.0127,-9.4775],[34.3179,-9.7192],[34.5364,-10.043],[34.675,-10.7524],[34.6135,-11.1022],[34.9646,-11.5736]]]]}},{"type":"Feature","properties":{"name":"Tanzania"},"geometry":{"type":"MultiPolygon","coordinates":[[[[32.9209,-9.4079],[32.4234,-9.1438],[31.9381,-9.0618],[31.9366,-8.9326],[31.6727,-8.913],[31.3533,-8.5872],[30.9595,-8.5505],[30.2945,-7.1494],[29.707,-6.6193],[29.5255,-6.2731],[29.4761,-6.0021],[29.6124,-5.7044],[29.3238,-4.9202],[29.4042,-4.4498],[29.7328,-4.4633],[30.003,-4.2719],[30.4323,-3.5519],[30.8322,-3.1728],[30.8255,-2.9786],[30.4158,-2.8517],[30.5081,-2.4635],[30.8344,-2.3453],[30.8878,-2.0825],[30.831,-1.5942],[30.481,-1.0591],[34.0,-1.0026],[37.6449,-3.046],[37.7001,-3.3144],[37.5991,-3.5134],[39.2151,-4.6887],[38.7791,-6.0549],[38.9151,-6.4367],[39.5537,-7.0007],[39.3278,-7.3093],[39.2526,-7.8233],[39.3278,-7.7263],[39.4435,-7.8326],[39.28,-8.3093],[39.3543,-8.714],[39.5537,-8.9223],[39.3887,-8.8989],[39.6438,-9.1891],[39.5674,-9.4475],[39.8006,-9.8238],[39.6908,-10.0434],[39.8269,-9.9903],[39.9851,-10.221],[40.0198,-10.1329],[40.1206,-10.2712],[40.2321,-10.2966],[40.2321,-10.2005],[40.3488,-10.3581],[40.427,-10.3001],[40.3892,-10.5353],[39.7858,-10.9326],[39.2382,-11.1742],[38.8963,-11.1677],[38.4923,-11.4135],[37.9381,-11.284],[37.8169,-11.5336],[37.4697,-11.7195],[37.0324,-11.5649],[36.6257,-11.7214],[36.1997,-11.7015],[35.8264,-11.4135],[35.5763,-11.6052],[34.9646,-11.5736],[34.6135,-11.1022],[34.675,-10.7524],[34.5364,-10.043],[34.3179,-9.7192],[34.0127,-9.4775],[33.9119,-9.718],[32.9209,-9.4079]]],[[[39.8957,-7.6376],[39.8233,-7.914],[39.6297,-7.9858],[39.8957,-7.6376]]],[[[39.5435,-6.3212],[39.5085,-6.4628],[39.1986,-6.2208],[39.3135,-5.7184],[39.5435,-6.3212]]],[[[39.6431,-5.414],[39.7809,-5.2394],[39.6499,-5.1909],[39.7461,-5.2052],[39.6841,-4.8903],[39.8215,-4.9938],[39.856,-4.8972],[39.7961,-5.4068],[39.6431,-5.414]]]]}},{"type":"Feature","properties":{"name":"Syria"},"geometry":{"type":"Polygon","coordinates":[[[35.7576,32.7443],[35.8881,32.9449],[35.7638,33.3344],[36.0352,33.5678],[35.9484,33.7092],[36.1383,33.8506],[36.3575,33.8238],[36.2886,33.9465],[36.6041,34.1991],[36.5251,34.4229],[36.3199,34.5141],[36.4402,34.6294],[35.9699,34.6498],[35.8669,34.9242],[35.919,35.4177],[35.7234,35.5821],[35.7986,35.8497],[35.9803,35.9269],[36.1576,35.8226],[36.358,35.994],[36.373,36.2276],[36.6643,36.229],[36.5312,36.479],[36.6399,36.8281],[37.0531,36.6199],[37.4461,36.6342],[38.2243,36.9084],[38.725,36.6939],[39.2396,36.6613],[40.709,37.1005],[41.4798,37.0756],[42.2112,37.3249],[42.3467,37.2398],[42.3772,37.0622],[41.8438,36.6179],[41.3854,36.5164],[41.277,36.3548],[41.3635,35.6552],[41.2013,35.243],[41.2042,34.7931],[40.9653,34.4019],[36.8194,32.3168],[36.3879,32.3793],[35.7576,32.7443]]]}},{"type":"Feature","properties":{"name":"Somaliland"},"geometry":{"type":"Polygon","coordinates":[[[48.9391,11.2491],[48.9391,9.4512],[47.9792,7.9966],[46.9792,7.9966],[44.0239,8.9855],[43.419,9.413],[42.6486,10.611],[43.2827,11.4989],[43.4894,11.3809],[43.8296,10.803],[44.3476,10.4145],[44.5861,10.3836],[44.962,10.4158],[45.7693,10.8781],[46.4478,10.6931],[47.4059,11.1846],[47.7105,11.1013],[48.522,11.3193],[48.9391,11.2491]]]}},{"type":"Feature","properties":{"name":"France"},"geometry":{"type":"MultiPolygon","coordinates":[[[[-54.1115,2.1143],[-54.6153,2.3263],[-54.3756,2.4838],[-54.1702,2.8531],[-54.2112,3.1274],[-54.003,3.4554],[-53.9948,3.6236],[-54.4066,4.1915],[-54.4867,4.903],[-53.934,5.7448],[-52.8965,5.4057],[-52.389,4.8959],[-52.2791,4.9312],[-52.3405,4.7246],[-52.2319,4.8754],[-52.0245,4.6935],[-51.9508,4.454],[-52.0463,4.3336],[-51.9092,4.6557],[-51.8015,4.6127],[-51.649,4.1523],[-52.3553,3.1516],[-52.6906,2.373],[-52.9809,2.1733],[-53.2685,2.1957],[-53.3441,2.3496],[-53.5318,2.247],[-53.7648,2.3687],[-54.1115,2.1143]]],[[[2.5218,51.0875],[2.5867,50.8454],[2.7867,50.7234],[3.1292,50.7791],[3.271,50.5269],[3.6083,50.4765],[3.6969,50.2982],[4.1976,50.2585],[4.1317,49.975],[4.6458,49.9845],[4.8156,50.1613],[4.849,49.7942],[5.2592,49.6913],[5.4561,49.4989],[6.4027,49.4655],[6.7138,49.1589],[7.4105,49.1689],[8.2003,48.9586],[7.8103,48.615],[7.5857,48.1297],[7.586,47.5846],[7.3785,47.4306],[6.9733,47.4891],[6.8666,47.3542],[7.0366,47.3295],[6.4426,46.9442],[6.4292,46.7608],[6.1184,46.5835],[6.094,46.253],[5.9548,46.1999],[6.1403,46.1502],[6.2691,46.375],[6.4829,46.4486],[6.7871,46.4142],[6.7657,46.1516],[7.0221,45.9253],[6.7959,45.7181],[7.1607,45.4109],[7.0555,45.2137],[6.6027,45.1035],[7.0071,44.8221],[7.0552,44.6849],[6.8357,44.534],[6.8661,44.3721],[7.331,44.1253],[7.6556,44.1761],[7.6899,44.0673],[7.4764,43.7646],[6.7311,43.4078],[6.5909,43.2689],[6.6798,43.2016],[6.1801,43.0359],[5.347,43.2159],[5.2942,43.3555],[5.034,43.3355],[5.2263,43.4803],[5.0291,43.5586],[5.0511,43.4293],[4.8558,43.3418],[4.6946,43.5791],[4.8203,43.3464],[3.953,43.5399],[3.114,43.1063],[3.0418,42.6291],[3.181,42.4315],[2.9337,42.4702],[2.6622,42.339],[2.2774,42.4286],[1.9957,42.3487],[1.7122,42.4937],[1.722,42.6099],[1.4293,42.5954],[0.8129,42.8316],[0.6563,42.8384],[0.6436,42.6845],[-0.0389,42.6851],[-0.3228,42.8425],[-0.569,42.7726],[-1.286,43.1092],[-1.4571,43.0451],[-1.4035,43.2433],[-1.7964,43.3744],[-1.4769,43.5801],[-1.2572,44.5561],[-1.0447,44.6694],[-1.1722,44.7783],[-1.2604,44.6274],[-1.1337,45.5048],[-1.0586,45.5696],[-0.7942,45.3554],[-0.5482,44.9023],[-0.5962,45.0246],[-0.4938,44.998],[-0.656,45.0991],[-0.7955,45.4771],[-1.2473,45.7099],[-1.1638,45.8067],[-0.9872,45.7174],[-1.1517,45.8681],[-1.0487,46.0388],[-1.2108,46.1745],[-1.1107,46.3027],[-1.7954,46.4945],[-2.1188,46.82],[-1.9907,47.0354],[-2.2411,47.1425],[-2.1606,47.2712],[-1.727,47.2108],[-2.542,47.3001],[-2.3918,47.4237],[-2.4947,47.4912],[-2.3639,47.5062],[-2.8302,47.5036],[-2.9093,47.5584],[-2.7065,47.6427],[-2.9747,47.6638],[-2.9399,47.5608],[-3.1233,47.5988],[-3.1317,47.4782],[-3.118,47.7321],[-3.3583,47.6973],[-3.2826,47.7873],[-3.4464,47.7046],[-4.1322,47.9239],[-4.3718,47.8072],[-4.4346,47.9757],[-4.7281,48.0406],[-4.2854,48.1154],[-4.3793,48.2324],[-4.5575,48.1772],[-4.5467,48.3468],[-4.1875,48.3075],[-4.4537,48.3354],[-4.2899,48.4316],[-4.7684,48.3454],[-4.7646,48.5202],[-3.974,48.7328],[-3.8517,48.6296],[-3.8101,48.7332],[-3.5848,48.6828],[-3.5153,48.8419],[-3.2297,48.8723],[-3.0915,48.8713],[-3.1255,48.76],[-3.0082,48.8214],[-2.6824,48.509],[-2.3161,48.6986],[-2.2137,48.5819],[-2.0524,48.6501],[-1.9803,48.5136],[-1.9456,48.6986],[-1.3566,48.6433],[-1.5536,48.7471],[-1.5484,49.2255],[-1.8165,49.3837],[-1.9352,49.7241],[-1.2631,49.6955],[-1.3063,49.5581],[-1.1229,49.3454],[-0.2195,49.2801],[0.4113,49.4521],[0.0786,49.5155],[0.1859,49.7032],[1.6725,50.1925],[1.5415,50.2779],[1.5806,50.8688],[2.5218,51.0875]]],[[[-60.8104,14.462],[-61.0696,14.4667],[-60.996,14.565],[-61.2195,14.8465],[-60.8793,14.7773],[-60.9375,14.6664],[-60.8104,14.462]]],[[[-61.5517,16.2855],[-61.566,16.0335],[-61.6949,15.9492],[-61.7974,16.3122],[-61.5517,16.2855]]],[[[-61.5442,16.2854],[-61.4625,16.5131],[-61.1636,16.253],[-61.5442,16.2854]]],[[[55.7879,-21.1034],[55.812,-21.3425],[55.575,-21.3679],[55.3496,-21.2714],[55.2254,-21.0297],[55.2874,-20.9117],[55.5784,-20.8748],[55.7879,-21.1034]]],[[[45.2007,-12.7229],[45.0972,-12.9824],[45.0425,-12.6984],[45.2007,-12.7229]]],[[[8.5658,42.2086],[8.6878,42.2729],[8.5491,42.3771],[8.7092,42.5792],[9.1178,42.732],[9.2922,42.6748],[9.3467,43.0037],[9.464,42.9901],[9.5596,42.1466],[9.2232,41.3725],[8.7918,41.5612],[8.9227,41.6946],[8.6551,41.7499],[8.8054,41.9069],[8.6143,41.9008],[8.745,42.0566],[8.5658,42.2086]]],[[[-1.2194,45.9439],[-1.2269,45.8198],[-1.4049,46.0532],[-1.2194,45.9439]]]]}},{"type":"Feature","properties":{"name":"Suriname"},"geometry":{"type":"Polygon","coordinates":[[[-54.0808,3.3093],[-54.2112,3.1274],[-54.1702,2.8531],[-54.5316,2.3402],[-54.7041,2.3248],[-54.7032,2.4458],[-54.8803,2.4473],[-54.9591,2.609],[-55.7243,2.3969],[-55.971,2.5303],[-56.1468,2.2562],[-55.9183,2.0504],[-55.9538,1.8533],[-56.6778,2.0184],[-57.2023,2.8462],[-57.3084,3.3949],[-57.6499,3.3859],[-58.0321,3.9877],[-58.0659,4.1718],[-57.8374,4.6509],[-57.9185,4.8298],[-57.6869,5.0063],[-57.2805,5.0261],[-57.289,5.171],[-57.1849,5.1831],[-57.3323,5.3279],[-56.9565,6.0116],[-55.936,5.8047],[-55.8977,5.6767],[-55.9512,5.8815],[-55.8444,5.976],[-55.336,5.9627],[-55.1299,5.8207],[-54.863,5.8555],[-55.143,5.9301],[-55.0448,5.9931],[-54.0367,5.8424],[-54.0611,5.5129],[-54.4867,4.903],[-54.3539,4.0417],[-53.9888,3.611],[-54.0808,3.3093]]]}},{"type":"Feature","properties":{"name":"Guyana"},"geometry":{"type":"MultiPolygon","coordinates":[[[[-56.4818,1.9416],[-56.8065,1.8736],[-57.1045,2.0215],[-57.3194,1.9771],[-57.5612,1.709],[-57.985,1.6577],[-58.0272,1.5169],[-58.3205,1.6012],[-58.5137,1.4389],[-58.5189,1.2673],[-58.834,1.1858],[-59.2599,1.3874],[-59.7588,1.8621],[-59.7417,2.2638],[-59.9031,2.3596],[-60.0001,2.694],[-59.8629,3.5817],[-59.5277,3.9395],[-59.7385,4.2028],[-59.6867,4.3812],[-60.16,4.5278],[-59.9815,5.0574],[-60.1317,5.2434],[-60.7399,5.2021],[-61.3967,5.9456],[-61.1216,6.1867],[-61.212,6.5614],[-61.1298,6.7158],[-60.7003,6.7671],[-60.3036,7.0541],[-60.372,7.1723],[-60.6284,7.1911],[-60.7306,7.5254],[-60.5258,7.8134],[-59.8293,8.2451],[-60.021,8.558],[-59.1048,8.0136],[-58.4897,7.3761],[-58.6796,6.3762],[-58.4615,6.8218],[-58.3122,6.8922],[-58.0057,6.7918],[-57.5289,6.2657],[-57.4088,6.3128],[-57.1673,6.0851],[-57.1615,5.6389],[-57.3357,5.3169],[-57.1898,5.1692],[-57.289,5.171],[-57.2905,5.0203],[-57.8503,4.9228],[-57.9254,4.7961],[-57.8374,4.6509],[-58.0677,4.1511],[-57.6548,3.3901],[-57.3084,3.3949],[-57.2023,2.8462],[-56.7052,2.0296],[-56.4818,1.9416]]]]}},{"type":"Feature","properties":{"name":"South Korea"},"geometry":{"type":"MultiPolygon","coordinates":[[[[128.3649,38.6243],[129.4302,37.0731],[129.3809,36.0415],[129.5873,36.0169],[129.4546,35.5133],[129.0004,35.0459],[128.6021,35.2139],[128.6521,35.0613],[128.3714,35.0136],[128.4881,35.0512],[128.4353,34.8432],[128.0557,34.9316],[128.0693,35.0825],[127.8912,34.9467],[127.7192,34.9901],[127.5753,34.9136],[127.7756,34.8491],[127.6407,34.618],[127.5213,34.8898],[127.3653,34.824],[127.5036,34.5913],[127.3494,34.5858],[127.4392,34.5407],[127.3436,34.445],[127.1245,34.5407],[127.3579,34.6982],[127.2481,34.7665],[126.898,34.4177],[126.7778,34.5865],[126.5213,34.2942],[126.5396,34.563],[126.2953,34.5891],[126.2903,34.7502],[126.4646,34.5847],[126.3786,34.7112],[126.6236,34.63],[126.364,34.7492],[126.6653,34.8081],[126.5676,34.9014],[126.3735,34.7907],[126.4364,34.9814],[126.3152,34.9379],[126.3741,35.0168],[126.2542,35.1234],[126.4251,35.0198],[126.3089,35.2333],[126.4927,35.5253],[126.6925,35.5344],[126.4676,35.6396],[126.8375,35.8933],[126.5214,35.9705],[126.8707,36.062],[126.6925,35.9999],[126.4934,36.1308],[126.6033,36.1718],[126.4988,36.4201],[126.6174,36.4735],[126.4977,36.4484],[126.4796,36.7471],[126.4242,36.6066],[126.343,36.7404],[126.2953,36.5827],[126.1282,36.7613],[126.3089,36.9669],[126.3567,36.7888],[126.353,37.0],[126.4839,36.8415],[126.5826,36.898],[126.5007,37.055],[126.6311,36.9116],[126.7962,36.9558],[126.8508,36.754],[127.042,36.9936],[126.9127,36.9296],[126.8905,37.0959],[126.7552,37.0488],[126.8645,37.1791],[126.6856,37.1301],[126.6585,37.2543],[126.8707,37.2679],[126.6151,37.3797],[126.5349,37.7682],[126.7552,37.6379],[126.6658,37.9376],[127.0905,38.2859],[128.0399,38.3043],[128.3649,38.6243]]],[[[126.9461,33.478],[126.6069,33.2406],[126.27,33.1976],[126.1611,33.3008],[126.4849,33.5208],[126.9461,33.478]]],[[[126.3801,34.4984],[126.1033,34.4028],[126.2477,34.5748],[126.3801,34.4984]]],[[[128.0696,34.815],[128.0559,34.6982],[127.8921,34.7127],[127.8294,34.869],[127.9021,34.94],[128.0696,34.815]]],[[[128.7485,34.869],[128.584,34.7051],[128.6045,34.8354],[128.4885,34.869],[128.7029,35.0329],[128.7485,34.869]]],[[[126.5078,37.5969],[126.3701,37.631],[126.4071,37.8207],[126.5078,37.5969]]]]}},{"type":"Feature","properties":{"name":"North Korea"},"geometry":{"type":"MultiPolygon","coordinates":[[[[128.3649,38.6243],[128.0399,38.3043],[127.0905,38.2859],[126.5933,37.7744],[126.3977,37.8918],[126.1104,37.7409],[126.0558,37.8706],[125.5969,38.0322],[125.7398,37.9252],[125.3475,37.6756],[125.5101,37.8943],[125.3084,37.8091],[125.26,37.9327],[124.9795,37.9252],[125.2649,38.0779],[124.6672,38.1257],[124.993,38.227],[124.8797,38.3452],[125.1234,38.6663],[125.6578,38.631],[125.1372,38.8035],[125.4109,39.2138],[125.4592,39.3851],[125.3425,39.4335],[125.4518,39.5713],[125.117,39.5659],[124.7461,39.7829],[124.6375,39.5905],[124.5641,39.8143],[124.3215,39.9127],[124.4996,40.0225],[124.37,40.0983],[124.8955,40.4836],[126.0078,40.8993],[126.5221,41.3519],[126.6795,41.736],[126.9298,41.801],[127.1346,41.522],[128.1461,41.3763],[128.303,41.5834],[128.0346,41.9937],[128.9401,42.0354],[129.3401,42.4455],[129.7033,42.4424],[129.8798,42.996],[130.1215,42.9818],[130.7,42.2951],[130.4075,42.3246],[129.6908,41.6497],[129.6594,41.4646],[129.8062,41.376],[129.7166,40.8346],[129.2335,40.7057],[129.0776,40.4726],[128.6365,40.3132],[128.6289,40.1803],[128.3278,40.0282],[128.0068,40.0452],[127.5038,39.7155],[127.5621,39.3162],[127.4951,39.4334],[127.3784,39.3789],[127.4734,39.3476],[127.3934,39.2017],[127.7593,39.117],[128.3649,38.6243]]]]}},{"type":"Feature","properties":{"name":"Morocco"},"geometry":{"type":"Polygon","coordinates":[[[-8.817,27.6615],[-8.7939,27.1202],[-9.4121,27.088],[-9.8169,26.8497],[-10.7568,27.0196],[-11.3916,26.8829],[-11.3369,26.6329],[-11.7172,26.1036],[-12.06,25.9903],[-12.4301,24.8302],[-12.9902,24.4698],[-13.31,23.9806],[-13.8901,23.6905],[-14.2202,22.3096],[-14.6299,21.8604],[-14.75,21.5001],[-17.0137,21.42],[-16.8166,22.1306],[-16.4822,22.3523],[-16.1632,22.9932],[-16.2131,23.0944],[-15.7726,23.7878],[-15.7751,23.9119],[-15.9949,23.645],[-15.9396,23.7748],[-14.8956,24.7057],[-14.8192,25.3302],[-14.4661,26.1942],[-13.5611,26.7491],[-13.1713,27.685],[-12.9524,27.9286],[-11.4856,28.3256],[-10.2484,29.2994],[-9.6551,30.1269],[-9.6116,30.4044],[-9.8885,30.6483],[-9.8475,31.4024],[-9.2777,32.1966],[-9.2599,32.5769],[-8.5292,33.2687],[-6.8221,34.0396],[-6.2921,34.8808],[-5.908,35.7973],[-5.3989,35.9245],[-5.0663,35.4175],[-4.376,35.1518],[-3.6996,35.2908],[-3.3192,35.2018],[-2.9686,35.4464],[-2.8561,35.1313],[-2.7481,35.116],[-2.8784,35.2463],[-2.6667,35.1082],[-2.2226,35.0893],[-1.7695,34.7413],[-1.8711,34.5966],[-1.703,34.4797],[-1.8096,34.3725],[-1.6696,34.0792],[-1.7468,33.7024],[-1.6173,33.5544],[-1.6834,33.2708],[-1.4995,33.0602],[-1.5588,32.9337],[-1.032,32.4944],[-1.2441,32.3569],[-1.3096,32.1674],[-1.2103,32.0897],[-2.8812,32.0763],[-2.8278,31.7946],[-3.6595,31.6478],[-3.8428,31.1702],[-3.5547,30.9559],[-3.6455,30.7113],[-4.3724,30.5086],[-5.1761,29.9775],[-5.5395,29.5232],[-6.2733,29.5791],[-7.6536,29.3762],[-8.6676,28.7117],[-8.6824,27.6614],[-8.817,27.6615]]]}},{"type":"Feature","properties":{"name":"W. Sahara"},"geometry":{"type":"Polygon","coordinates":[[[-8.817,27.6615],[-8.6824,27.6614],[-8.6877,26.0],[-12.0153,25.9949],[-12.0193,23.461],[-12.6194,23.2708],[-13.1523,22.82],[-13.0152,21.3334],[-16.9588,21.3329],[-17.0569,20.7669],[-17.0137,21.42],[-14.75,21.5001],[-14.6299,21.8604],[-14.2202,22.3096],[-13.8901,23.6905],[-13.31,23.9806],[-12.9902,24.4698],[-12.4301,24.8302],[-12.06,25.9903],[-11.7172,26.1036],[-11.3369,26.6329],[-11.3916,26.8829],[-10.7568,27.0196],[-9.8169,26.8497],[-9.4121,27.088],[-8.7939,27.1202],[-8.817,27.6615]]]}},{"type":"Feature","properties":{"name":"Costa Rica"},"geometry":{"type":"MultiPolygon","coordinates":[[[[-83.6965,10.9366],[-83.2037,10.1293],[-82.5628,9.5387],[-82.8475,9.6007],[-82.9417,9.4563],[-82.9394,9.0596],[-82.7194,8.9215],[-82.923,8.7562],[-82.8483,8.4652],[-83.0521,8.3276],[-82.8976,8.0347],[-83.1509,8.3693],[-83.1714,8.6375],[-83.4817,8.7126],[-83.2874,8.5418],[-83.2874,8.3767],[-83.7368,8.5927],[-83.5754,8.7883],[-83.6348,9.0441],[-84.2084,9.465],[-84.6166,9.5781],[-84.7336,9.9669],[-85.2892,10.2823],[-85.1861,10.0358],[-84.8646,9.8292],[-85.1178,9.5554],[-85.2993,9.808],[-85.6638,9.9001],[-85.844,10.231],[-85.8092,10.515],[-85.6317,10.6212],[-85.6803,10.7963],[-85.9464,10.8986],[-85.7106,10.9283],[-85.5978,11.2099],[-84.9314,10.9419],[-84.6765,11.0704],[-84.3555,10.9946],[-84.1916,10.7817],[-83.9173,10.7135],[-83.663,10.807],[-83.6965,10.9366]]]]}},{"type":"Feature","properties":{"name":"Nicaragua"},"geometry":{"type":"MultiPolygon","coordinates":[[[[-85.7017,11.0809],[-87.667,12.9822],[-87.5776,13.0847],[-87.3925,12.9134],[-87.035,12.9798],[-86.9108,13.2396],[-86.704,13.2988],[-86.7662,13.7453],[-86.3401,13.7567],[-86.0967,14.0441],[-85.7425,13.8237],[-85.7273,13.965],[-85.1696,14.3218],[-85.1455,14.5643],[-84.9042,14.817],[-84.4827,14.6195],[-83.6156,14.8727],[-83.5091,15.0115],[-83.1304,14.997],[-83.4246,14.8039],[-83.2992,14.7712],[-83.1866,14.3476],[-83.4313,13.9567],[-83.5592,13.4158],[-83.4818,12.4167],[-83.6375,12.3857],[-83.564,12.8127],[-83.5891,12.6321],[-83.7746,12.5335],[-83.6764,12.2799],[-83.617,12.348],[-83.671,11.9879],[-83.7777,12.1772],[-83.8361,11.8712],[-83.6999,11.8499],[-83.6517,11.6194],[-83.8679,11.2737],[-83.663,10.807],[-83.9266,10.7149],[-84.1916,10.7817],[-84.3555,10.9946],[-84.6765,11.0704],[-84.9314,10.9419],[-85.5978,11.2099],[-85.7017,11.0809]]]]}},{"type":"Feature","properties":{"name":"Congo"},"geometry":{"type":"Polygon","coordinates":[[[18.6264,3.4769],[18.6131,3.1282],[18.0724,2.16],[18.0714,1.5515],[17.8666,1.0166],[17.9455,0.3773],[17.7164,-0.1958],[17.7495,-0.5234],[17.308,-1.015],[16.8332,-1.269],[16.514,-1.8874],[16.1946,-2.182],[16.2256,-3.3132],[15.9121,-3.9174],[15.5338,-4.058],[14.6727,-4.8999],[14.4007,-4.8863],[14.3871,-4.2771],[13.9445,-4.4981],[13.715,-4.453],[13.7125,-4.6857],[13.3926,-4.8853],[12.7617,-4.3912],[12.0096,-5.0196],[11.8064,-4.5771],[11.114,-3.9369],[11.2125,-3.6973],[11.4826,-3.5093],[11.6876,-3.6987],[11.9055,-3.6435],[11.825,-3.5712],[11.9444,-3.3032],[11.6875,-3.171],[11.7784,-3.0057],[11.6368,-2.8333],[11.5307,-2.8667],[11.5662,-2.3297],[11.7561,-2.4151],[12.4593,-2.3299],[12.4269,-1.8841],[12.6324,-1.8252],[12.8046,-1.9191],[12.969,-2.3724],[13.4589,-2.441],[13.7432,-2.0971],[13.9062,-2.3598],[13.8458,-2.4666],[14.09,-2.4986],[14.4488,-1.6863],[14.3648,-1.612],[14.4877,-1.4094],[14.3918,-1.0233],[14.49,-0.6009],[13.8312,-0.2054],[13.9452,0.3504],[14.3288,0.6212],[14.4681,0.9132],[14.1445,1.3916],[13.7947,1.4344],[13.1502,1.2566],[13.2513,1.3376],[13.1296,1.5925],[13.1622,1.8998],[13.2946,2.1611],[14.5621,2.2088],[14.8925,2.0064],[15.7068,1.932],[16.0699,1.6546],[16.159,1.7348],[16.0858,2.1492],[16.4791,2.8363],[16.5985,3.5017],[17.4589,3.7083],[18.1816,3.4774],[18.4721,3.6321],[18.6264,3.4769]]]}},{"type":"Feature","properties":{"name":"Dem. Rep. Congo"},"geometry":{"type":"MultiPolygon","coordinates":[[[[18.6264,3.4769],[18.5419,4.3279],[18.7533,4.4006],[19.0833,4.9093],[19.409,5.1304],[19.8247,5.097],[20.3389,4.7719],[20.5803,4.415],[20.8715,4.4534],[21.2109,4.2916],[22.3033,4.1287],[22.5105,4.1913],[22.8984,4.8236],[23.4145,4.5908],[24.2592,4.9299],[24.3964,5.1223],[24.7306,4.9175],[25.3076,5.0323],[25.3636,5.3106],[25.5437,5.3753],[25.9109,5.1701],[26.1983,5.2384],[26.5025,5.0475],[26.8671,5.0375],[27.0737,5.2033],[27.3019,5.132],[27.7442,4.7878],[27.7724,4.5958],[28.3815,4.2753],[28.7554,4.554],[29.2213,4.3407],[29.4576,4.6695],[29.6185,4.6416],[29.7967,4.556],[29.7878,4.3688],[30.1894,3.9561],[30.5252,3.8675],[30.543,3.6129],[30.7469,3.6749],[30.8964,3.52],[30.7106,2.4451],[31.1776,2.3029],[31.2715,2.103],[30.4783,1.2386],[30.2389,1.136],[30.1548,0.9087],[29.9473,0.8246],[29.9405,0.4983],[29.7031,0.0725],[29.5779,-1.3884],[29.2333,-1.6587],[29.1348,-2.1977],[28.8572,-2.5183],[29.2346,-3.0466],[29.215,-3.8999],[29.4109,-4.5023],[29.3238,-4.9202],[29.6124,-5.7044],[29.4761,-6.0021],[29.5377,-6.3124],[29.707,-6.6193],[30.2945,-7.1494],[30.7521,-8.1941],[28.8892,-8.4831],[28.8931,-8.7658],[28.3525,-9.272],[28.6985,-9.792],[28.5699,-10.2196],[28.6996,-10.6432],[28.3603,-11.5336],[28.5079,-11.8728],[28.7511,-11.9922],[29.0351,-12.3789],[29.4997,-12.4531],[29.4743,-12.2427],[29.7993,-12.1541],[29.7822,-13.4557],[29.6174,-13.4212],[29.6692,-13.2812],[29.5744,-13.2254],[29.1841,-13.4369],[28.994,-13.3959],[28.708,-12.8898],[28.5428,-12.8856],[28.4227,-12.5213],[27.8567,-12.2624],[27.6382,-12.2936],[27.2342,-11.8091],[27.1801,-11.5696],[27.0238,-11.5956],[26.9477,-11.9091],[26.7174,-12.013],[25.9811,-11.903],[25.3449,-11.6422],[25.3103,-11.1948],[24.4909,-11.4615],[24.2939,-11.3992],[24.3705,-11.1002],[24.1242,-11.0433],[24.0015,-10.8734],[23.8337,-11.0285],[22.501,-11.0424],[22.2376,-11.2495],[22.1655,-10.8524],[22.3195,-10.7613],[22.3134,-10.3686],[21.792,-9.4061],[21.9439,-8.4559],[21.7539,-7.9973],[21.8609,-7.4698],[21.785,-7.2834],[20.5205,-7.2864],[20.6115,-6.916],[19.5218,-7.0019],[19.3555,-8.002],[18.5165,-7.9322],[18.0982,-8.1093],[17.6002,-8.0985],[16.9457,-7.2046],[16.7268,-6.1892],[16.5529,-5.9024],[12.8962,-5.8145],[12.4495,-6.0519],[12.2493,-5.8288],[12.259,-5.7367],[12.509,-5.7263],[12.4444,-5.0551],[13.088,-4.5795],[13.3926,-4.8853],[13.7125,-4.6857],[13.715,-4.453],[13.9445,-4.4981],[14.3871,-4.2771],[14.4007,-4.8863],[14.6727,-4.8999],[15.5338,-4.058],[15.9121,-3.9174],[16.2256,-3.3132],[16.1946,-2.182],[16.514,-1.8874],[16.8332,-1.269],[17.308,-1.015],[17.7495,-0.5234],[17.7164,-0.1958],[17.9455,0.3773],[17.8666,1.0166],[18.0714,1.5515],[18.0724,2.16],[18.6131,3.1282],[18.6264,3.4769]]]]}},{"type":"Feature","properties":{"name":"Bhutan"},"geometry":{"type":"Polygon","coordinates":[[[90.4752,28.0723],[91.0519,27.9628],[91.2902,28.0914],[91.638,27.9397],[91.5951,27.5464],[92.0236,27.4468],[92.0728,26.8878],[90.7171,26.767],[90.3488,26.8967],[89.8137,26.6961],[88.8517,26.9454],[88.7544,27.2126],[88.997,27.3309],[88.9784,27.5303],[89.5615,28.1346],[90.2256,28.3584],[90.5877,28.2333],[90.4752,28.0723]]]}},{"type":"Feature","properties":{"name":"Ukraine"},"geometry":{"type":"MultiPolygon","coordinates":[[[[31.7643,52.1006],[32.2333,52.0809],[32.3943,52.3268],[32.909,52.2411],[33.1829,52.3673],[33.8041,52.3546],[34.0653,52.1586],[34.0962,51.9518],[34.4127,51.7777],[34.0891,51.6666],[34.3087,51.3346],[34.186,51.2489],[35.0787,51.2076],[35.1436,51.0585],[35.3551,51.0256],[35.2848,50.9443],[35.4689,50.6685],[35.3777,50.6218],[35.6114,50.3517],[36.1058,50.4211],[36.5944,50.2044],[37.4152,50.4319],[38.0004,49.8998],[38.2999,50.0605],[38.9374,49.8035],[39.1558,49.8736],[39.8015,49.5422],[40.1307,49.5798],[40.0349,49.4871],[40.1417,49.2458],[39.6811,49.0203],[39.7587,48.8954],[40.0538,48.8692],[39.7794,48.8077],[39.6317,48.5869],[39.8353,48.5735],[39.9241,48.3761],[39.8159,48.3082],[39.9932,48.2732],[39.7599,48.015],[39.7591,47.8329],[38.8309,47.8482],[38.7345,47.6771],[38.2934,47.5628],[38.1887,47.301],[38.2982,47.256],[38.1423,47.0377],[37.5464,47.0816],[37.3352,46.8825],[36.8537,46.8005],[36.7693,46.6374],[36.6961,46.78],[36.2783,46.6074],[35.9016,46.6527],[35.0,46.0736],[35.3421,46.3358],[35.1883,46.5124],[35.1084,46.2978],[34.8123,46.1767],[34.9757,45.7173],[34.6886,45.974],[33.8462,46.1957],[33.6703,46.2181],[33.5163,46.0463],[33.2146,46.1282],[33.2351,46.2238],[32.5034,46.0761],[31.8011,46.2851],[32.0536,46.406],[31.6865,46.4299],[31.5083,46.5876],[32.3176,46.4643],[32.6455,46.6496],[32.0228,46.6291],[31.9769,47.0093],[31.7417,47.2591],[31.9683,46.937],[31.8994,46.6496],[31.493,46.6287],[31.6182,46.8135],[31.4407,46.8005],[31.4162,46.6291],[30.7907,46.5529],[30.4942,46.0805],[29.8024,45.7375],[29.8601,45.6689],[29.7337,45.6143],[29.6382,45.8263],[29.7088,45.2233],[29.5697,45.395],[29.3221,45.4438],[28.577,45.2481],[28.2016,45.4689],[28.502,45.5087],[28.474,45.6579],[28.7402,45.9532],[28.9569,46.0014],[28.9458,46.4548],[29.1842,46.538],[29.2007,46.3571],[29.4576,46.4847],[29.6156,46.3618],[29.7141,46.4712],[29.8281,46.3394],[30.1316,46.4228],[29.9019,46.5308],[29.9282,46.8098],[29.5587,46.9457],[29.5566,47.324],[29.4096,47.2798],[29.1556,47.45],[29.236,47.8707],[29.124,47.976],[28.9504,47.9348],[28.5736,48.155],[28.4796,48.0649],[28.3174,48.1354],[28.3577,48.2386],[28.0933,48.2374],[27.583,48.486],[26.8319,48.3914],[26.7744,48.2872],[26.3035,48.212],[26.1731,47.9931],[25.2617,47.8986],[24.8966,47.7101],[24.5421,47.9438],[23.4608,47.9713],[23.1391,48.0981],[22.8776,47.9467],[22.8014,48.091],[22.1328,48.4048],[22.1387,48.5696],[22.5396,49.0722],[22.867,49.01],[22.6817,49.1612],[22.6658,49.5674],[23.6822,50.3682],[24.1077,50.5408],[23.9576,50.808],[24.1432,50.8564],[23.6352,51.3047],[23.6167,51.6248],[23.9813,51.586],[24.3908,51.88],[25.7679,51.9285],[27.1511,51.7568],[27.2675,51.5875],[27.6927,51.5892],[27.7143,51.4637],[27.8313,51.6129],[28.21,51.652],[28.3339,51.5284],[28.6039,51.5535],[28.7288,51.4013],[29.0632,51.6306],[29.3199,51.3656],[30.1486,51.4844],[30.5396,51.2352],[30.6456,51.3675],[30.5151,51.6037],[30.9188,52.0592],[31.7643,52.1006]]]]}},{"type":"Feature","properties":{"name":"Belarus"},"geometry":{"type":"Polygon","coordinates":[[[23.6062,51.5174],[23.5324,51.659],[23.6375,52.0845],[23.1656,52.2894],[23.9225,52.7426],[23.8937,53.152],[23.4856,53.9393],[24.3779,53.8868],[25.4594,54.2989],[25.516,54.1448],[25.7631,54.1564],[25.696,54.321],[25.5287,54.321],[25.7404,54.5685],[25.7827,54.8697],[26.8007,55.2733],[26.45,55.3271],[26.6156,55.688],[26.9811,55.8269],[27.5927,55.7942],[28.111,56.1568],[28.3109,56.0427],[28.6115,56.0885],[28.7319,55.9468],[29.3956,55.9477],[29.3436,55.787],[29.4809,55.6811],[30.2003,55.858],[30.8862,55.6005],[30.9183,55.3878],[30.7943,55.2855],[31.0056,55.023],[30.7706,54.786],[31.1679,54.6216],[31.0646,54.4923],[31.3247,54.2292],[31.8226,54.0534],[31.7447,53.7949],[32.4421,53.7139],[32.4294,53.5616],[32.7195,53.4395],[32.7175,53.3349],[32.1173,53.0811],[31.3785,53.182],[31.2471,53.0144],[31.5608,52.7871],[31.4806,52.6825],[31.6286,52.5481],[31.5674,52.3114],[31.7643,52.1006],[30.9188,52.0592],[30.5151,51.6037],[30.6456,51.3675],[30.5507,51.2368],[30.1486,51.4844],[29.3199,51.3656],[29.0632,51.6306],[28.7288,51.4013],[28.6039,51.5535],[28.3339,51.5284],[28.21,51.652],[27.8313,51.6129],[27.7143,51.4637],[27.6927,51.5892],[27.2675,51.5875],[27.1511,51.7568],[25.7679,51.9285],[24.3908,51.88],[23.9813,51.586],[23.629,51.629],[23.6062,51.5174]]]}},{"type":"Feature","properties":{"name":"Namibia"},"geometry":{"type":"Polygon","coordinates":[[[16.4871,-28.5729],[15.7478,-28.0246],[15.2953,-27.3224],[15.083,-26.6952],[15.1687,-26.5922],[14.9663,-26.3352],[14.8403,-25.7517],[14.8533,-25.0642],[14.4592,-24.0983],[14.4102,-22.9708],[14.5293,-22.9002],[14.5086,-22.548],[13.3976,-20.8493],[13.1777,-20.1892],[12.45,-18.9046],[12.0319,-18.5053],[11.7969,-17.9561],[11.7551,-17.2667],[12.0881,-17.1392],[12.5672,-17.2346],[13.1663,-16.9511],[13.4798,-17.0103],[13.9806,-17.4236],[18.4536,-17.3899],[18.89,-17.7993],[20.3362,-17.8549],[20.8062,-18.0314],[24.2205,-17.4795],[25.037,-17.5812],[25.2598,-17.7941],[24.9533,-17.7884],[24.5644,-18.0528],[24.3506,-17.9561],[23.6099,-18.4777],[23.2928,-17.999],[20.9751,-18.3193],[20.9848,-21.964],[19.9783,-22.0007],[19.9817,-28.4223],[19.5688,-28.5312],[19.1202,-28.9575],[18.7457,-28.8399],[18.1665,-28.9019],[17.4036,-28.7043],[17.3457,-28.2276],[17.2131,-28.2321],[17.0764,-28.0268],[16.893,-28.0826],[16.7404,-28.4809],[16.4871,-28.5729]]]}},{"type":"Feature","properties":{"name":"South Africa"},"geometry":{"type":"MultiPolygon","coordinates":[[[[19.9814,-24.7525],[20.3649,-25.0332],[20.6565,-25.4678],[20.8414,-26.1313],[20.6053,-26.4933],[20.6908,-26.8918],[20.9077,-26.8],[21.6645,-26.8631],[22.5451,-26.2074],[23.0307,-25.2994],[23.4593,-25.2822],[23.9248,-25.6292],[24.665,-25.8233],[25.4584,-25.7112],[25.5873,-25.6195],[25.8684,-24.7482],[26.4044,-24.6328],[26.8392,-24.2656],[27.1274,-23.525],[27.7536,-23.2208],[28.3018,-22.6038],[28.9125,-22.4537],[29.0387,-22.2239],[29.6614,-22.1265],[30.335,-22.3447],[31.1526,-22.3164],[31.2889,-22.3973],[31.5276,-23.4568],[31.8504,-23.9306],[31.9866,-24.4231],[31.9958,-25.6369],[31.8919,-25.9838],[31.4015,-25.736],[31.1198,-25.91],[30.8046,-26.3975],[30.8024,-26.8089],[30.8802,-26.7722],[31.142,-27.1965],[31.5265,-27.3109],[31.9683,-27.3163],[31.9901,-26.8083],[32.8931,-26.8461],[32.8652,-27.0173],[32.3921,-28.5353],[31.365,-29.3326],[30.0628,-31.2387],[29.4116,-31.6775],[28.5486,-32.5624],[27.1009,-33.5253],[26.4761,-33.7643],[25.7854,-33.7436],[25.634,-33.8552],[25.6975,-34.0349],[24.9529,-33.9851],[24.8342,-34.2057],[23.6355,-33.9797],[23.4084,-34.11],[22.5837,-33.9941],[22.1692,-34.0832],[21.7887,-34.3813],[20.9134,-34.3604],[20.8411,-34.465],[20.4827,-34.4705],[20.0156,-34.8189],[19.6532,-34.7741],[19.2969,-34.6178],[19.3602,-34.5004],[19.1193,-34.4006],[19.1399,-34.2944],[18.8176,-34.3769],[18.8001,-34.0895],[18.4784,-34.1069],[18.4701,-34.3474],[18.3163,-34.1575],[18.4844,-33.8439],[17.843,-32.8233],[18.2964,-32.6086],[18.2769,-31.8927],[17.282,-30.3478],[16.8241,-29.101],[16.47,-28.62],[16.7404,-28.4809],[16.893,-28.0826],[17.0764,-28.0268],[17.2131,-28.2321],[17.3457,-28.2276],[17.4036,-28.7043],[18.1665,-28.9019],[18.7457,-28.8399],[19.1202,-28.9575],[19.5688,-28.5312],[19.9817,-28.4223],[19.9814,-24.7525]],[[28.9808,-28.909],[28.6343,-28.5708],[27.7474,-28.9086],[27.3502,-29.4803],[27.0022,-29.6665],[27.3814,-30.1427],[27.3662,-30.311],[27.7436,-30.6003],[28.0788,-30.6588],[28.2006,-30.2825],[28.3839,-30.1442],[29.1442,-29.9197],[29.1138,-29.7501],[29.4359,-29.3424],[29.3118,-29.0898],[28.9808,-28.909]]],[[[37.6624,-46.8285],[37.8958,-46.8899],[37.6188,-46.9544],[37.6624,-46.8285]]]]}},{"type":"Feature","properties":{"name":"St-Martin"},"geometry":{"type":"Polygon","coordinates":[[[-63.0176,18.0334],[-63.1468,18.0703],[-63.0176,18.1221],[-63.0176,18.0334]]]}},{"type":"Feature","properties":{"name":"Oman"},"geometry":{"type":"MultiPolygon","coordinates":[[[[56.2606,25.3311],[56.3444,25.2665],[56.22,25.2153],[56.2606,25.3311]]],[[[56.0774,26.061],[56.2083,26.2631],[56.4041,26.2147],[56.3084,26.2215],[56.3638,26.386],[56.501,26.3587],[56.3986,26.2687],[56.4798,26.1458],[56.3288,26.1728],[56.473,26.0986],[56.2791,25.6274],[56.1451,25.6708],[56.1835,26.0145],[56.0774,26.061]]],[[[56.3833,24.9782],[56.6112,24.4963],[57.1515,23.9536],[58.7621,23.5421],[59.5158,22.5615],[59.8249,22.5089],[59.8118,22.2374],[59.3442,21.4447],[58.6803,20.8284],[58.5186,20.4168],[58.2029,20.4047],[58.2057,20.6133],[57.8561,20.2606],[57.6892,19.7282],[57.8157,18.9918],[56.8078,18.7456],[56.3563,17.94],[55.4452,17.841],[55.2282,17.5388],[55.2603,17.2343],[55.0269,17.0111],[54.085,17.0111],[53.0903,16.6424],[51.9786,18.9956],[54.9784,19.9954],[55.6376,21.979],[55.1868,22.7036],[55.2259,23.1213],[55.5383,23.77],[55.4568,23.9632],[55.9979,24.0813],[55.9332,24.2207],[55.7557,24.2303],[55.8294,24.9212],[56.0056,24.9562],[56.0991,24.7305],[56.3833,24.9782]]],[[[58.9063,20.626],[58.95,20.5089],[58.6522,20.1705],[58.6482,20.3688],[58.9063,20.626]]]]}},{"type":"Feature","properties":{"name":"Uzbekistan"},"geometry":{"type":"MultiPolygon","coordinates":[[[[70.959,40.2384],[70.6221,40.1996],[70.3714,40.3649],[70.3696,40.4755],[70.7671,40.7376],[70.4457,41.0259],[69.6909,40.63],[69.3551,40.7804],[69.1984,40.5665],[69.2853,40.195],[68.5811,40.1642],[68.987,40.0917],[68.7747,40.0799],[68.8808,39.8783],[68.7589,39.9806],[68.5174,39.5484],[67.7176,39.6234],[67.4273,39.4766],[67.3501,39.2198],[67.6676,39.1318],[67.6905,38.9896],[68.1009,38.9793],[68.1726,38.8453],[68.0552,38.5363],[68.3562,38.2126],[67.8292,37.5279],[67.7805,37.1889],[67.5031,37.282],[67.2591,37.1851],[67.0059,37.3844],[66.5196,37.3642],[66.6243,37.9938],[65.8767,38.273],[65.6041,38.2374],[64.3373,38.971],[64.1506,38.9495],[63.7093,39.1909],[62.4528,40.0092],[62.3533,40.4304],[62.1342,40.5778],[61.8779,41.125],[61.4332,41.3003],[61.2814,41.1573],[60.4781,41.2121],[60.0942,41.3895],[60.1647,41.585],[60.0492,41.7535],[60.2527,41.7801],[59.9065,41.9666],[60.0282,42.1995],[59.2584,42.3475],[59.1461,42.5268],[58.8944,42.5478],[58.5879,42.7912],[58.5345,42.6545],[58.1213,42.6242],[58.4906,42.2976],[58.016,42.4997],[57.8505,42.1914],[57.3823,42.1636],[56.9784,41.8951],[57.0196,41.4659],[57.1614,41.368],[57.0295,41.2626],[55.9784,41.3217],[55.9758,44.9944],[58.5549,45.5572],[61.0363,44.3828],[62.0261,43.4806],[63.208,43.6275],[64.4267,43.547],[64.9229,43.7191],[65.5169,43.2972],[65.7952,42.8772],[66.1013,42.9903],[66.0087,42.0027],[66.5041,41.9935],[66.733,41.1581],[67.9374,41.2004],[68.1313,41.0296],[67.9909,40.8111],[68.4617,40.5847],[68.6142,40.6091],[68.5709,40.9135],[69.0312,41.2088],[69.0362,41.374],[69.9124,41.7129],[70.3579,42.0622],[70.579,42.0162],[70.7343,42.1973],[71.0776,42.2812],[71.2382,42.1602],[70.8455,42.0304],[70.1665,41.5202],[70.4532,41.4055],[70.6678,41.4714],[70.7704,41.2385],[71.1801,41.1081],[71.4161,41.1274],[71.4188,41.3474],[71.5855,41.3235],[71.6714,41.5474],[71.8716,41.1945],[72.1584,41.1879],[72.1651,40.9994],[72.3324,41.0728],[72.6582,40.8672],[73.1486,40.8137],[72.6255,40.5105],[72.3519,40.602],[72.3941,40.3894],[72.1659,40.4544],[71.9567,40.3157],[72.0189,40.24],[71.7072,40.1443],[71.2538,40.3244],[70.959,40.2384]]],[[[71.1769,40.042],[71.2084,39.8888],[71.0219,39.8808],[70.954,40.0958],[71.1769,40.042]]]]}},{"type":"Feature","properties":{"name":"Kazakhstan"},"geometry":{"type":"MultiPolygon","coordinates":[[[[87.3238,49.0853],[86.8595,49.1053],[86.7094,48.9542],[86.752,48.7154],[86.5651,48.5273],[85.7187,48.3588],[85.5154,47.9203],[85.679,47.2749],[85.4986,47.0518],[84.7396,46.8148],[84.6635,46.9839],[83.9053,46.974],[83.0215,47.2059],[82.2915,45.5332],[82.632,45.4158],[82.5397,45.1237],[82.2453,45.2318],[81.9501,45.1445],[81.6652,45.348],[79.8582,44.9037],[80.4923,44.728],[80.3558,44.6529],[80.3389,44.1215],[80.7934,43.1495],[80.3681,43.0285],[80.5486,42.8785],[80.2275,42.791],[80.14,42.623],[80.2491,42.2049],[79.9179,42.4244],[79.4257,42.4696],[79.1483,42.791],[76.9569,42.9885],[75.7972,42.9362],[75.6204,42.8053],[75.1786,42.8497],[74.1788,43.2617],[73.5709,43.0319],[73.4127,42.6273],[73.5051,42.4029],[71.8477,42.8341],[71.2454,42.7471],[71.0032,42.5635],[71.0642,42.4703],[70.8527,42.3061],[70.9478,42.2481],[70.6102,42.0274],[70.3579,42.0622],[69.9124,41.7129],[69.0362,41.374],[69.0312,41.2088],[68.5709,40.9135],[68.6142,40.6091],[68.4617,40.5847],[67.9909,40.8111],[68.1313,41.0296],[67.9374,41.2004],[66.733,41.1581],[66.5041,41.9935],[66.0087,42.0027],[66.1013,42.9903],[65.7952,42.8772],[65.5169,43.2972],[64.9229,43.7191],[64.4267,43.547],[63.208,43.6275],[62.0261,43.4806],[61.0363,44.3828],[58.5549,45.5572],[55.9761,44.9951],[55.9784,41.3217],[55.4503,41.2789],[54.9071,41.9321],[54.1226,42.3376],[52.9787,42.1266],[52.4377,41.7489],[52.402,42.0925],[52.6763,42.5385],[52.5638,42.7423],[52.7105,42.5854],[52.7363,42.7014],[52.1692,42.887],[51.9124,42.8424],[51.6511,43.1914],[51.2757,43.1545],[51.3147,43.4625],[50.8472,44.1893],[50.2777,44.3365],[50.2246,44.5677],[50.3112,44.6623],[51.5603,44.5114],[50.9624,44.8637],[50.9593,44.9788],[51.273,45.0246],[51.4157,45.39],[53.2612,45.3428],[52.7319,45.5541],[53.1184,46.1143],[53.1567,46.3417],[52.9966,46.5048],[53.2078,46.695],[53.0604,46.8923],[52.4559,47.0012],[52.1126,46.8127],[52.0189,46.937],[51.7439,46.9268],[51.6802,47.057],[51.5923,46.9873],[51.2126,47.1209],[50.5691,46.829],[50.4302,46.8967],[49.8174,46.5404],[49.3053,46.5876],[49.3714,46.3994],[49.2234,46.4709],[49.2271,46.3279],[48.4551,46.6608],[49.0063,46.7691],[48.1744,47.7129],[47.4122,47.8359],[47.3597,47.6833],[47.1238,47.808],[47.0442,47.9862],[47.192,48.0718],[47.0989,48.2654],[46.4783,48.4106],[46.7538,48.9141],[47.0209,49.0968],[47.0286,49.2015],[46.7751,49.3325],[46.9226,49.8614],[47.3286,50.073],[47.3057,50.2949],[47.5993,50.4527],[48.2393,49.8648],[48.7846,49.9334],[48.8741,50.0698],[48.5683,50.6365],[48.8304,50.596],[49.3694,50.8268],[49.4365,51.1123],[49.7791,51.1022],[50.3254,51.3035],[50.5817,51.6353],[50.7907,51.5973],[50.767,51.7594],[51.3719,51.6296],[51.2365,51.5359],[51.3042,51.4716],[51.6933,51.4541],[51.8692,51.6731],[52.3078,51.7745],[52.5458,51.4595],[53.4073,51.4842],[53.6739,51.2199],[54.4786,50.8535],[54.3798,50.6194],[54.4994,50.5233],[54.6763,50.6025],[54.6382,50.8857],[54.503,50.9283],[54.6382,51.0277],[55.66,50.53],[56.4783,51.073],[56.6884,50.9691],[56.7161,51.0725],[57.1545,51.1],[57.4676,50.8585],[57.7224,50.9087],[57.7688,51.1197],[58.1676,51.0552],[58.3084,51.15],[58.595,51.0234],[58.5502,50.8933],[58.6644,50.7899],[59.4376,50.6311],[59.5634,50.5799],[59.4517,50.5373],[59.5228,50.4746],[59.8157,50.5629],[60.0213,50.8541],[60.3004,50.6847],[60.7185,50.6527],[61.3721,50.7825],[61.5342,51.2061],[61.6637,51.2584],[61.4738,51.4258],[60.3759,51.6625],[60.4521,51.8055],[59.9857,51.9523],[61.0399,52.335],[60.6726,52.6722],[61.0584,52.9222],[60.9746,52.9712],[62.0942,52.9925],[62.0507,53.1248],[61.1627,53.2992],[61.2353,53.503],[61.5553,53.5057],[60.8802,53.6328],[61.1991,53.7971],[60.9961,53.9414],[61.2108,53.9077],[61.1935,54.0183],[61.3377,54.0632],[62.0036,53.932],[62.0026,54.0174],[62.4127,54.0266],[62.5253,53.8719],[62.581,54.0536],[63.1567,54.1801],[63.8975,54.1942],[64.0045,54.3197],[64.5785,54.3856],[65.1842,54.3104],[65.1982,54.5162],[65.4498,54.6275],[68.1661,54.9561],[68.3082,55.0728],[68.1771,55.1705],[68.6053,55.1956],[68.7006,55.3605],[68.9706,55.2786],[68.9432,55.4346],[70.2137,55.132],[70.4412,55.2833],[70.8204,55.2941],[71.006,54.7742],[71.2647,54.6617],[71.1412,54.5638],[71.1906,54.3182],[70.9708,54.305],[71.1613,54.102],[71.3206,54.201],[71.6472,54.1086],[71.7625,54.2476],[72.1551,54.1284],[72.0432,54.378],[72.4829,54.1356],[72.3584,54.093],[72.3922,53.9082],[72.7002,53.9576],[72.5031,54.0509],[72.6242,54.135],[73.3603,53.9384],[73.7406,54.0579],[73.6829,53.8741],[73.4318,53.8654],[73.2297,53.6624],[73.4109,53.43],[73.9042,53.6392],[74.3884,53.4622],[74.4385,53.6734],[74.772,53.8309],[75.0279,53.8079],[75.434,53.9865],[75.4292,54.0901],[76.8959,54.4639],[76.6646,54.1341],[76.3767,54.1543],[76.4952,53.9923],[77.8668,53.2723],[80.0213,50.7669],[80.439,50.9581],[80.422,51.1876],[80.6828,51.302],[81.152,51.1865],[81.0515,50.9557],[81.4008,50.9591],[81.4602,50.7303],[82.4758,50.714],[82.7265,50.9007],[83.434,50.9927],[83.9506,50.7804],[84.25,50.2599],[84.9867,50.067],[84.9546,49.9069],[85.2236,49.5957],[86.1773,49.4633],[86.7484,49.783],[86.5993,49.5735],[87.3238,49.0853]],[[63.3839,45.5658],[63.834,45.7159],[63.9641,46.0205],[63.7099,46.3204],[63.2664,46.3824],[62.9003,46.209],[62.8036,45.9362],[63.0129,45.66],[63.3839,45.5658]]],[[[50.1703,44.8301],[49.9861,44.9468],[50.052,45.0656],[50.0212,44.944],[50.1703,44.8301]]],[[[49.8224,46.314],[49.8047,46.2105],[49.72,46.3568],[49.8224,46.314]]]]}},{"type":"Feature","properties":{"name":"Tajikistan"},"geometry":{"type":"MultiPolygon","coordinates":[[[[70.959,40.2384],[70.4772,39.9009],[70.5255,40.0337],[70.0046,40.2088],[69.518,40.1251],[69.5016,39.9225],[69.314,39.9869],[69.2407,39.8289],[69.3003,39.5156],[70.4772,39.6012],[70.7701,39.3821],[71.4595,39.6121],[71.5129,39.4588],[71.7403,39.4483],[71.7512,39.2742],[72.0498,39.3689],[72.2289,39.1892],[72.519,39.3757],[73.6043,39.4596],[73.6078,39.2073],[73.8261,38.9769],[73.6808,38.873],[73.8164,38.5866],[74.0289,38.5272],[74.1234,38.6695],[74.3342,38.667],[74.8329,38.4636],[74.7907,38.0814],[74.9652,37.7675],[74.8919,37.5992],[75.1641,37.4006],[74.8923,37.2311],[74.3156,37.4269],[73.7092,37.217],[73.5973,37.2618],[73.7535,37.4284],[73.2963,37.4649],[72.7907,37.2203],[72.6577,37.0288],[71.653,36.687],[71.4311,37.067],[71.5977,37.8984],[71.2583,37.9265],[71.3582,38.2513],[70.9507,38.4731],[70.6649,38.4054],[70.1721,37.9461],[70.2831,37.7048],[70.1579,37.5414],[69.5287,37.586],[69.3239,37.121],[68.8879,37.3381],[68.0111,36.9309],[67.7731,37.11],[67.8012,37.4664],[68.3562,38.2126],[68.0552,38.5363],[68.1726,38.8453],[68.1009,38.9793],[67.6905,38.9896],[67.6676,39.1318],[67.3501,39.2198],[67.4273,39.4766],[67.7176,39.6234],[68.5174,39.5484],[68.7589,39.9806],[68.8808,39.8783],[68.7747,40.0799],[68.987,40.0917],[68.5811,40.1642],[69.2853,40.195],[69.1984,40.5665],[69.3551,40.7804],[69.7177,40.6363],[70.2804,40.8777],[70.3635,41.0324],[70.7671,40.7376],[70.3696,40.4755],[70.3714,40.3649],[70.6221,40.1996],[70.959,40.2384]]],[[[70.4987,39.8819],[70.7048,39.8221],[70.5816,39.7666],[70.4987,39.8819]]]]}},{"type":"Feature","properties":{"name":"Lithuania"},"geometry":{"type":"MultiPolygon","coordinates":[[[[26.5945,55.667],[26.45,55.3271],[26.8007,55.2733],[25.7827,54.8697],[25.7404,54.5685],[25.5287,54.321],[25.696,54.321],[25.7631,54.1564],[25.516,54.1448],[25.4594,54.2989],[24.8216,54.1345],[24.7887,53.9697],[23.6271,53.8982],[23.4856,53.9393],[23.3545,54.2171],[22.707,54.4187],[22.7009,54.6796],[22.8484,54.8138],[22.5655,55.0678],[22.0768,55.0286],[21.2676,55.2487],[21.0534,56.0726],[22.0941,56.4174],[24.1389,56.2574],[24.871,56.4426],[25.0731,56.1978],[25.6619,56.1408],[26.5945,55.667]]],[[[20.9894,55.2731],[21.0852,55.7228],[21.1062,55.4212],[20.9894,55.2731]]]]}},{"type":"Feature","properties":{"name":"Brazil"},"geometry":{"type":"MultiPolygon","coordinates":[[[[-57.6028,-30.1905],[-56.428,-29.0699],[-55.9056,-28.378],[-55.6942,-28.4001],[-55.7725,-28.232],[-55.0296,-27.8507],[-55.0812,-27.7783],[-54.9132,-27.7369],[-54.805,-27.5264],[-54.2869,-27.4284],[-54.177,-27.2434],[-53.83,-27.1568],[-53.6616,-26.2598],[-53.91,-25.6292],[-54.1164,-25.4946],[-54.4473,-25.6892],[-54.6002,-25.5749],[-54.2453,-24.0506],[-54.6392,-23.8044],[-55.1654,-24.0168],[-55.4207,-23.9545],[-55.6237,-22.6387],[-55.861,-22.2895],[-56.2143,-22.2754],[-56.4076,-22.0758],[-56.8561,-22.2932],[-57.9862,-22.0745],[-57.8176,-20.9536],[-58.1588,-20.1651],[-57.8597,-19.9801],[-58.1246,-19.7299],[-57.7158,-19.0446],[-57.7823,-18.9104],[-57.4657,-18.2177],[-57.8007,-17.5335],[-58.3991,-17.2374],[-58.4803,-16.6837],[-58.3396,-16.2893],[-60.1607,-16.2648],[-60.2464,-15.4783],[-60.5822,-15.0989],[-60.2698,-15.0834],[-60.4726,-13.7979],[-61.0472,-13.4646],[-61.8364,-13.5406],[-62.1147,-13.1502],[-62.7898,-13.0007],[-63.075,-12.6527],[-63.3179,-12.702],[-63.8014,-12.4549],[-64.2875,-12.4971],[-64.4898,-12.3736],[-64.4894,-12.2395],[-64.9974,-11.9963],[-65.3873,-11.2776],[-65.2996,-10.9697],[-65.45,-10.4681],[-65.2848,-10.2068],[-65.398,-9.6867],[-65.584,-9.8372],[-65.7886,-9.733],[-66.6426,-9.9079],[-67.5846,-10.5018],[-67.7217,-10.7055],[-68.0438,-10.6669],[-68.2933,-10.979],[-68.6157,-11.1125],[-69.3959,-10.935],[-70.6413,-11.0108],[-70.6384,-9.8518],[-70.5419,-9.7082],[-70.6244,-9.5658],[-70.525,-9.4309],[-71.2997,-9.9934],[-72.1957,-10.0056],[-72.3127,-9.5325],[-73.215,-9.409],[-72.9761,-8.9854],[-73.5408,-8.3591],[-73.7849,-7.9404],[-73.7122,-7.7882],[-74.0185,-7.5435],[-73.9829,-7.3564],[-73.7131,-7.3047],[-73.7594,-6.8874],[-73.1478,-6.4762],[-73.2348,-6.0776],[-72.9769,-5.6517],[-72.9179,-5.1321],[-72.6448,-5.0606],[-71.9072,-4.5184],[-70.9687,-4.3853],[-70.6468,-4.1157],[-70.3306,-4.1432],[-70.2056,-4.3429],[-69.9718,-4.291],[-69.3995,-1.1827],[-69.6198,-0.5246],[-70.068,-0.1601],[-70.0542,0.5881],[-69.4781,0.7328],[-69.1375,0.6501],[-69.2888,1.0384],[-69.8522,1.0594],[-69.8562,1.7077],[-68.1633,1.7213],[-68.2802,1.8294],[-68.1922,2.0149],[-67.9288,1.7413],[-67.4246,2.1381],[-67.1172,1.7098],[-67.0861,1.176],[-66.8751,1.2225],[-66.2851,0.7458],[-65.596,0.9836],[-65.4978,0.6587],[-65.1368,1.1269],[-64.7309,1.2476],[-64.409,1.5075],[-64.3529,1.3658],[-64.093,1.6226],[-64.0366,1.9273],[-63.4118,2.1494],[-63.3726,2.2668],[-63.3848,2.4206],[-64.048,2.4713],[-63.9976,2.7149],[-64.2229,3.124],[-64.203,3.5947],[-64.6429,3.973],[-64.7916,4.2844],[-64.5897,4.1189],[-64.1467,4.1106],[-64.0377,3.8825],[-63.6716,3.9462],[-63.5107,3.8545],[-63.3517,3.9587],[-62.8894,3.5608],[-62.7496,3.6604],[-62.7662,4.0207],[-62.4281,4.1832],[-61.8881,4.1502],[-61.5522,4.255],[-61.3156,4.5208],[-60.9773,4.535],[-60.5919,4.9497],[-60.7399,5.2021],[-60.2134,5.2672],[-59.9831,5.0859],[-60.16,4.5278],[-59.6867,4.3812],[-59.7385,4.2028],[-59.5277,3.9395],[-59.8629,3.5817],[-59.8218,3.3566],[-59.9937,2.8573],[-59.9134,2.3787],[-59.7417,2.2638],[-59.7588,1.8621],[-59.2599,1.3874],[-58.834,1.1858],[-58.5189,1.2673],[-58.5137,1.4389],[-58.3205,1.6012],[-58.0272,1.5169],[-57.985,1.6577],[-57.5612,1.709],[-57.3194,1.9771],[-55.9538,1.8533],[-55.9183,2.0504],[-56.1468,2.2562],[-55.971,2.5303],[-55.7243,2.3969],[-54.9591,2.609],[-54.8803,2.4473],[-54.7032,2.4458],[-54.7041,2.3248],[-54.1349,2.1107],[-53.7648,2.3687],[-52.9597,2.1752],[-52.5904,2.5047],[-52.3553,3.1516],[-51.5853,4.2338],[-51.4368,3.9295],[-51.5165,4.4411],[-51.1869,4.0788],[-51.1761,3.6483],[-51.0799,3.8823],[-51.0168,3.0356],[-50.6793,2.1717],[-50.7797,2.0709],[-50.6196,2.1052],[-50.4665,1.8154],[-49.9506,1.7213],[-49.883,1.3077],[-50.1497,1.2212],[-49.8876,1.1749],[-50.7906,0.1695],[-51.327,-0.0795],[-51.2512,-0.1274],[-51.5802,-0.5252],[-51.9346,-1.3395],[-52.2381,-1.3464],[-52.7081,-1.6],[-52.2791,-1.5182],[-52.204,-1.6902],[-50.8396,-0.9128],[-50.9564,-1.1285],[-50.6547,-1.738],[-50.7876,-1.8974],[-50.8798,-1.852],[-50.8442,-1.9553],[-50.6106,-1.8142],[-50.4158,-2.0732],[-50.3125,-1.9088],[-49.9769,-1.8261],[-49.8125,-2.108],[-49.8466,-1.9018],[-49.5928,-2.0117],[-49.6548,-1.8951],[-49.422,-1.779],[-49.3811,-1.9913],[-49.6637,-2.6777],[-49.5274,-2.6284],[-48.9656,-1.5997],[-48.8573,-1.5665],[-49.0333,-1.8466],[-48.6569,-1.3834],[-48.4283,-1.6623],[-48.4829,-1.5114],[-48.3253,-1.4705],[-48.4966,-1.4614],[-48.4828,-1.2813],[-48.3346,-1.3137],[-48.0379,-0.6617],[-47.9621,-0.7818],[-47.8091,-0.5652],[-47.7287,-0.7565],[-47.5845,-0.5782],[-47.3931,-0.8126],[-47.4619,-0.5929],[-47.4073,-0.6816],[-47.294,-0.5929],[-47.1398,-0.7989],[-47.0775,-0.6657],[-47.0572,-0.8671],[-46.9691,-0.6959],[-46.9474,-0.9013],[-46.8192,-0.7117],[-46.7494,-0.943],[-46.6559,-0.8018],[-46.5985,-0.8671],[-46.7494,-1.0187],[-46.4276,-0.8686],[-46.475,-1.0453],[-46.2484,-1.0937],[-46.2003,-0.9076],[-46.2621,-1.1832],[-46.1017,-1.0733],[-46.0504,-1.2104],[-45.9795,-1.0551],[-45.9481,-1.2514],[-45.8675,-1.0635],[-45.8109,-1.3264],[-45.7216,-1.1349],[-45.6755,-1.3663],[-45.5439,-1.2703],[-45.5297,-1.4158],[-45.4157,-1.2877],[-45.5427,-1.491],[-45.4608,-1.5462],[-45.3262,-1.3129],[-45.3236,-1.7448],[-45.1632,-1.4828],[-45.063,-1.4289],[-44.9674,-1.594],[-44.868,-1.4213],[-44.9338,-1.6555],[-44.837,-1.5661],[-44.8219,-1.7592],[-44.7079,-1.7175],[-44.8104,-1.8132],[-44.598,-1.7448],[-44.6595,-1.8398],[-44.5302,-1.8338],[-44.4881,-1.9875],[-44.6173,-2.039],[-44.4944,-2.0458],[-44.824,-2.2792],[-44.6656,-2.2709],[-44.6527,-2.4295],[-44.4617,-2.1446],[-44.3636,-2.3339],[-44.5514,-2.391],[-44.656,-2.5932],[-44.5404,-2.5383],[-44.6861,-2.9167],[-44.6222,-3.051],[-44.796,-3.3002],[-44.433,-2.9503],[-44.2926,-2.4811],[-44.0344,-2.4152],[-44.3485,-2.8102],[-44.1865,-2.759],[-44.2002,-2.8689],[-43.9232,-2.5468],[-43.878,-2.6349],[-43.5373,-2.436],[-43.4529,-2.5529],[-43.4263,-2.3378],[-42.2394,-2.8342],[-41.8386,-2.7295],[-41.2445,-3.0152],[-41.2569,-2.8752],[-39.9857,-2.8484],[-38.4774,-3.6974],[-38.0296,-4.2374],[-37.2926,-4.718],[-37.1829,-4.9109],[-36.5444,-5.1276],[-35.9972,-5.0475],[-35.5106,-5.1437],[-35.2231,-5.5826],[-35.1509,-6.216],[-35.0382,-6.2365],[-34.8601,-6.9146],[-34.9147,-7.1305],[-34.8396,-6.9729],[-34.7936,-7.1762],[-34.8048,-7.5141],[-34.9289,-7.5558],[-34.8053,-7.6227],[-34.9072,-7.7338],[-34.8116,-7.9325],[-35.3051,-9.193],[-35.6962,-9.6729],[-35.7999,-9.5847],[-35.8581,-9.7346],[-35.963,-9.6108],[-35.8106,-9.7448],[-36.4081,-10.5021],[-36.9031,-10.7729],[-37.1383,-11.1259],[-37.2751,-11.0227],[-37.1492,-11.1874],[-37.3301,-11.4207],[-37.2994,-11.1948],[-37.4701,-11.3587],[-37.3956,-11.4374],[-37.4919,-11.5163],[-37.3608,-11.4548],[-37.6547,-12.0497],[-38.3204,-12.9352],[-38.5327,-13.0165],[-38.5089,-12.7229],[-38.691,-12.5715],[-38.8066,-12.8351],[-38.8617,-12.6541],[-38.9237,-12.7366],[-38.7245,-12.8732],[-39.1155,-13.5994],[-39.0071,-13.5048],[-38.98,-13.8359],[-39.1488,-13.7369],[-38.9945,-13.8635],[-39.0398,-14.1754],[-38.9299,-13.8976],[-39.0671,-14.675],[-38.8617,-15.8543],[-39.2086,-17.1622],[-39.1371,-17.6796],[-39.6594,-18.2736],[-39.7862,-19.602],[-40.0268,-19.7644],[-40.2328,-20.2668],[-40.3693,-20.2327],[-40.2595,-20.3215],[-40.3487,-20.5001],[-40.7585,-20.8642],[-41.0572,-21.4838],[-40.9953,-22.0143],[-41.6665,-22.2818],[-41.9663,-22.5354],[-41.993,-22.6999],[-41.8698,-22.7521],[-42.0135,-22.9817],[-43.0314,-22.9743],[-43.1308,-22.9196],[-43.0756,-22.6657],[-43.2702,-22.747],[-43.1708,-22.9698],[-43.5604,-23.0675],[-44.0037,-23.0911],[-43.6037,-23.0077],[-43.8502,-22.8923],[-44.1864,-23.049],[-44.4114,-22.9374],[-44.7005,-23.1077],[-44.6514,-23.2848],[-44.5012,-23.2965],[-44.9193,-23.3488],[-45.413,-23.6179],[-45.4267,-23.8307],[-45.8644,-23.7564],[-46.2877,-24.0212],[-46.3854,-23.8735],[-46.376,-24.0245],[-48.0516,-25.0368],[-47.8871,-25.0573],[-47.922,-25.1586],[-48.2091,-25.4576],[-48.1273,-25.28],[-48.3328,-25.3583],[-48.3253,-25.2286],[-48.4557,-25.2485],[-48.4727,-25.4757],[-48.743,-25.3521],[-48.7108,-25.4964],[-48.3612,-25.571],[-48.541,-25.8455],[-48.7694,-25.8674],[-48.5635,-25.8658],[-48.5925,-26.1839],[-48.7338,-26.2247],[-48.7965,-26.0685],[-48.7982,-26.3049],[-48.6079,-26.4367],[-48.6072,-27.1044],[-48.4761,-27.154],[-48.62,-27.2467],[-48.6359,-28.2302],[-48.7612,-28.4874],[-48.874,-28.3463],[-48.7561,-28.5284],[-49.3428,-28.9235],[-49.8107,-29.4431],[-50.7214,-31.0445],[-52.0686,-32.1624],[-52.0873,-31.8278],[-51.8363,-31.8549],[-51.4225,-31.4851],[-51.245,-31.464],[-51.1619,-31.0777],[-50.9759,-31.131],[-50.9784,-30.8933],[-50.6926,-30.7265],[-50.7257,-30.3631],[-50.565,-30.4501],[-50.6148,-30.1862],[-50.9364,-30.4316],[-51.2835,-30.0074],[-51.327,-30.2245],[-51.0906,-30.352],[-51.2505,-30.4623],[-51.2697,-30.7818],[-51.3771,-30.6423],[-51.443,-31.081],[-51.9635,-31.3323],[-52.0079,-31.6462],[-52.0833,-31.5587],[-52.2186,-31.7407],[-52.1339,-31.9308],[-52.2586,-32.0536],[-52.0814,-32.032],[-52.1689,-32.1007],[-52.0912,-32.1661],[-52.2534,-32.2825],[-52.6449,-33.137],[-53.3791,-33.7407],[-53.5396,-33.6493],[-53.5369,-33.1708],[-53.1108,-32.7224],[-53.5613,-32.4495],[-53.7573,-32.055],[-54.2742,-31.8234],[-54.6045,-31.4598],[-55.2443,-31.2446],[-55.5919,-30.8483],[-56.0114,-31.0821],[-56.0114,-30.7982],[-56.8313,-30.102],[-57.0771,-30.1061],[-57.2451,-30.2933],[-57.6028,-30.1905]]],[[[-38.9442,-13.3946],[-38.902,-13.6718],[-39.0459,-13.4582],[-38.9442,-13.3946]]],[[[-38.6146,-12.925],[-38.7865,-13.1339],[-38.6971,-12.8805],[-38.6146,-12.925]]],[[[-48.339,-1.0665],[-48.3341,-1.205],[-48.4621,-1.1645],[-48.339,-1.0665]]],[[[-48.1949,-0.8194],[-48.2019,-1.0115],[-48.3071,-1.0207],[-48.1949,-0.8194]]],[[[-50.8192,-0.6202],[-51.1004,-0.8263],[-51.0663,-0.676],[-50.8192,-0.6202]]],[[[-47.6605,-0.5792],[-47.7015,-0.7096],[-47.7614,-0.5758],[-47.6605,-0.5792]]],[[[-51.186,-0.6139],[-51.2756,-1.0252],[-51.9303,-1.4708],[-51.534,-0.6347],[-51.3474,-0.532],[-51.3816,-0.6549],[-51.3083,-0.5187],[-51.186,-0.6139]]],[[[-51.1653,-0.1403],[-51.1667,-0.3056],[-51.4051,-0.4596],[-51.1653,-0.1403]]],[[[-48.4625,-0.5761],[-48.6428,-1.0836],[-48.8187,-1.2029],[-48.9211,-1.1415],[-48.7963,-1.2685],[-48.833,-1.4158],[-48.9901,-1.2924],[-48.8392,-1.45],[-49.0658,-1.5319],[-49.1977,-1.3884],[-49.2228,-1.6212],[-49.3873,-1.4841],[-49.3583,-1.6376],[-49.443,-1.6354],[-49.5313,-1.4977],[-49.5587,-1.7242],[-49.6883,-1.7693],[-49.7442,-1.5803],[-49.7764,-1.8072],[-50.0282,-1.6555],[-50.155,-1.779],[-50.2582,-1.4841],[-50.265,-1.7448],[-50.3065,-1.6555],[-50.297,-1.8035],[-50.4052,-1.831],[-50.6039,-1.7721],[-50.8032,-1.435],[-50.7926,-1.0862],[-50.5597,-1.1832],[-50.6167,-1.1199],[-50.4766,-1.0392],[-50.7926,-1.0187],[-50.7373,-0.5519],[-50.5485,-0.6778],[-50.6827,-0.6238],[-50.6964,-0.36],[-50.3682,-0.1056],[-48.4272,-0.2599],[-48.4625,-0.5761]]],[[[-50.9737,-0.2912],[-50.9473,-0.012],[-50.6553,-0.0238],[-50.6759,-0.1546],[-50.9737,-0.2912]]],[[[-49.8323,-0.1031],[-49.4966,0.0856],[-49.3475,-0.0097],[-49.4634,-0.128],[-49.8323,-0.1031]]],[[[-50.6343,0.0713],[-50.6106,0.1834],[-50.4902,0.1594],[-50.4377,-0.0],[-50.6343,0.0713]]],[[[-50.0369,0.2997],[-49.5304,0.3538],[-50.0045,-0.0528],[-50.3837,0.1299],[-50.0369,0.2997]]],[[[-50.378,0.245],[-50.5181,0.2149],[-50.3667,0.6199],[-50.378,0.245]]],[[[-50.3121,0.414],[-50.2582,0.5852],[-50.0657,0.6473],[-50.0427,0.5103],[-50.3121,0.414]]],[[[-50.2024,0.7497],[-50.2255,0.8592],[-50.0157,0.8925],[-50.2024,0.7497]]],[[[-50.4544,2.1109],[-50.314,1.9683],[-50.4191,1.863],[-50.5238,2.0015],[-50.4544,2.1109]]],[[[-48.5444,-26.3419],[-48.5832,-26.4211],[-48.7033,-26.3119],[-48.5476,-26.1672],[-48.5444,-26.3419]]],[[[-45.2137,-23.9065],[-45.453,-23.8914],[-45.3085,-23.7214],[-45.2137,-23.9065]]],[[[-44.1009,-23.149],[-44.3671,-23.1652],[-44.2351,-23.0688],[-44.1009,-23.149]]]]}},{"type":"Feature","properties":{"name":"Uruguay"},"geometry":{"type":"Polygon","coordinates":[[[-57.6028,-30.1905],[-57.2451,-30.2933],[-57.0771,-30.1061],[-56.8313,-30.102],[-56.0114,-30.7982],[-56.0114,-31.0821],[-55.5919,-30.8483],[-55.2443,-31.2446],[-54.6045,-31.4598],[-54.2742,-31.8234],[-53.7573,-32.055],[-53.5613,-32.4495],[-53.1198,-32.7074],[-53.5116,-33.0994],[-53.5396,-33.6493],[-53.3791,-33.7407],[-53.7649,-34.3904],[-54.1459,-34.6676],[-54.3286,-34.5618],[-54.3065,-34.7077],[-54.9393,-34.9699],[-55.6934,-34.7647],[-56.1561,-34.9412],[-57.152,-34.4509],[-57.8554,-34.471],[-58.2087,-34.1476],[-58.4394,-33.6985],[-58.3514,-33.1217],[-58.1378,-33.0951],[-58.0485,-32.9117],[-58.1974,-32.4698],[-58.0965,-32.281],[-58.2026,-31.8931],[-58.0489,-31.7971],[-57.9796,-31.5988],[-58.0752,-31.4752],[-57.7961,-30.8684],[-57.8771,-30.5148],[-57.6028,-30.1905]]]}},{"type":"Feature","properties":{"name":"Mongolia"},"geometry":{"type":"Polygon","coordinates":[[[116.6843,49.8233],[115.8004,48.5304],[115.8,48.2423],[115.5142,48.1316],[115.5757,47.9097],[115.9145,47.6839],[116.2439,47.8629],[116.822,47.8763],[117.3608,47.6509],[117.7669,47.9931],[118.4728,47.9894],[119.7,47.1595],[119.8964,46.8986],[119.8544,46.6597],[119.3169,46.6117],[118.8465,46.7655],[118.269,46.7229],[117.7976,46.5203],[117.3938,46.5714],[117.3375,46.3573],[116.5683,46.2909],[116.1699,45.7091],[115.6674,45.4543],[114.5337,45.3855],[114.0893,44.9618],[113.6048,44.7397],[111.9583,45.0845],[111.7385,44.9663],[111.3971,44.3874],[111.9334,43.6966],[110.9734,43.3156],[110.4067,42.7686],[109.4851,42.4493],[108.1774,42.4543],[106.7678,42.2866],[104.9738,41.5861],[104.5049,41.6566],[104.5008,41.8706],[103.6914,41.7592],[103.0735,42.0045],[102.0342,42.1846],[101.5249,42.5375],[100.017,42.6765],[99.4745,42.5642],[97.1933,42.7873],[96.3578,42.7245],[96.3187,42.9101],[95.8744,43.2471],[95.5353,43.9577],[95.319,44.0171],[95.3977,44.2805],[94.6982,44.3435],[93.5253,44.9513],[90.8732,45.1862],[90.6511,45.4931],[90.7108,45.7522],[91.0024,46.0218],[90.8962,46.302],[91.0475,46.5664],[90.8851,46.9447],[90.4687,47.3089],[90.3448,47.6586],[90.0446,47.8798],[89.7513,47.8243],[89.5418,48.031],[89.0747,47.9843],[88.6358,48.1758],[88.5027,48.3926],[87.9518,48.5752],[88.0594,48.7081],[87.7357,48.8867],[87.8726,48.968],[87.8163,49.1658],[88.144,49.2707],[88.1748,49.4439],[89.1607,49.5027],[89.2164,49.6345],[89.7024,49.72],[89.6677,49.9273],[90.6839,50.2162],[91.012,50.4253],[91.4157,50.4614],[91.7498,50.6841],[92.1589,50.6891],[92.3609,50.8684],[92.6498,50.6741],[92.9617,50.7779],[93.1049,50.5988],[94.2587,50.5575],[94.3545,50.2236],[94.6035,50.0197],[95.5007,49.8867],[96.056,49.9988],[97.3433,49.7342],[97.5666,49.9168],[98.048,50.023],[98.2625,50.2838],[98.2935,50.5186],[98.0385,50.623],[97.8064,51.0011],[98.0397,51.4573],[98.2204,51.4752],[98.3322,51.7183],[98.6827,51.8195],[98.8864,52.1286],[99.9179,51.7495],[102.0747,51.3748],[102.1934,51.3072],[102.3029,50.5639],[103.2768,50.1976],[104.1217,50.1483],[105.3286,50.4765],[106.2223,50.2924],[106.6565,50.327],[107.1922,50.006],[107.9465,49.9335],[107.9274,49.67],[108.5381,49.3274],[110.7314,49.1377],[111.3385,49.3647],[112.7771,49.5014],[113.5797,50.0199],[114.2863,50.2769],[114.7537,50.2362],[115.3878,49.8911],[116.2176,50.0138],[116.6843,49.8233]]]}},{"type":"Feature","properties":{"name":"Russia"},"geometry":{"type":"MultiPolygon","coordinates":[[[[87.8163,49.1658],[87.4004,49.071],[87.0245,49.2489],[86.8243,49.5092],[86.5918,49.5872],[86.7484,49.783],[86.1773,49.4633],[85.2236,49.5957],[84.9546,49.9069],[84.9867,50.067],[84.25,50.2599],[83.9506,50.7804],[83.434,50.9927],[82.7265,50.9007],[82.4758,50.714],[81.4602,50.7303],[81.4008,50.9591],[81.0515,50.9557],[81.152,51.1865],[80.6828,51.302],[80.422,51.1876],[80.439,50.9581],[80.0213,50.7669],[77.8668,53.2723],[76.4952,53.9923],[76.3767,54.1543],[76.6646,54.1341],[76.8959,54.4639],[75.4292,54.0901],[75.434,53.9865],[75.0279,53.8079],[74.772,53.8309],[74.4385,53.6734],[74.3884,53.4622],[73.9042,53.6392],[73.4109,53.43],[73.2297,53.6624],[73.4318,53.8654],[73.6829,53.8741],[73.7406,54.0579],[73.3603,53.9384],[72.6242,54.135],[72.5031,54.0509],[72.7002,53.9576],[72.3922,53.9082],[72.3584,54.093],[72.4829,54.1356],[72.0432,54.378],[72.1551,54.1284],[71.7625,54.2476],[71.6472,54.1086],[71.3206,54.201],[71.1613,54.102],[70.9708,54.305],[71.1906,54.3182],[71.1412,54.5638],[71.2647,54.6617],[71.006,54.7742],[70.8204,55.2941],[70.4412,55.2833],[70.2137,55.132],[68.9273,55.4337],[68.9706,55.2786],[68.7006,55.3605],[68.6053,55.1956],[68.1771,55.1705],[68.3082,55.0728],[68.1661,54.9561],[65.4498,54.6275],[65.1982,54.5162],[65.1842,54.3104],[64.5785,54.3856],[64.0045,54.3197],[63.8975,54.1942],[63.1567,54.1801],[62.581,54.0536],[62.5253,53.8719],[62.4127,54.0266],[62.0026,54.0174],[62.0036,53.932],[61.3377,54.0632],[61.1935,54.0183],[61.2108,53.9077],[60.9961,53.9414],[61.1991,53.7971],[60.8802,53.6328],[61.5553,53.5057],[61.2353,53.503],[61.1627,53.2992],[62.0507,53.1248],[62.0942,52.9925],[60.9746,52.9712],[61.0584,52.9222],[60.6726,52.6722],[61.0399,52.335],[59.9857,51.9523],[60.4521,51.8055],[60.3759,51.6625],[61.4738,51.4258],[61.6637,51.2584],[61.5342,51.2061],[61.3721,50.7825],[60.7185,50.6527],[60.3004,50.6847],[60.0213,50.8541],[59.8157,50.5629],[59.5228,50.4746],[59.4517,50.5373],[59.5634,50.5799],[59.4376,50.6311],[58.6644,50.7899],[58.5502,50.8933],[58.595,51.0234],[58.3084,51.15],[58.1676,51.0552],[57.7688,51.1197],[57.7224,50.9087],[57.4676,50.8585],[57.1545,51.1],[56.7161,51.0725],[56.6884,50.9691],[56.4783,51.073],[55.66,50.53],[54.6382,51.0277],[54.503,50.9283],[54.6382,50.8857],[54.6763,50.6025],[54.4994,50.5233],[54.3798,50.6194],[54.4786,50.8535],[53.6739,51.2199],[53.4073,51.4842],[52.5458,51.4595],[52.3078,51.7745],[51.8692,51.6731],[51.6933,51.4541],[51.3042,51.4716],[51.2365,51.5359],[51.3719,51.6296],[50.767,51.7594],[50.7907,51.5973],[50.5817,51.6353],[50.3254,51.3035],[49.7791,51.1022],[49.4365,51.1123],[49.3694,50.8268],[48.8304,50.596],[48.5683,50.6365],[48.8741,50.0698],[48.7846,49.9334],[48.2393,49.8648],[47.8082,50.3199],[47.4698,50.4118],[47.2948,50.2754],[47.3087,50.0448],[46.8999,49.8203],[46.7751,49.3325],[47.04,49.1503],[46.7538,48.9141],[46.4783,48.4106],[47.0989,48.2654],[47.192,48.0718],[47.0442,47.9862],[47.1238,47.808],[47.3597,47.6833],[47.4122,47.8359],[48.1744,47.7129],[49.0063,46.7691],[48.4551,46.6608],[49.306,46.2631],[49.1502,46.3358],[49.1145,46.1513],[48.627,46.0873],[48.7522,45.9656],[48.7163,45.8135],[48.5549,45.9675],[48.2428,45.7099],[47.8591,45.7242],[47.8182,45.6081],[47.5601,45.7716],[47.6537,45.5591],[47.3848,45.7502],[47.5721,45.567],[47.3814,45.411],[47.3701,45.1856],[47.0988,44.9564],[47.0783,44.7851],[46.9889,44.9154],[46.6804,44.5285],[47.2459,44.212],[47.5028,43.781],[47.4043,43.5114],[47.5444,43.8652],[47.7015,43.8745],[47.4909,43.4628],[47.4934,43.2963],[47.5857,43.2995],[47.4619,43.0208],[48.5789,41.8453],[47.8711,41.2082],[47.2684,41.3028],[47.1414,41.5524],[46.7408,41.8512],[46.5676,41.7867],[45.9341,42.0285],[45.6314,42.2012],[45.6987,42.5076],[45.3227,42.5301],[45.123,42.7023],[44.8594,42.7595],[44.7735,42.6096],[44.5081,42.7503],[43.9397,42.5522],[43.7226,42.6249],[43.8006,42.7465],[42.8298,43.1688],[41.5775,43.2153],[40.2331,43.5758],[39.9626,43.3926],[38.7583,44.2736],[38.2173,44.3872],[37.7785,44.7298],[37.8001,44.6352],[37.4987,44.6684],[37.1919,44.991],[36.5773,45.1942],[36.9617,45.2829],[36.6681,45.3264],[36.8333,45.443],[37.1394,45.3355],[37.0784,45.239],[37.5193,45.3693],[37.7293,45.3017],[37.6997,45.5628],[37.6231,45.6014],[37.5863,45.4324],[37.5951,45.6353],[37.8294,45.7532],[37.9401,46.0203],[38.0975,46.0578],[38.0396,45.8161],[38.1675,46.1205],[38.5599,46.0327],[37.905,46.411],[37.7307,46.6701],[38.5754,46.6538],[38.3782,46.7082],[38.4353,46.8467],[39.3887,47.1152],[39.0881,47.2864],[38.5174,47.119],[38.8104,47.2878],[38.2166,47.1033],[38.3009,47.276],[38.1906,47.3169],[38.319,47.5913],[38.7345,47.6771],[38.8309,47.8482],[39.7591,47.8329],[39.7599,48.015],[39.9932,48.2732],[39.8159,48.3082],[39.9241,48.3761],[39.8353,48.5735],[39.6317,48.5869],[39.7794,48.8077],[40.0538,48.8692],[39.7587,48.8954],[39.6811,49.0203],[40.1417,49.2458],[40.0349,49.4871],[40.1307,49.5798],[39.8015,49.5422],[39.1558,49.8736],[38.9374,49.8035],[38.2999,50.0605],[38.0004,49.8998],[37.4152,50.4319],[36.5944,50.2044],[36.1058,50.4211],[35.6114,50.3517],[35.3777,50.6218],[35.4689,50.6685],[35.2848,50.9443],[35.3551,51.0256],[35.1436,51.0585],[35.0787,51.2076],[34.186,51.2489],[34.3087,51.3346],[34.0891,51.6666],[34.4127,51.7777],[34.0962,51.9518],[34.0653,52.1586],[33.8041,52.3546],[33.1829,52.3673],[32.909,52.2411],[32.3943,52.3268],[32.2333,52.0809],[31.7643,52.1006],[31.5674,52.3114],[31.6286,52.5481],[31.4806,52.6825],[31.5608,52.7871],[31.2471,53.0144],[31.4164,53.2],[32.2011,53.0976],[32.7175,53.3349],[32.7012,53.4621],[32.4294,53.5616],[32.4421,53.7139],[31.7447,53.7949],[31.8226,54.0534],[31.3247,54.2292],[31.0646,54.4923],[31.1679,54.6216],[30.7706,54.786],[31.0056,55.023],[30.7943,55.2855],[30.9183,55.3878],[30.8862,55.6005],[30.2003,55.858],[29.4809,55.6811],[29.3507,55.7661],[29.3774,55.954],[29.0308,56.0242],[28.809,55.9346],[28.6115,56.0885],[28.1691,56.1253],[28.1261,56.5478],[27.8655,56.7427],[27.9135,56.8201],[27.6284,56.8442],[27.8403,57.2906],[27.3285,57.5706],[27.5246,57.8073],[27.7993,57.8611],[27.4954,58.2215],[27.5549,58.3952],[27.4106,58.7549],[27.8823,59.2757],[28.1818,59.3561],[28.0191,59.4818],[28.007,59.7582],[28.3753,59.6663],[28.4761,59.8518],[28.8325,59.7865],[29.1614,60.0026],[30.162,59.8685],[30.2461,59.9749],[29.9483,60.0297],[29.849,60.1669],[29.052,60.1843],[28.617,60.382],[28.439,60.5599],[28.7028,60.4612],[28.6904,60.7385],[28.2158,60.5476],[27.8079,60.553],[30.9256,62.3021],[31.5695,62.9059],[31.204,63.2127],[29.9808,63.7415],[30.5523,64.0217],[30.5585,64.2197],[30.0325,64.3969],[29.9548,64.569],[30.1808,64.6428],[30.1189,64.7679],[29.6336,64.9072],[29.5984,65.0344],[29.8502,65.1215],[29.5801,65.2354],[29.8386,65.5649],[29.7029,65.6294],[30.1117,65.712],[29.9002,66.1081],[29.0515,66.9078],[30.0094,67.6858],[29.3309,68.0727],[28.6903,68.1832],[28.4474,68.5149],[28.8015,68.8355],[28.4102,68.8985],[29.1203,69.0468],[29.3768,69.3016],[29.9671,69.3735],[30.2247,69.5408],[30.1191,69.6346],[30.8982,69.5442],[30.841,69.8058],[31.3953,69.7237],[31.3257,69.6149],[31.8106,69.6877],[31.7009,69.7366],[31.7537,69.8541],[32.0989,69.7919],[31.9845,69.9703],[33.1203,69.7442],[32.8718,69.5825],[32.1697,69.6549],[32.1301,69.756],[31.9683,69.6542],[32.502,69.517],[32.238,69.4223],[33.085,69.4761],[32.8133,69.3015],[33.5237,69.4283],[33.2351,69.27],[33.5442,69.2086],[33.0606,69.0833],[33.0234,68.9547],[33.724,69.3368],[35.967,69.1768],[37.6805,68.7134],[38.3887,68.3432],[38.7654,68.2906],[38.5101,68.3655],[38.6392,68.385],[39.6084,68.0634],[39.8595,68.0466],[39.7932,68.1647],[40.4668,67.7612],[41.0399,67.6778],[41.1089,67.2538],[41.3904,67.1249],[41.1781,66.8096],[40.085,66.2888],[38.5544,66.055],[35.5578,66.387],[34.8036,66.6135],[34.4802,66.5376],[34.356,66.6298],[34.5217,66.6572],[34.0923,66.6724],[34.1414,66.7738],[33.9473,66.6849],[33.1006,66.8581],[32.8049,67.0103],[32.9299,67.1],[31.8509,67.1528],[32.262,67.125],[32.5498,67.0001],[32.4202,66.8859],[33.3086,66.6552],[32.9014,66.5748],[33.5368,66.5359],[32.9409,66.5285],[33.6231,66.4912],[33.7354,66.426],[33.5163,66.4055],[33.6746,66.3571],[33.3108,66.3168],[34.1028,66.2469],[34.8524,65.9003],[34.9686,65.7277],[34.6887,65.8097],[34.7766,65.5966],[34.6819,65.4534],[34.297,65.3851],[34.7737,65.1002],[34.7024,64.9804],[34.9421,64.8576],[34.757,64.7744],[35.009,64.7432],[34.8323,64.6979],[34.9776,64.6119],[34.7433,64.5559],[35.3488,64.2961],[35.5891,64.3223],[35.5825,64.4113],[35.8108,64.342],[36.2922,64.0097],[37.4378,63.7923],[38.0737,64.0174],[37.902,64.2399],[38.0202,64.3085],[37.749,64.4417],[37.1215,64.3947],[36.5598,64.7174],[36.44,64.9171],[36.8074,64.9591],[36.82,65.1471],[38.385,64.8446],[38.0666,64.7812],[38.0481,64.6459],[38.448,64.8179],[39.5665,64.5453],[39.9236,64.603],[39.7864,64.5969],[39.8504,64.676],[40.5171,64.5414],[40.4109,64.7368],[40.5173,64.7741],[39.7409,65.3565],[39.7493,65.5521],[40.7101,65.9723],[41.6436,66.1728],[42.1559,66.5264],[42.6448,66.4525],[42.5486,66.3851],[43.3021,66.426],[43.6926,66.2372],[43.3528,66.0415],[43.5149,65.9742],[43.4114,66.0976],[43.8364,66.1858],[44.1797,65.8643],[44.0964,66.2619],[44.5632,66.6662],[44.364,66.7823],[44.5217,66.9194],[44.3025,67.056],[44.3777,67.1044],[43.8153,67.1775],[43.7667,67.2777],[44.1445,67.6794],[44.0874,67.8851],[44.2684,67.9268],[44.138,67.9951],[44.4118,68.0634],[44.1808,68.0361],[44.2276,68.2968],[43.3172,68.6666],[45.5821,68.5142],[46.5349,68.1326],[46.6983,67.8165],[45.3504,67.7304],[45.3146,67.5921],[45.0282,67.5319],[44.9121,67.372],[45.5939,67.1582],[46.0252,66.8334],[46.5785,66.8729],[46.4067,66.7462],[47.5814,66.8699],[47.742,67.0307],[47.7704,67.3378],[47.9479,67.4443],[47.8457,67.6009],[48.7,67.7159],[49.1067,67.6395],[48.7778,67.7274],[48.7936,67.8312],[48.5859,67.9343],[49.1333,67.8626],[50.7788,68.3793],[52.1771,68.5824],[52.0594,68.4853],[52.361,68.4749],[52.1356,68.3793],[52.402,68.3377],[52.7313,68.4742],[52.4914,68.5915],[52.6345,68.6585],[52.3285,68.6334],[53.8786,68.9741],[54.5569,68.9929],[53.5949,68.9069],[54.0262,68.8454],[53.7205,68.6569],[53.9443,68.406],[53.3274,68.3514],[53.2107,68.2694],[53.3274,68.2421],[53.9925,68.2214],[54.1849,68.3205],[54.2398,68.2113],[54.5044,68.3122],[54.8319,68.1733],[54.9367,68.3984],[55.3929,68.5643],[55.9971,68.6605],[57.3298,68.5648],[58.1712,68.8893],[58.4241,68.7427],[58.282,68.9032],[58.8788,69.0031],[59.2239,68.9997],[58.8919,68.9342],[59.423,68.757],[59.0564,68.6195],[59.0871,68.4169],[59.6748,68.3362],[59.9639,68.466],[59.8112,68.6879],[60.4666,68.7223],[60.9688,68.9069],[60.9027,69.1223],[60.5913,69.1328],[60.5425,69.3156],[60.1388,69.5779],[60.6536,69.6728],[60.7056,69.8237],[60.9266,69.8675],[64.1276,69.5501],[65.0044,69.3041],[64.8311,69.2944],[64.7859,69.1471],[65.0682,69.2681],[67.0901,68.8557],[67.1963,68.7073],[68.1349,68.4234],[68.2881,68.1883],[68.6509,68.3179],[68.561,68.3725],[69.1091,68.879],[68.9514,68.9032],[69.2189,68.9621],[68.458,68.9846],[68.0262,69.3194],[68.1066,69.5487],[67.0173,69.7031],[66.8552,69.6369],[66.9577,69.5369],[66.7957,69.5862],[66.8848,70.0129],[67.1433,69.9831],[67.3276,70.106],[67.0942,70.2209],[67.3345,70.7578],[67.1384,70.8418],[66.6887,70.7698],[66.6082,70.8807],[66.8895,71.0787],[66.6205,71.0578],[66.9121,71.2947],[68.3488,71.6752],[69.0545,72.6621],[68.9758,72.696],[69.3538,72.9526],[71.5632,72.916],[72.8369,72.7099],[72.7214,72.703],[72.8743,72.2811],[72.3508,71.8642],[72.345,71.7082],[71.8034,71.4803],[72.6365,71.1317],[72.8369,70.8596],[72.6833,70.6166],[72.7713,70.4252],[72.4356,70.2859],[72.6216,70.1617],[72.492,70.0412],[72.6917,69.8369],[72.5017,69.6467],[72.6384,69.4414],[72.488,69.414],[72.6477,69.2922],[72.4779,69.1769],[72.5774,68.9404],[73.6463,68.4578],[73.0908,68.2143],[73.2044,67.9572],[73.0715,67.8156],[73.1143,67.6904],[72.5813,67.6202],[72.3919,67.4675],[72.4026,67.3281],[72.0483,67.3029],[72.2259,67.1595],[71.9133,67.1323],[71.9946,67.056],[71.7476,66.9161],[71.3019,66.9536],[71.5149,66.8785],[71.5769,66.6588],[70.6886,66.5154],[70.2952,66.6383],[70.7234,66.7618],[70.3157,66.6799],[69.8978,66.8716],[68.965,66.8096],[69.2056,66.5694],[69.9028,66.4155],[72.0757,66.2358],[72.3473,66.3064],[72.4124,66.5085],[72.2888,66.5011],[72.4738,66.611],[72.9424,66.6567],[73.8692,67.0014],[73.8996,67.2962],[74.7303,67.6863],[74.825,67.9405],[74.7254,68.1524],[74.3316,68.3856],[74.4544,68.694],[74.6279,68.7746],[76.5824,68.9752],[76.6626,68.7626],[77.3257,68.5233],[77.1619,68.2936],[77.3566,68.2329],[77.1926,67.9852],[77.3052,67.9101],[77.0798,67.7904],[77.693,67.5453],[79.0525,67.5705],[77.4942,67.7513],[77.537,68.1286],[78.1726,68.2744],[77.7869,68.5146],[77.647,68.9111],[76.042,69.2391],[75.5086,69.2614],[74.7728,69.0812],[73.7588,69.1694],[73.8996,69.4208],[73.516,69.7464],[73.7648,70.079],[73.7077,70.1613],[74.3162,70.5203],[74.3179,70.6678],[73.9275,70.8554],[73.5562,71.2551],[73.0225,71.4288],[73.4985,71.6649],[73.5259,71.8222],[74.9949,72.1378],[75.1111,72.3464],[75.0588,72.595],[74.7511,72.82],[75.3189,72.8192],[75.5308,72.7412],[75.3382,72.6832],[75.7082,72.5659],[75.5565,72.4975],[75.7424,72.2655],[75.2537,71.9422],[75.2275,71.7774],[75.5329,71.5423],[75.2415,71.4536],[75.263,71.3655],[76.8889,71.1904],[76.9142,71.0725],[77.0051,71.1845],[77.5581,71.1737],[78.4114,70.8955],[79.1145,71.0042],[78.4424,70.9143],[78.5597,71.0452],[78.2376,71.1097],[78.279,71.2589],[76.2723,71.5729],[75.9968,71.9079],[76.8782,72.05],[77.5846,71.8311],[78.1095,71.8804],[78.2258,71.9826],[77.9856,72.1095],[77.3772,72.1102],[78.1245,72.3846],[79.3914,72.3856],[80.8346,72.0833],[80.6472,72.0341],[81.7367,71.6999],[83.2517,71.7257],[83.3052,71.6584],[83.012,71.529],[83.0479,71.4151],[82.2726,71.2788],[82.3528,71.0963],[82.2083,70.9868],[82.4172,70.777],[82.082,70.5654],[82.3489,70.2023],[82.1572,70.5716],[82.4646,70.6132],[82.5786,70.9111],[82.9016,71.001],[83.1338,70.8824],[83.1372,70.764],[83.0105,70.4266],[82.6438,70.1812],[83.1111,70.0695],[83.183,70.1389],[82.9517,70.3251],[83.5344,70.332],[83.7747,70.4766],[83.3818,71.0327],[83.1161,71.1135],[83.257,71.1165],[83.1476,71.2448],[83.6189,71.6312],[83.3605,71.8406],[82.6781,71.8795],[82.1851,72.0935],[82.3074,72.1828],[82.1981,72.2816],[81.2082,72.3549],[80.7041,72.5454],[80.8345,72.6205],[80.6321,72.7338],[80.8143,72.9743],[80.2311,73.176],[80.5635,73.2215],[80.2549,73.3297],[80.6774,73.5049],[80.5055,73.4981],[80.5358,73.5808],[85.427,73.7119],[85.6043,73.8219],[86.7832,73.9022],[87.0801,73.8715],[87.0266,73.7836],[85.7845,73.4558],[85.8332,73.3318],[86.7825,73.0009],[86.6227,73.1664],[85.8938,73.3397],[85.8823,73.4962],[87.1648,73.6114],[87.6641,73.8909],[87.2964,73.8414],[86.9402,74.0331],[87.3623,74.0478],[85.9487,74.2926],[86.305,74.3179],[86.0695,74.4235],[86.4753,74.4582],[86.9539,74.3889],[86.699,74.3071],[87.0208,74.273],[87.016,74.3673],[87.2624,74.3547],[86.5355,74.5124],[86.7825,74.5607],[85.7404,74.6359],[86.1011,74.7358],[86.0906,74.8208],[86.9575,74.6088],[86.7621,74.7041],[87.0637,74.7253],[87.0613,74.8397],[87.3858,74.9443],[87.1729,74.9853],[87.5741,74.9297],[87.7899,75.0263],[86.9194,75.0761],[87.0246,75.1642],[87.9526,75.1],[89.2458,75.5067],[89.7036,75.4435],[90.0579,75.5197],[89.9541,75.5776],[94.053,75.9154],[92.8882,75.8965],[92.8268,75.9654],[92.9525,76.0668],[93.2308,76.0541],[93.1209,76.0957],[93.9987,76.0541],[93.6858,76.1323],[94.4595,76.0517],[94.7385,76.1156],[94.5728,76.16],[95.8729,76.1381],[96.1926,76.0798],[95.5752,75.889],[96.5186,76.0158],[96.6646,75.9654],[96.4614,75.8719],[97.251,76.0434],[97.3968,76.0473],[97.1853,75.9306],[97.8239,75.9881],[97.6258,76.0819],[98.8164,76.267],[98.7127,76.205],[99.235,76.2236],[99.0902,76.164],[99.7549,76.049],[99.6792,75.876],[99.424,75.7934],[99.5706,75.7797],[99.9024,75.9272],[99.8778,76.0957],[98.8489,76.5173],[100.8511,76.5401],[102.2495,76.3831],[100.8783,76.555],[101.2346,76.7673],[100.8641,76.838],[100.9193,76.9759],[103.1966,77.6589],[104.2903,77.7375],[105.3342,77.541],[105.8737,77.5686],[105.9773,77.4252],[106.292,77.37],[104.1419,77.0889],[105.9285,77.1441],[105.4505,76.9836],[106.8298,77.0547],[107.4998,76.9245],[106.7241,76.7189],[106.7898,76.661],[106.6123,76.5596],[106.3967,76.6043],[106.417,76.5092],[107.8455,76.5348],[107.9846,76.6227],[107.9461,76.7373],[111.0903,76.7623],[112.1991,76.4719],[111.8291,76.3415],[112.2568,76.4544],[112.7478,76.3353],[112.5007,76.2391],[112.8577,76.1435],[112.5697,76.0473],[113.3027,76.1156],[112.9321,76.2596],[113.2593,76.2664],[113.5491,76.0207],[113.4808,75.8555],[113.7809,75.9393],[113.8901,75.854],[113.5559,75.5402],[113.4261,75.5402],[113.6174,75.6562],[112.3369,75.8481],[112.8706,75.7115],[112.7478,75.6985],[112.8781,75.6467],[112.8136,75.5573],[113.2674,75.6511],[113.2905,75.5505],[113.6377,75.5241],[113.7205,75.4099],[113.5491,75.4064],[113.6707,75.3689],[113.6052,75.285],[111.7723,74.6685],[111.4028,74.6911],[109.5612,74.3137],[109.9683,74.3048],[109.8901,74.197],[108.9961,74.0156],[108.0666,73.6353],[107.1468,73.6177],[106.7854,73.3405],[106.0628,73.273],[105.8338,73.0023],[105.073,72.7651],[106.0364,72.9525],[107.1033,72.8564],[106.2238,72.9774],[106.1815,73.1085],[106.333,73.1896],[108.3167,73.2216],[108.3962,73.2579],[108.2412,73.3007],[109.4172,73.4156],[109.1936,73.5517],[109.7139,73.4526],[110.8986,73.6859],[110.918,73.7656],[110.6637,73.7873],[109.6737,73.6782],[109.5357,73.8212],[110.0215,74.0145],[110.959,73.9086],[111.5365,74.0512],[111.1985,73.9779],[111.2952,73.8691],[112.3718,73.7053],[112.9453,73.7905],[112.8469,73.9945],[113.4279,73.634],[113.1314,73.4497],[113.4983,73.3359],[113.4871,72.9637],[113.1177,72.8607],[113.1773,72.733],[114.0903,72.6007],[113.391,72.6806],[113.1582,72.8227],[113.5422,72.9774],[113.5623,73.2534],[114.0358,73.3473],[113.4666,73.5049],[114.1091,73.5996],[115.4131,73.7104],[118.4502,73.5888],[118.9976,73.4914],[118.4671,73.4781],[118.3464,73.4025],[118.3942,73.238],[119.7225,72.9589],[120.5337,72.8742],[119.7834,73.018],[121.7914,72.9769],[122.7322,72.8266],[122.3213,72.9501],[122.9534,72.8915],[122.4647,73.019],[123.1909,72.9221],[123.4679,73.0796],[123.4009,73.1743],[123.6638,73.1698],[123.2181,73.4088],[123.4173,73.4435],[123.2461,73.5459],[123.4242,73.5807],[123.3696,73.6627],[123.9738,73.627],[123.8767,73.7725],[124.0596,73.6848],[124.3831,73.8064],[124.9866,73.6279],[125.1375,73.7042],[125.1975,73.5509],[125.6519,73.5255],[125.5625,73.4088],[126.2881,73.5573],[126.3911,73.464],[126.1585,73.3815],[126.4197,73.4095],[126.5652,73.2335],[126.6587,73.3026],[126.563,73.3815],[127.0505,73.549],[127.9876,73.4709],[127.8994,73.4361],[128.0769,73.4057],[127.9602,73.3473],[128.3649,73.3542],[128.2346,73.2654],[128.9608,73.1896],[128.7774,73.0708],[129.4435,73.0289],[128.2908,72.9086],[128.1292,72.7861],[129.1984,72.6552],[127.9054,72.6671],[129.2583,72.4639],[129.5007,72.3325],[129.3576,72.2629],[129.5641,72.2307],[129.242,72.1345],[129.489,72.1276],[128.9341,72.073],[127.6658,72.4301],[128.4417,72.1003],[128.9266,71.7388],[129.1839,71.8093],[129.0412,72.0188],[129.5437,71.723],[128.8205,71.6581],[129.2487,71.5499],[129.3921,71.3468],[129.7118,71.2172],[129.7627,71.1476],[129.6262,71.0861],[130.0804,71.0834],[130.6199,70.8664],[130.7689,70.9775],[130.8884,70.7628],[131.042,70.7388],[131.5462,70.8871],[131.8509,71.2082],[132.1883,71.2159],[131.9419,71.2674],[132.0916,71.4981],[132.7178,71.9462],[133.3414,71.8863],[133.0313,71.9551],[132.7151,71.8107],[133.1516,71.5792],[133.9087,71.3994],[134.6094,71.4031],[134.7449,71.3612],[134.6686,71.2643],[134.8102,71.4818],[135.6216,71.6231],[136.7746,71.5234],[137.4922,71.3468],[137.4035,71.2847],[137.5325,71.2457],[137.7049,71.2847],[137.5261,71.2203],[137.813,71.1196],[138.0647,71.1505],[137.7393,71.2295],[138.363,71.3189],[137.8286,71.3872],[138.0986,71.5814],[138.756,71.643],[139.1922,71.4151],[140.0332,71.4721],[139.7345,71.6722],[139.6919,71.7918],[139.8093,71.8608],[139.3362,71.9495],[139.6345,71.9545],[139.8742,72.1782],[140.1971,72.2138],[139.3499,72.1345],[139.094,72.2482],[139.5418,72.4976],[141.1108,72.587],[140.5832,72.8675],[140.7258,72.8986],[146.854,72.3542],[144.9432,72.4382],[144.5208,72.225],[144.1055,72.2779],[144.4776,72.1704],[146.9292,72.3126],[145.9725,71.8563],[145.993,72.0297],[146.3469,72.1276],[146.0789,72.1704],[145.968,72.0705],[145.8801,72.2191],[145.6133,72.2443],[145.7503,72.2096],[145.6211,72.0803],[145.8057,71.929],[145.3294,71.871],[144.971,71.9803],[145.216,71.8433],[144.8864,71.7714],[144.8932,71.6752],[146.0363,71.7864],[147.1956,72.3299],[149.6113,72.1484],[150.0564,71.8666],[149.6696,71.7712],[149.369,71.9038],[149.1487,71.7714],[148.834,71.8123],[149.0394,71.7578],[148.8272,71.6752],[149.9533,71.6699],[150.1021,71.5947],[149.868,71.4622],[150.635,71.515],[150.5151,71.3464],[150.0467,71.2097],[150.657,71.3903],[150.5949,71.2779],[151.0331,71.394],[151.5912,71.3102],[152.1367,71.0173],[151.6815,70.9759],[152.5408,70.7913],[155.4798,71.0616],[155.5298,70.9762],[155.9364,71.0994],[157.9891,71.0475],[159.2378,70.8293],[159.8431,70.5815],[160.0942,70.3099],[159.9382,70.1285],[159.6886,70.134],[159.9146,70.0986],[159.6921,69.9109],[159.7691,69.762],[161.0064,69.5773],[160.9629,69.1055],[161.4154,68.982],[161.1069,68.6052],[160.8211,68.5274],[161.1341,68.5614],[161.5741,68.9211],[161.4154,69.3314],[161.7026,69.4959],[162.3272,69.702],[164.027,69.7738],[164.8343,69.5674],[166.8938,69.4959],[167.802,69.7752],[168.2541,69.5443],[168.1921,69.3799],[168.2883,69.2427],[169.3713,69.0766],[169.4539,68.8454],[169.6255,68.7772],[170.6252,68.7486],[170.4492,68.8635],[170.6331,68.9182],[170.728,68.822],[170.6804,68.9404],[171.1594,69.0441],[170.9001,69.1712],[170.9131,69.3041],[170.6061,69.5898],[170.1607,69.6134],[170.5918,69.7647],[170.5568,70.0924],[170.4067,70.1129],[170.4816,70.142],[172.7254,69.9809],[173.198,69.7834],[173.4793,69.8358],[173.1727,69.8812],[173.2786,69.9418],[173.9285,69.8454],[175.7155,69.8815],[175.5297,69.8563],[175.9972,69.7694],[176.1458,69.8396],[175.7816,69.8853],[176.1276,69.8938],[176.7345,69.6748],[178.7726,69.4152],[179.0677,69.3253],[178.6662,69.3833],[178.6735,69.2978],[179.2615,69.2722],[179.9585,68.9957],[179.5769,69.1109],[179.6921,69.0161],[180,68.981],[180,65.0662],[178.5615,64.5915],[178.7502,64.6917],[177.625,64.7202],[177.3894,64.8358],[177.4919,64.8501],[177.433,64.929],[176.9369,65.0828],[176.3063,65.0555],[176.9585,65.0466],[177.2977,64.8384],[177.2038,64.7949],[176.4358,64.8109],[176.0457,64.9628],[175.7146,64.7936],[174.4417,64.6924],[175.7117,64.7747],[176.0824,64.9189],[176.4237,64.7096],[176.1143,64.5419],[176.4575,64.6924],[176.7429,64.5712],[177.4919,64.7675],[177.3615,64.5484],[177.4536,64.4206],[178.1838,64.2058],[178.0746,64.2542],[178.2826,64.354],[178.2,64.4402],[178.5886,64.0351],[178.3826,63.973],[178.6432,64.001],[178.7593,63.623],[178.2688,63.5654],[178.7113,63.57],[178.5955,63.4113],[178.699,63.3857],[178.8384,63.4349],[178.777,63.5952],[179.0055,63.3214],[178.8093,63.3505],[179.3865,63.1612],[179.4178,63.0681],[179.242,63.0065],[179.5407,62.8489],[179.563,62.6247],[179.1488,62.496],[179.0736,62.2872],[178.061,62.5411],[177.3068,62.5821],[177.4578,62.8148],[177.189,62.7097],[176.9922,62.8695],[176.9279,62.6729],[177.2393,62.5698],[176.6619,62.5346],[176.2793,62.3171],[175.3064,62.0749],[175.3952,62.1227],[175.2581,62.1688],[175.1745,62.0219],[174.5999,61.985],[174.6901,61.8613],[174.073,61.8416],[173.8049,61.6498],[173.5446,61.7491],[173.4811,61.5552],[173.1284,61.397],[172.7156,61.4307],[172.9551,61.314],[172.3382,61.211],[172.4344,61.1427],[172.263,61.1147],[172.4896,61.0812],[172.3726,61.0129],[172.0093,61.1011],[172.2009,60.9758],[172.0471,60.8607],[171.9578,60.9531],[171.9494,60.8483],[171.5369,60.807],[171.6326,60.7448],[171.4134,60.6902],[171.3963,60.7829],[171.3724,60.6431],[171.1795,60.5589],[170.5159,60.4506],[170.6621,60.332],[170.2651,59.9204],[169.936,60.0758],[169.8438,60.2108],[169.9746,60.2322],[169.2144,60.6287],[167.7681,60.553],[167.1921,60.355],[167.0249,60.4277],[167.0481,60.3284],[166.2451,59.8306],[166.1028,59.9094],[166.2854,60.1973],[166.2326,60.396],[166.3733,60.4995],[165.445,60.2589],[165.2293,60.0972],[164.9993,60.1353],[165.2121,59.9914],[164.8386,59.7874],[164.4885,60.111],[164.1179,59.9414],[164.1904,59.8542],[164.0417,59.9075],[164.2048,59.9975],[163.6287,60.0466],[163.7938,59.9914],[163.3618,59.8275],[163.3901,59.6315],[163.1802,59.5583],[163.3125,59.2875],[163.0669,59.2341],[163.2619,59.0808],[162.8827,59.1328],[163.0685,58.9681],[162.8899,58.9787],[162.4053,58.6544],[161.9932,58.0874],[162.082,57.8825],[162.4555,57.7844],[162.3545,57.6885],[162.69,57.9697],[163.3295,57.7089],[162.8002,57.3464],[162.7835,56.763],[163.239,56.733],[163.3661,56.1807],[163.0512,56.0054],[162.5568,56.2285],[163.0851,56.461],[163.0201,56.5376],[162.9099,56.4257],[162.414,56.3839],[162.5925,56.2685],[162.0568,56.0691],[161.7641,55.5548],[161.813,55.1792],[162.1517,54.8626],[162.1276,54.7604],[161.7238,54.5094],[160.7412,54.5352],[160.053,54.1757],[159.8182,53.6597],[159.9605,53.4968],[159.791,53.5163],[160.0586,53.0974],[159.7715,53.2036],[159.825,53.2829],[158.7087,52.8918],[158.5916,53.0622],[158.4378,53.0253],[158.4356,52.9197],[158.6471,52.8994],[158.4998,52.779],[158.5647,52.6474],[158.4212,52.6591],[158.5304,52.4879],[158.4212,52.4121],[158.5579,52.3131],[158.2869,51.9675],[156.67,50.8639],[156.7615,51.078],[156.5236,51.3115],[156.4392,52.216],[156.2822,52.5294],[156.4466,52.5114],[156.2657,52.5982],[156.1112,52.9354],[155.5512,55.2842],[155.6862,56.0391],[155.9465,56.6219],[156.5521,57.109],[156.6838,57.0483],[157.0013,57.4255],[156.9307,57.6584],[156.749,57.7296],[156.9815,57.8571],[157.4699,57.8039],[157.6397,58.025],[158.3382,57.953],[158.2468,58.052],[159.237,58.4678],[159.1937,58.542],[159.7278,58.883],[159.8035,59.0964],[160.4973,59.5525],[160.8469,59.618],[161.8972,60.203],[161.9386,60.4168],[162.9167,60.76],[163.3248,60.8047],[163.3148,60.7217],[163.751,60.8831],[163.4873,61.0017],[164.0288,61.3466],[163.7515,61.4433],[163.8661,61.6465],[164.0448,61.6834],[164.1272,62.2624],[164.5383,62.4511],[165.2969,62.3226],[165.1238,62.4506],[165.6509,62.4592],[164.4469,62.6894],[163.3989,62.5759],[163.1677,62.4321],[163.3689,62.3277],[163.0915,62.2266],[163.1931,62.0666],[162.9767,61.7996],[163.3265,61.6579],[163.0173,61.5166],[162.8388,61.7076],[162.6227,61.6591],[162.7748,61.5939],[162.4172,61.6758],[160.9151,60.8996],[160.7916,60.7177],[160.431,60.7492],[160.1859,60.5784],[160.1701,60.8249],[160.4442,61.0362],[159.7975,60.9311],[160.0001,61.1061],[159.9433,61.2438],[159.7756,61.2422],[160.2851,61.5541],[160.2591,61.6904],[160.414,61.7648],[160.3457,61.9447],[159.5772,61.6528],[159.5656,61.8166],[159.1178,61.9167],[157.0276,61.6506],[156.6704,61.516],[156.655,61.1968],[155.9431,60.9226],[155.9136,60.7036],[154.9524,60.3674],[154.4876,59.9463],[154.5637,60.0937],[154.4078,60.0629],[154.4735,59.8793],[154.2208,59.8696],[154.3683,59.5747],[154.2201,59.664],[154.1384,59.457],[154.9629,59.4961],[155.2097,59.3439],[155.1941,59.1758],[154.438,59.2155],[154.0487,59.0528],[153.692,59.1851],[153.7686,59.2466],[153.3692,59.2413],[153.3373,59.0899],[153.0067,59.0606],[152.8999,58.9036],[152.3633,59.0597],[152.0203,58.875],[151.3537,58.8326],[151.1021,59.1143],[152.3118,59.2266],[151.7343,59.3073],[151.3961,59.6042],[150.9067,59.5594],[150.9418,59.4612],[150.7799,59.4323],[150.5037,59.4887],[150.7743,59.5619],[149.3753,59.7722],[149.0407,59.6429],[149.2121,59.4691],[148.846,59.5527],[148.7434,59.4716],[148.7357,59.3684],[148.9899,59.3754],[148.9345,59.2333],[148.4375,59.2623],[148.2194,59.4089],[147.546,59.2375],[146.5039,59.4631],[146.3191,59.4017],[146.323,59.18],[146.0503,59.1389],[145.825,59.2413],[145.957,59.4167],[143.1648,59.381],[142.2624,59.1246],[141.5837,58.6177],[140.9043,58.3828],[140.4957,57.8448],[138.933,57.135],[138.6056,56.9452],[138.5817,56.7845],[138.4544,56.8393],[138.1296,56.5856],[138.2235,56.4242],[137.9141,56.3595],[137.3908,55.9456],[136.4302,55.5652],[135.1733,54.8213],[135.2442,54.7012],[135.7502,54.571],[136.8235,54.6475],[136.8408,54.4323],[136.7386,54.4138],[136.8145,54.1593],[136.6592,53.935],[136.7752,53.7731],[137.1857,53.8511],[137.2909,54.0357],[137.0614,54.1457],[137.7358,54.321],[137.4839,54.0847],[137.3079,54.1184],[137.5905,53.9561],[137.8628,53.9676],[137.2176,53.6006],[137.3351,53.5294],[138.1501,53.6728],[138.5786,53.9993],[138.5799,53.8283],[138.2166,53.5004],[138.4392,53.5137],[138.7718,54.0156],[138.6436,54.2972],[139.3023,54.1906],[139.7676,54.3039],[140.2406,54.057],[140.3308,53.9703],[140.2573,53.8686],[140.5812,53.6393],[141.4075,53.3038],[141.433,53.1489],[141.1888,52.9875],[140.7067,53.111],[141.2606,52.8522],[141.3163,52.6591],[141.1282,52.4229],[141.5558,52.1623],[141.355,52.1059],[141.4255,51.9255],[140.9153,51.6238],[140.8001,51.4542],[140.8738,51.3718],[140.6863,51.3128],[140.7067,51.0317],[140.4421,50.5301],[140.523,50.1511],[140.6909,50.0803],[140.4152,49.8746],[140.5608,49.5754],[140.3359,49.2875],[140.3436,49.0471],[140.2192,49.0139],[140.398,48.9927],[140.213,48.7674],[140.177,48.4618],[139.2617,47.7879],[138.9695,47.3175],[138.5628,47.0299],[138.034,46.156],[136.3546,44.7888],[136.1653,44.4965],[135.8379,44.3627],[135.4258,43.7632],[135.1822,43.7106],[135.1399,43.5084],[133.9268,42.8827],[133.1577,42.6884],[132.9898,42.827],[132.8159,42.7564],[132.7634,42.9081],[132.5779,42.8404],[132.4044,42.9423],[132.3115,42.8454],[132.3458,43.2979],[131.9299,43.0696],[131.8499,43.1005],[132.052,43.3148],[131.8157,43.3367],[131.3939,42.945],[131.4717,42.8732],[131.2731,42.7773],[131.2195,42.5547],[131.1203,42.6672],[130.6567,42.6641],[130.8729,42.5277],[130.6628,42.3206],[130.5719,42.6218],[130.3797,42.6967],[131.103,42.9104],[131.2809,43.3802],[131.1607,43.5328],[131.2645,44.0542],[130.9334,44.8417],[131.4338,44.9613],[131.8531,45.3376],[132.9212,45.0279],[133.0988,45.1078],[133.1798,45.4938],[133.4773,45.6277],[133.6874,46.1418],[133.9025,46.259],[133.8458,46.4707],[134.2273,47.1177],[134.1836,47.3275],[134.5569,47.4712],[134.7726,47.7107],[134.5594,48.0095],[134.7187,48.2634],[134.3863,48.3813],[133.7379,48.2511],[133.5244,48.0954],[133.092,48.1068],[132.6746,47.9506],[132.5247,47.7075],[130.9657,47.7039],[130.6747,48.0639],[130.824,48.2942],[130.759,48.4857],[130.5297,48.6163],[130.6743,48.8708],[130.2018,48.8826],[129.4806,49.4213],[129.1154,49.3488],[128.6719,49.6114],[127.8547,49.5849],[127.5387,49.7899],[127.4867,50.0256],[127.5906,50.2087],[127.3307,50.3282],[127.2874,50.751],[126.9318,51.0638],[126.9722,51.324],[126.809,51.2891],[126.9094,51.3911],[126.4393,51.9979],[126.556,52.1306],[126.3167,52.1998],[126.4393,52.2753],[126.2123,52.533],[125.9908,52.5864],[126.088,52.7754],[125.6465,52.8849],[125.7335,52.9817],[125.6214,53.0621],[125.0737,53.2122],[124.8701,53.108],[123.6143,53.5633],[120.8743,53.2802],[120.033,52.7607],[120.0794,52.59],[120.724,52.5422],[120.6262,52.3468],[120.7841,52.158],[120.7058,51.98],[120.1005,51.6599],[119.1376,50.3925],[119.3566,50.3408],[119.3162,50.0927],[118.6444,49.9546],[117.8738,49.5132],[117.0576,49.6729],[116.2176,50.0138],[115.3878,49.8911],[114.7537,50.2362],[114.2863,50.2769],[113.5797,50.0199],[112.7771,49.5014],[111.3385,49.3647],[110.7314,49.1377],[108.5381,49.3274],[107.9274,49.67],[107.9465,49.9335],[107.1922,50.006],[106.6565,50.327],[106.2223,50.2924],[105.3286,50.4765],[104.1217,50.1483],[103.2768,50.1976],[102.3029,50.5639],[102.1934,51.3072],[102.0747,51.3748],[99.9179,51.7495],[98.9276,52.1296],[98.6827,51.8195],[98.3322,51.7183],[98.2204,51.4752],[98.0397,51.4573],[97.8064,51.0011],[98.0385,50.623],[98.2935,50.5186],[98.2625,50.2838],[98.048,50.023],[97.5666,49.9168],[97.3433,49.7342],[96.056,49.9988],[95.5007,49.8867],[94.6035,50.0197],[94.3545,50.2236],[94.2587,50.5575],[93.1049,50.5988],[92.9617,50.7779],[92.6498,50.6741],[92.3609,50.8684],[92.1589,50.6891],[91.7498,50.6841],[91.4157,50.4614],[91.012,50.4253],[90.6839,50.2162],[89.6677,49.9273],[89.7024,49.72],[89.3719,49.5817],[89.2164,49.6345],[88.9753,49.4558],[88.8682,49.5381],[88.8706,49.436],[88.2,49.4543],[88.144,49.2707],[87.8163,49.1658]]],[[[22.7672,54.3563],[19.6095,54.4567],[19.9002,54.6671],[19.9767,54.9646],[20.4824,54.9755],[20.9246,55.2827],[20.5309,54.9647],[21.0907,54.9016],[21.2434,54.9612],[21.1834,55.2017],[21.3748,55.29],[22.05,55.0335],[22.5807,55.0576],[22.8443,54.8323],[22.6817,54.5699],[22.7672,54.3563]]],[[[33.6285,46.1249],[33.8019,46.2027],[34.6886,45.974],[35.4807,45.2978],[35.8333,45.4709],[35.986,45.3627],[36.284,45.4766],[36.6384,45.3513],[36.4373,45.272],[36.4401,45.0675],[35.848,44.9924],[35.5062,45.1135],[35.0808,44.7938],[34.721,44.811],[34.1026,44.4251],[33.721,44.3996],[33.3723,44.5765],[33.5715,44.6206],[33.5374,45.1174],[32.4816,45.4089],[33.1692,45.7844],[33.6917,45.8607],[33.777,45.9296],[33.6199,45.9508],[33.6285,46.1249]]],[[[-180,65.0662],[-180,68.9824],[-178.8448,68.7524],[-178.4849,68.5915],[-178.7246,68.6757],[-178.6999,68.5432],[-178.0214,68.416],[-177.9505,68.3377],[-178.0737,68.2593],[-177.7047,68.3445],[-178.3751,68.5574],[-177.4923,68.2917],[-177.7656,68.2626],[-177.6347,68.1953],[-177.3381,68.2446],[-176.5645,68.0103],[-176.7893,67.9786],[-176.5394,67.8951],[-176.2088,67.9018],[-176.5333,68.003],[-175.9207,67.851],[-176.3267,67.7096],[-176.2058,67.6452],[-175.725,67.5696],[-176.012,67.7273],[-175.824,67.813],[-175.2655,67.6586],[-175.1268,67.4999],[-175.3669,67.3578],[-175.0233,67.3742],[-175.0798,67.4811],[-174.7564,67.3032],[-174.9076,67.0374],[-174.7,66.9165],[-174.6878,66.7324],[-174.9713,66.6654],[-174.4357,66.5315],[-174.4635,66.2797],[-174.0159,66.4722],[-173.9993,66.2193],[-173.6911,66.4391],[-174.2639,66.5659],[-173.9306,66.6676],[-174.0262,66.9611],[-174.612,67.0614],[-173.6465,67.1156],[-173.0713,67.0442],[-173.2722,67.052],[-173.1434,66.9996],[-173.295,66.9813],[-173.3025,66.8221],[-173.0866,66.8467],[-173.2265,66.9109],[-173.074,66.9931],[-172.3625,66.9332],[-172.9863,67.0392],[-171.7185,66.9508],[-171.3534,66.7719],[-171.3634,66.6748],[-170.3852,66.3165],[-170.6257,66.2348],[-170.2743,66.2904],[-170.1062,66.193],[-170.3384,66.1858],[-169.6414,66.0683],[-170.6063,65.8613],[-170.4888,65.6708],[-170.5882,65.6046],[-171.4633,65.8326],[-170.9818,65.5921],[-171.0387,65.467],[-172.0342,65.4744],[-171.7436,65.4997],[-172.2601,65.5452],[-172.2905,65.6662],[-172.8596,65.6999],[-172.3897,65.5818],[-172.3886,65.4322],[-172.0934,65.4836],[-172.1885,65.2425],[-172.702,65.2476],[-172.2015,65.2169],[-172.2268,65.0998],[-172.0801,65.0759],[-173.1641,64.7646],[-172.8057,64.8034],[-172.7553,64.7335],[-173.0429,64.6597],[-172.8446,64.6489],[-172.9672,64.5611],[-172.4651,64.5584],[-172.2202,64.4073],[-172.5901,64.3704],[-172.8833,64.4947],[-173.0131,64.4616],[-172.7883,64.4379],[-172.8222,64.3204],[-173.1063,64.241],[-173.3683,64.2855],[-173.2637,64.446],[-173.4145,64.6166],[-173.3852,64.395],[-173.6354,64.3322],[-174.6523,64.7253],[-174.6532,64.8979],[-175.4115,64.7713],[-175.3684,64.8465],[-175.8647,64.9992],[-175.735,65.1468],[-176.0441,65.4521],[-176.9766,65.6081],[-177.4159,65.4407],[-178.4611,65.4727],[-178.4242,65.7129],[-178.6282,65.7295],[-178.9784,66.0493],[-178.6843,66.0126],[-178.4957,66.1401],[-178.4771,66.3828],[-178.7851,66.1672],[-179.1177,66.2427],[-179.1643,66.4144],[-179.1715,66.2895],[-179.424,66.3441],[-179.252,66.1452],[-179.693,66.1839],[-179.8287,65.9468],[-179.7667,65.8198],[-179.2605,65.5322],[-179.6631,65.1413],[-180,65.0662]]],[[[180,71.5364],[180,70.9924],[179.807,70.9131],[178.7933,70.805],[178.6227,71.0377],[178.9054,71.237],[180,71.5364]]],[[[-180,70.992],[-180,71.5367],[-179.736,71.5864],[-178.3948,71.5407],[-177.4434,71.237],[-177.9305,71.0414],[-179.3421,70.908],[-180,70.992]]],[[[142.5291,54.2972],[142.6351,54.2661],[142.7232,54.4256],[143.0129,54.1191],[142.8518,53.872],[143.1211,53.5181],[143.0941,53.3819],[143.2106,53.3632],[143.3605,52.8714],[143.2969,52.4537],[143.1937,52.337],[143.2551,52.5952],[143.1187,52.3378],[143.1255,51.967],[143.3179,51.7064],[143.2241,51.5222],[143.3379,51.5084],[143.3651,51.645],[143.4478,51.5084],[143.4749,51.3432],[143.3794,51.3501],[143.4831,51.2136],[143.5217,51.2851],[143.7903,50.3092],[144.385,49.0727],[144.6847,48.8732],[144.7566,48.6433],[144.0579,49.2534],[143.2586,49.3934],[143.6668,49.3149],[143.0088,49.123],[142.5374,48.0101],[142.5453,47.7667],[142.714,47.4372],[143.0164,47.2536],[143.1729,46.7078],[143.3897,46.7081],[143.1971,46.8408],[143.4782,46.8284],[143.6257,46.3747],[143.4305,46.0252],[143.3687,46.5555],[142.7966,46.5944],[142.6184,46.7186],[142.4065,46.5537],[142.0853,45.9008],[141.9326,46.0358],[141.8142,46.5384],[142.0567,47.0537],[141.9658,47.6125],[142.1911,47.9667],[142.1331,48.3337],[141.8574,48.7742],[142.125,49.4623],[142.1738,50.0864],[142.0414,50.551],[142.2692,51.1124],[142.0789,51.4714],[141.6868,51.7473],[141.823,51.7442],[141.639,51.8845],[141.6419,52.3182],[141.8438,52.5908],[141.9284,53.0207],[141.7688,53.3716],[142.2411,53.5294],[142.2639,53.3801],[142.4553,53.3803],[142.6873,53.5294],[142.514,53.5456],[142.4977,53.6583],[142.8045,53.707],[142.7391,53.8457],[142.6042,53.6976],[142.7083,53.9482],[142.2826,54.2972],[142.5291,54.2972]]],[[[-172.2431,64.8159],[-172.0434,64.7512],[-172.6332,64.6844],[-172.4613,64.8276],[-172.2431,64.8159]]],[[[70.1306,66.5563],[69.8706,66.4779],[69.5454,66.591],[69.4246,66.7684],[69.1307,66.7966],[70.0498,66.7089],[70.1306,66.5563]]],[[[161.4871,69.0267],[161.4092,68.8933],[161.4556,69.001],[161.1348,69.0919],[161.0925,69.4648],[161.3745,69.5459],[161.3191,69.2427],[161.4871,69.0267]]],[[[161.6311,69.5611],[161.6157,69.4504],[161.3607,69.414],[161.4751,69.638],[161.6311,69.5611]]],[[[51.4095,71.8061],[51.61,72.0917],[52.3684,72.0753],[52.4901,72.1642],[52.4165,72.2893],[52.8682,72.3467],[52.69,72.3672],[52.8203,72.4504],[52.6887,72.4894],[53.1021,72.6007],[52.724,72.559],[52.7549,72.6384],[53.2181,72.6484],[52.3753,72.7304],[52.6167,72.8632],[53.382,72.8886],[53.1419,72.9625],[53.382,73.0115],[53.1219,73.1009],[53.3225,73.2209],[54.9348,73.4254],[56.4352,73.2301],[56.582,73.1296],[55.8084,73.0661],[56.3772,73.0067],[55.6165,72.9637],[56.2518,72.9724],[56.2199,72.8266],[55.4807,72.8058],[55.9461,72.6689],[55.6165,72.6968],[55.7235,72.6383],[55.6182,72.5422],[55.2671,72.587],[55.5361,72.4725],[55.1156,72.4504],[55.4657,72.4362],[55.377,72.3027],[55.575,72.1997],[55.3428,72.0656],[55.4526,72.0588],[55.3905,71.9427],[55.2254,71.929],[55.5064,71.898],[56.1057,71.259],[57.6387,70.7299],[57.4326,70.7436],[57.5393,70.7048],[57.4525,70.6064],[56.7405,70.7026],[57.2957,70.5647],[56.2241,70.7416],[56.6546,70.59],[56.514,70.5449],[55.4048,70.7504],[55.4725,70.6541],[55.25,70.6785],[55.1626,70.5531],[54.5134,70.8254],[54.4788,70.736],[54.7674,70.6479],[53.5397,70.805],[53.3001,70.8664],[53.7048,70.8459],[53.7246,70.9688],[53.5017,71.0944],[54.244,71.1229],[53.9922,71.1606],[54.1641,71.2097],[54.0645,71.237],[53.7959,71.1553],[53.4509,71.2643],[53.9512,71.4622],[53.4133,71.3118],[53.2517,71.456],[53.4441,71.5455],[52.8823,71.394],[52.6099,71.4687],[52.5472,71.6348],[52.4163,71.4765],[52.2688,71.588],[52.1419,71.5455],[52.2791,71.4765],[51.8403,71.456],[51.5324,71.5659],[51.4095,71.8061]]],[[[96.8967,76.2565],[96.716,76.2087],[96.854,76.3557],[97.0755,76.308],[96.8967,76.2565]]],[[[56.987,74.6905],[55.8327,74.8],[56.6785,74.9487],[55.87,74.997],[55.9461,75.074],[55.7263,75.0815],[55.8084,75.1566],[56.3563,75.1907],[56.4458,75.0673],[57.0462,75.3981],[57.7411,75.3279],[57.5008,75.4992],[58.1647,75.5784],[57.9795,75.6719],[60.3223,75.9982],[60.0427,76.0541],[60.2681,76.1101],[60.8384,76.123],[60.4684,76.0131],[60.7347,76.0054],[61.1458,76.1161],[60.8997,76.1572],[61.0769,76.28],[62.3825,76.2712],[62.5037,76.1777],[64.0908,76.3128],[65.4849,76.5749],[65.9988,76.5334],[65.7534,76.6828],[65.8889,76.7394],[67.5881,77.0134],[68.4629,76.9667],[69.0339,76.7121],[68.7876,76.5886],[68.9383,76.5681],[68.1813,76.3228],[68.2879,76.2813],[63.7617,75.6416],[63.552,75.7115],[61.6942,75.3757],[61.4817,75.2235],[61.2766,75.3279],[60.7248,75.0277],[60.5711,75.1179],[59.9273,75.0058],[60.6875,74.9238],[60.1941,74.855],[60.3723,74.7935],[60.2764,74.7497],[59.5088,74.7998],[59.8582,74.6906],[59.7552,74.5875],[59.0905,74.7383],[59.2898,74.6426],[59.0837,74.6489],[59.2214,74.6154],[59.1458,74.444],[58.1868,74.5812],[58.6387,74.4236],[58.728,74.2386],[58.2922,74.2216],[58.522,74.1492],[58.1621,74.1504],[58.0974,74.0599],[58.2134,74.0084],[58.1233,73.9867],[57.4121,74.184],[57.5357,74.094],[57.2608,74.0803],[57.9119,73.9158],[57.8094,73.8954],[57.946,73.8066],[57.7487,73.726],[56.5557,73.8886],[57.3499,73.8276],[57.6175,73.6689],[57.3501,73.5534],[56.7351,73.6802],[57.2539,73.4572],[56.7493,73.3615],[56.7298,73.2445],[56.1209,73.29],[55.9175,73.4484],[55.924,73.312],[54.9001,73.4484],[54.25,73.3283],[54.0331,73.3747],[54.4173,73.4777],[54.2036,73.5049],[55.3496,73.7172],[54.2808,73.6005],[53.6326,73.7701],[54.8015,73.9704],[54.5886,74.0189],[55.0189,74.173],[55.8644,74.1059],[55.0759,74.2659],[55.735,74.28],[55.2608,74.3607],[55.3884,74.4451],[56.28,74.4848],[55.6569,74.5198],[55.4998,74.567],[55.5296,74.6549],[56.987,74.6905]]],[[[146.4692,44.4288],[145.5887,43.8476],[145.5562,43.6527],[145.4431,43.7245],[145.4109,43.836],[146.1193,44.506],[146.4692,44.4288]]],[[[148.7992,45.4157],[148.8167,45.3335],[148.2777,45.2226],[147.913,44.963],[147.6538,44.9949],[147.226,44.581],[146.8618,44.4453],[146.937,44.6248],[147.1966,44.7137],[147.1092,44.8271],[147.8949,45.2239],[147.94,45.4263],[148.0696,45.2512],[148.7266,45.5252],[148.7992,45.4157]]],[[[150.3342,46.2108],[150.5693,46.2318],[150.1976,45.9296],[149.4367,45.587],[149.6673,45.8532],[150.3342,46.2108]]],[[[152.2056,47.1288],[151.8506,46.7905],[151.7122,46.8066],[152.2056,47.1288]]],[[[152.5034,47.3832],[152.5244,47.2986],[152.4132,47.3407],[152.5034,47.3832]]],[[[156.1253,50.6375],[156.1525,50.519],[155.8849,50.2537],[155.3958,49.9958],[155.2166,50.0671],[155.2019,50.2935],[155.6896,50.4037],[156.0412,50.7728],[156.1253,50.6375]]],[[[156.4605,50.8737],[156.4058,50.6301],[156.18,50.6884],[156.4605,50.8737]]],[[[155.5635,50.8083],[155.4741,50.9218],[155.6729,50.8703],[155.5635,50.8083]]],[[[137.1712,55.1195],[137.075,54.9332],[136.6704,54.9073],[137.1712,55.1195]]],[[[138.0467,55.0581],[138.2122,55.0364],[137.7189,54.6243],[137.4854,54.8793],[137.2259,54.7778],[137.5679,55.1946],[137.9522,55.1469],[137.8831,55.0029],[138.0467,55.0581]]],[[[166.6644,54.7564],[166.3565,54.8395],[165.9929,55.2219],[165.7464,55.2971],[166.2537,55.3319],[166.2503,55.1523],[166.6644,54.7564]]],[[[164.7069,58.9768],[164.6319,58.8654],[163.846,58.6905],[163.49,58.4445],[163.4129,58.5354],[163.6105,58.6075],[163.9132,58.9943],[163.7493,59.019],[164.5581,59.2397],[164.7069,58.9768]]],[[[35.8669,65.0313],[35.7447,64.9616],[35.5061,65.1213],[35.7865,65.1651],[35.8669,65.0313]]],[[[50.323,69.1505],[50.1693,69.0116],[50.2233,69.154],[50.133,69.1416],[49.2485,68.78],[48.5921,68.7309],[48.2194,68.8957],[48.3042,69.2768],[48.9063,69.508],[49.2717,69.508],[50.323,69.1505]]],[[[169.4465,69.8491],[169.2347,69.5921],[168.8745,69.5679],[167.7538,69.8323],[168.2647,70.0241],[169.4465,69.8491]]],[[[60.5398,69.8187],[60.2541,69.6894],[59.5635,69.715],[59.6237,69.8043],[59.4315,69.8895],[58.9397,69.9422],[59.1321,69.8733],[59.016,69.8597],[58.6956,70.0028],[58.4121,70.2603],[58.8242,70.2159],[58.4946,70.332],[59.0236,70.4798],[60.4138,69.9627],[60.5398,69.8187]]],[[[160.7235,70.8384],[160.5041,70.805],[160.5528,70.8848],[160.408,70.9143],[160.7235,70.8384]]],[[[53.2318,71.2159],[53.0098,70.9682],[52.7564,71.1767],[52.2118,71.3081],[52.7411,71.4058],[53.2318,71.2159]]],[[[137.9142,71.5585],[137.6934,71.4194],[136.9919,71.5175],[137.9142,71.5585]]],[[[78.2791,72.5522],[78.3945,72.4914],[77.7708,72.305],[76.8527,72.3331],[77.6102,72.6347],[78.2791,72.5522]]],[[[128.8311,72.6552],[128.9745,72.5938],[128.6533,72.5275],[128.1037,72.6347],[128.8311,72.6552]]],[[[128.3171,72.8123],[128.9941,72.9325],[129.4171,72.8126],[128.3171,72.8123]]],[[[79.563,72.7683],[78.5846,72.8419],[79.1731,73.1014],[79.5414,72.9255],[79.563,72.7683]]],[[[74.7254,73.1071],[74.9616,73.06],[74.7026,73.0788],[74.6563,72.8586],[74.0933,73.0278],[74.7254,73.1071]]],[[[120.2786,73.1009],[119.7207,73.0338],[119.6345,73.1282],[120.2786,73.1009]]],[[[71.6691,73.2275],[71.7302,73.0344],[71.3745,73.1789],[69.8748,73.0383],[70.065,73.2371],[69.9593,73.3988],[70.4696,73.4992],[71.2292,73.4647],[70.9803,73.2654],[71.4357,73.353],[71.6691,73.2275]]],[[[75.9226,73.5237],[75.3042,73.4088],[75.6194,73.5534],[75.9226,73.5237]]],[[[143.4749,73.3206],[143.5263,73.2078],[143.1749,73.1766],[139.7671,73.4183],[140.4933,73.485],[141.1272,73.8817],[142.0452,73.9166],[143.4072,73.5428],[143.537,73.4435],[143.4749,73.3206]]],[[[83.5134,74.1213],[83.613,74.0809],[83.4334,74.0368],[82.8145,74.094],[83.5134,74.1213]]],[[[82.568,74.1629],[82.74,74.1014],[82.6196,74.055],[82.3176,74.1168],[82.568,74.1629]]],[[[136.259,73.9575],[136.1353,73.8792],[135.354,74.2591],[136.259,73.9575]]],[[[141.0978,74.1492],[141.0378,74.0039],[140.5451,73.9158],[140.1647,74.0706],[140.3499,74.2542],[140.8914,74.2765],[141.0978,74.1492]]],[[[84.8709,74.5056],[84.5418,74.4571],[84.7328,74.3957],[84.3866,74.4577],[84.8709,74.5056]]],[[[113.4058,74.444],[113.2201,74.2448],[112.7749,74.0881],[111.4592,74.3137],[111.9513,74.3708],[112.1101,74.5512],[113.4058,74.444]]],[[[85.5389,74.5744],[85.6448,74.5465],[85.5013,74.4645],[85.1481,74.5372],[85.5389,74.5744]]],[[[79.6141,74.6018],[79.49,74.5169],[79.1487,74.6079],[79.6141,74.6018]]],[[[87.029,74.9915],[87.1388,74.9369],[87.0536,74.8908],[86.6869,74.8959],[86.9196,74.8198],[86.2134,74.9034],[87.029,74.9915]]],[[[82.2396,75.3757],[82.0412,75.3378],[82.013,75.1772],[81.8708,75.3159],[81.4924,75.362],[82.1707,75.5197],[82.013,75.444],[82.2396,75.3757]]],[[[150.8276,75.1634],[150.958,75.1423],[150.6092,74.8935],[149.209,74.758],[148.1721,74.8035],[146.0718,75.2403],[146.4362,75.5967],[146.7708,75.5067],[146.6343,75.4377],[146.7967,75.3664],[148.4077,75.4211],[148.5801,75.3825],[148.4445,75.2873],[148.6104,75.2155],[150.8276,75.1634]]],[[[135.9914,75.5272],[135.9834,75.4172],[135.45,75.3757],[135.6931,75.8693],[136.1843,75.6159],[135.9914,75.5272]]],[[[145.3662,75.5402],[144.7293,75.4316],[144.6777,75.3278],[144.9411,75.2733],[143.9985,75.025],[142.8845,75.1468],[142.4943,75.3757],[143.0135,75.6024],[143.0011,75.708],[142.3379,75.7257],[142.0083,75.6227],[142.4395,75.2031],[143.6958,74.9374],[142.514,74.8174],[141.9741,74.9338],[142.3645,74.9306],[142.1987,75.0042],[141.8438,74.999],[140.0687,74.8279],[139.652,74.9808],[139.4585,74.9306],[139.6448,74.8891],[139.4963,74.7676],[139.1272,74.6523],[137.8953,74.8462],[136.8622,75.362],[137.4224,75.3698],[137.1433,75.4102],[137.301,75.4713],[137.1807,75.5507],[137.2936,75.6016],[137.0676,75.7258],[137.7427,75.7491],[137.433,75.9532],[139.0488,76.2391],[138.8973,76.2187],[138.9951,76.1445],[139.8254,75.97],[139.9116,75.9374],[139.8169,75.8778],[140.5095,75.7905],[140.4758,75.6403],[141.0623,75.6501],[140.8644,75.7388],[141.001,76.0474],[141.6247,76.0131],[141.3101,76.1845],[142.5469,75.863],[143.9471,75.8348],[145.3662,75.5402]]],[[[96.6441,76.267],[96.5956,76.1572],[96.4468,76.2716],[96.2461,76.205],[96.3965,76.1777],[96.3447,76.105],[95.2661,76.2186],[96.6441,76.267]]],[[[111.9588,76.6022],[112.3672,76.6581],[112.7141,76.5205],[112.5679,76.4435],[111.9588,76.6022]]],[[[149.3747,76.7382],[149.2001,76.6268],[148.4318,76.6293],[149.3747,76.7382]]],[[[96.5274,77.2055],[96.5894,77.1441],[96.235,76.9905],[95.2319,77.0063],[96.5274,77.2055]]],[[[89.6892,77.2806],[89.817,77.2106],[89.7468,77.1644],[89.1346,77.2177],[89.6892,77.2806]]],[[[107.7451,77.329],[107.2048,77.2343],[107.457,77.2806],[107.2796,77.3017],[107.3954,77.3603],[107.7451,77.329]]],[[[107.7041,78.1372],[107.451,78.0532],[106.395,78.1309],[107.7041,78.1372]]],[[[106.5322,78.2539],[105.991,78.2191],[106.4701,78.3426],[106.7656,78.3085],[106.5322,78.2539]]],[[[105.4155,78.5834],[104.7874,78.3364],[102.6603,78.1645],[101.2098,78.1935],[99.8713,77.9522],[99.2683,78.0416],[100.0497,78.3432],[100.0007,78.4177],[100.3853,78.7516],[101.1664,78.761],[100.8237,78.8088],[100.9072,78.9851],[101.6257,78.9869],[100.9881,79.0626],[101.1942,79.2029],[101.8176,79.371],[102.2463,79.2416],[102.1397,79.3568],[102.3029,79.4328],[103.1532,79.3096],[102.8255,79.2271],[102.3792,78.8225],[102.9212,79.0584],[103.6243,79.1712],[104.4553,78.9667],[104.5249,78.8851],[104.3667,78.8571],[104.6453,78.8389],[104.5789,78.7752],[105.1751,78.8093],[105.4155,78.5834]]],[[[77.6136,79.5219],[76.6961,79.4776],[76.0514,79.6485],[77.6136,79.5219]]],[[[93.6282,79.9334],[93.7468,79.8561],[93.0521,79.7153],[91.9219,79.6789],[92.3221,79.7568],[91.0725,79.851],[91.2986,79.9191],[90.8665,80.0626],[93.6282,79.9334]]],[[[51.3469,79.9533],[50.0453,79.9744],[51.001,80.1025],[51.3469,79.9533]]],[[[99.886,79.0415],[99.9255,78.946],[99.4056,78.8225],[97.4422,78.8172],[96.7985,78.9892],[94.8267,79.0666],[94.334,79.2486],[94.3123,79.4792],[93.697,79.4599],[93.9912,79.494],[93.6902,79.5424],[93.882,79.6038],[93.2358,79.439],[93.1141,79.4673],[93.2788,79.5198],[92.8542,79.5561],[94.6901,79.8161],[94.2246,79.8987],[94.952,80.1045],[95.2419,80.0216],[97.5921,80.1749],[98.0896,80.0563],[97.2156,79.7006],[97.9261,79.9022],[98.3772,79.8779],[98.557,80.0585],[99.199,80.05],[100.0225,79.8236],[99.8171,79.7416],[99.886,79.6933],[99.7072,79.5691],[99.7891,79.5219],[99.6667,79.3122],[99.0349,79.296],[99.886,79.0415]]],[[[50.0813,80.0681],[49.5313,80.1588],[50.2285,80.226],[50.3356,80.1816],[50.0813,80.0681]]],[[[55.7949,80.6423],[55.4317,80.7143],[55.7824,80.7611],[56.9461,80.6938],[55.7949,80.6423]]],[[[46.6873,80.5293],[46.084,80.4399],[46.0437,80.5736],[44.8574,80.6174],[47.1382,80.8422],[48.2752,80.8305],[48.764,80.6596],[47.7488,80.7705],[47.3587,80.6882],[47.4307,80.5938],[46.6873,80.5293]]],[[[62.2219,80.8132],[62.0374,80.6658],[62.116,80.6224],[61.0446,80.4052],[59.6364,80.4312],[59.242,80.5293],[59.3723,80.5703],[59.2214,80.6528],[59.6939,80.8371],[62.2219,80.8132]]],[[[58.1301,80.7807],[57.8442,80.8247],[58.7459,80.9027],[59.0291,80.8241],[58.1301,80.7807]]],[[[55.7659,80.7837],[53.9803,80.8162],[55.097,80.9028],[55.7659,80.7837]]],[[[51.6893,80.7273],[50.9496,80.5368],[49.7278,80.4943],[49.8162,80.401],[48.8395,80.3878],[48.627,80.2953],[49.0856,80.1724],[48.5283,80.2091],[48.3724,80.0918],[47.6277,80.0722],[48.0851,80.2072],[47.9294,80.2471],[47.1018,80.1703],[46.6184,80.2953],[48.133,80.3265],[47.6195,80.4052],[48.1001,80.4763],[47.4152,80.4663],[49.1882,80.5214],[49.682,80.7211],[49.0037,80.7757],[50.2372,80.9335],[50.443,80.9061],[50.0231,80.8582],[51.0452,80.8515],[50.3402,80.7161],[51.6893,80.7273]]],[[[79.8067,80.9743],[80.4372,80.9402],[80.3264,80.8605],[78.9746,80.8426],[79.2107,80.9613],[79.8067,80.9743]]],[[[58.6537,81.0438],[58.367,80.9459],[57.841,81.0477],[58.6537,81.0438]]],[[[57.3364,80.8918],[56.0956,81.091],[58.2824,80.9265],[57.3364,80.8918]]],[[[54.5641,80.9954],[54.4264,81.0242],[54.6709,81.1252],[56.0192,81.0436],[57.7161,80.7932],[57.0588,80.6918],[54.5641,80.9954]]],[[[50.4766,81.07],[50.3474,81.091],[50.5296,81.1679],[50.9768,81.1059],[50.4766,81.07]]],[[[91.5472,81.1538],[91.1862,81.0568],[89.8939,81.1736],[91.5472,81.1538]]],[[[97.7471,80.7416],[97.1306,80.6658],[97.0208,80.5259],[97.4229,80.327],[97.188,80.2336],[94.53,80.131],[93.7498,79.9968],[92.0658,80.1724],[92.8882,80.1724],[92.1074,80.2897],[93.2444,80.3096],[91.4221,80.3096],[92.6276,80.3915],[91.8877,80.4604],[92.7693,80.5168],[92.8252,80.6506],[93.2703,80.7971],[92.4972,80.7757],[93.1484,80.9307],[93.0527,80.9954],[95.5472,81.2208],[95.1035,81.2713],[95.7766,81.2888],[96.7664,80.9499],[97.7546,80.8293],[97.8836,80.7695],[97.7471,80.7416]]],[[[57.2661,81.4268],[56.7405,81.4535],[56.9461,81.5224],[57.784,81.5648],[58.5705,81.4132],[57.2661,81.4268]]],[[[58.2954,81.7142],[57.8913,81.708],[58.1453,81.7768],[57.9778,81.8166],[59.44,81.8178],[58.2954,81.7142]]],[[[154.8367,49.6501],[154.8151,49.3102],[154.606,49.2927],[154.8367,49.6501]]],[[[59.0017,79.9806],[58.7964,80.0436],[59.5291,80.1209],[59.9273,79.9949],[59.0017,79.9806]]],[[[55.7121,80.1035],[56.0191,80.1818],[55.9728,80.3232],[56.1299,80.3512],[57.022,80.364],[57.1536,80.199],[56.9568,80.0663],[55.7121,80.1035]]],[[[52.6229,80.1833],[52.1829,80.2761],[52.9059,80.4126],[53.8695,80.2709],[52.6229,80.1833]]],[[[57.5288,80.1314],[57.2777,80.1784],[57.2428,80.4115],[56.9461,80.4815],[58.4524,80.4681],[59.2761,80.33],[58.391,80.3202],[58.0769,80.2618],[58.4606,80.2351],[58.4065,80.1656],[57.5288,80.1314]]],[[[53.798,80.4729],[53.9729,80.5293],[53.8833,80.6107],[54.4651,80.4815],[53.798,80.4729]]],[[[60.2562,81.0364],[61.7017,81.1053],[60.9878,80.922],[60.07,80.9796],[60.2562,81.0364]]],[[[62.7705,80.8856],[64.0365,80.9869],[64.2747,81.1691],[64.7048,81.2053],[65.2298,81.1367],[65.4657,80.9349],[64.5867,80.7552],[63.1307,80.6831],[62.5105,80.8101],[62.7705,80.8856]]],[[[57.3362,81.2053],[58.0838,81.2145],[57.3898,81.1238],[56.9944,81.1662],[57.3362,81.2053]]],[[[55.6468,81.2003],[55.4657,81.3244],[56.6028,81.2617],[56.3359,81.3852],[57.905,81.2971],[55.6468,81.2003]]],[[[40.4549,64.5819],[39.8242,64.6798],[40.1885,64.7082],[40.4549,64.5819]]],[[[40.1452,64.7343],[40.3335,64.7724],[40.4067,64.6425],[40.1452,64.7343]]],[[[67.328,69.5727],[67.259,69.4386],[67.0218,69.477],[67.328,69.5727]]],[[[66.8371,70.3919],[66.5903,70.473],[66.6685,70.5383],[66.8371,70.3919]]],[[[66.5593,70.5443],[66.3973,70.6303],[66.428,70.7995],[66.5593,70.5443]]],[[[66.6004,70.9138],[66.4339,70.8271],[66.5996,71.0044],[66.6004,70.9138]]],[[[54.4077,80.2848],[54.1781,80.1893],[54.1012,80.2729],[54.4077,80.2848]]],[[[161.8938,69.6538],[161.8669,69.5546],[161.6656,69.6205],[161.8938,69.6538]]],[[[83.3051,70.8055],[83.4694,70.7377],[83.3048,70.6446],[83.3096,70.4431],[83.0653,70.3653],[83.3051,70.8055]]],[[[89.0471,77.1409],[88.9196,76.9771],[88.6639,77.0804],[89.0471,77.1409]]]]}},{"type":"Feature","properties":{"name":"Czechia"},"geometry":{"type":"Polygon","coordinates":[[[14.8104,50.8584],[15.1444,51.0116],[15.3561,50.7755],[15.7922,50.7427],[15.982,50.6036],[16.3316,50.644],[16.4259,50.5676],[16.1996,50.4063],[16.6606,50.093],[17.0148,50.2185],[16.893,50.4329],[17.4242,50.2406],[17.708,50.311],[17.6328,50.1063],[17.8394,49.9736],[18.0024,50.0468],[18.5592,49.9072],[18.8332,49.5103],[18.5356,49.4817],[17.7272,48.8629],[17.1675,48.8598],[16.945,48.6042],[16.5195,48.8056],[16.0854,48.7429],[15.004,49.0098],[14.9396,48.7628],[14.8004,48.7765],[14.6756,48.5762],[14.0408,48.6012],[12.6435,49.4295],[12.3836,49.7429],[12.5241,49.905],[12.2469,50.045],[12.0761,50.3152],[12.3004,50.1608],[12.5102,50.3888],[12.9526,50.4042],[13.5566,50.7067],[14.3465,50.8802],[14.2875,51.0368],[14.8104,50.8584]]]}},{"type":"Feature","properties":{"name":"Germany"},"geometry":{"type":"MultiPolygon","coordinates":[[[[13.8157,48.7664],[13.7165,48.5217],[13.4546,48.5734],[13.4056,48.3766],[12.7389,48.1134],[12.9912,47.8471],[12.892,47.7235],[13.072,47.6595],[13.0019,47.466],[12.762,47.6669],[12.2422,47.732],[12.1736,47.6051],[11.6205,47.5897],[11.237,47.394],[10.4292,47.577],[10.4283,47.396],[10.1599,47.2711],[10.2093,47.3725],[9.9459,47.5408],[8.8817,47.6561],[8.5582,47.8012],[8.3913,47.6655],[8.5741,47.5924],[7.6097,47.5647],[7.5119,47.7073],[7.5789,48.1145],[7.8103,48.615],[8.2003,48.9586],[7.4105,49.1689],[6.7256,49.1556],[6.3453,49.4553],[6.5026,49.7957],[6.0964,50.0486],[6.1468,50.214],[6.3745,50.3155],[6.3369,50.481],[6.1708,50.518],[6.2491,50.6144],[5.973,50.7818],[6.0637,50.9075],[5.8582,51.0193],[6.1473,51.1523],[6.0566,51.2117],[6.2078,51.3877],[5.9315,51.8156],[6.7438,51.9083],[6.8092,51.9795],[6.6799,52.0605],[7.0263,52.2306],[6.9733,52.4514],[6.6717,52.5417],[7.0185,52.626],[7.1946,53.245],[7.3665,53.3028],[7.0236,53.3764],[7.2261,53.6665],[8.0314,53.7081],[8.168,53.5532],[8.077,53.4687],[8.2053,53.4107],[8.3151,53.4749],[8.2707,53.6129],[8.5521,53.5436],[8.5044,53.3581],[8.5876,53.8704],[9.2107,53.872],[9.832,53.5436],[9.3952,53.831],[8.916,53.9374],[8.8333,54.0364],[9.0183,54.0979],[8.8128,54.1805],[8.9631,54.3176],[8.5999,54.3381],[9.0116,54.5063],[8.6887,54.7353],[8.6608,54.8963],[9.9475,54.7795],[10.0269,54.56],[9.8401,54.4753],[10.1434,54.4918],[10.1418,54.3244],[10.3184,54.4433],[10.7313,54.3102],[11.1355,54.3859],[11.0666,54.1839],[10.7526,54.0501],[10.9021,53.9614],[11.1751,54.018],[11.4577,53.9062],[11.6897,54.1552],[12.0881,54.1941],[12.115,54.0979],[12.5339,54.4883],[12.9212,54.4335],[12.4385,54.3875],[12.4124,54.2514],[13.0088,54.4381],[13.4836,54.0913],[13.7119,54.1737],[13.906,53.9431],[13.8171,53.8529],[14.2645,53.7516],[14.4416,53.2518],[14.1239,52.8507],[14.6448,52.5769],[14.5454,52.3822],[14.7614,52.0767],[14.5858,51.8039],[14.71,51.5302],[14.9554,51.4354],[14.9553,51.064],[14.7592,50.8102],[14.4821,51.0372],[14.2875,51.0368],[14.3465,50.8802],[13.5566,50.7067],[12.9526,50.4042],[12.5102,50.3888],[12.3004,50.1608],[12.0761,50.3152],[12.2469,50.045],[12.5241,49.905],[12.3836,49.7429],[12.6435,49.4295],[13.8157,48.7664]]],[[[14.2101,53.9385],[13.8401,53.8503],[14.0513,54.0051],[13.7741,54.0228],[13.7529,54.1531],[14.2101,53.9385]]],[[[13.6983,54.3921],[13.7232,54.2784],[13.4997,54.3449],[13.4072,54.2282],[13.1155,54.3381],[13.2669,54.3859],[13.1434,54.5429],[13.5071,54.4883],[13.5208,54.5708],[13.2533,54.5646],[13.231,54.6533],[13.3908,54.6882],[13.4246,54.5851],[13.6707,54.5662],[13.5755,54.4719],[13.6983,54.3921]]],[[[8.4976,54.7564],[8.5658,54.6876],[8.3945,54.7148],[8.4976,54.7564]]],[[[8.3604,54.9482],[8.6545,54.8936],[8.3071,54.8654],[8.2844,54.7424],[8.3604,54.9482]]]]}},{"type":"Feature","properties":{"name":"Estonia"},"geometry":{"type":"MultiPolygon","coordinates":[[[[24.3062,57.8682],[24.551,58.3337],[24.3618,58.3973],[24.1117,58.241],[23.741,58.3431],[23.4977,58.6966],[23.8744,58.7717],[23.4295,58.7648],[23.5261,58.8198],[23.422,58.9287],[23.6277,58.9792],[23.4084,59.0256],[23.5182,59.0733],[23.4709,59.2121],[24.0806,59.2713],[24.0348,59.3887],[24.2219,59.3552],[24.3338,59.4706],[24.7726,59.4501],[24.8035,59.5705],[25.4094,59.491],[25.5437,59.5351],[25.4849,59.6698],[26.9377,59.4501],[28.0191,59.4818],[28.1865,59.3749],[27.8823,59.2757],[27.4106,58.7549],[27.5549,58.3952],[27.4954,58.2215],[27.7993,57.8611],[27.5246,57.8073],[27.3529,57.5276],[26.8727,57.6272],[26.4995,57.5158],[26.0145,57.8428],[25.2817,58.0734],[24.3062,57.8682]]],[[[23.2306,58.5048],[23.325,58.4423],[23.1565,58.4775],[22.7232,58.2254],[22.2951,58.1929],[22.0483,57.9151],[21.9634,57.984],[22.203,58.1479],[21.8438,58.2936],[22.0112,58.3539],[21.8324,58.511],[22.0894,58.4222],[22.5503,58.6296],[23.2306,58.5048]]],[[[23.3816,58.5799],[23.0593,58.6035],[23.1978,58.6806],[23.3816,58.5799]]],[[[22.2918,58.8952],[22.0555,58.9527],[22.6405,59.0871],[23.0405,58.8408],[22.5557,58.687],[22.2918,58.8952]]]]}},{"type":"Feature","properties":{"name":"Latvia"},"geometry":{"type":"Polygon","coordinates":[[[27.3529,57.5276],[27.8403,57.2906],[27.6284,56.8442],[27.9135,56.8201],[28.2173,56.2707],[27.5927,55.7942],[26.9811,55.8269],[26.481,55.6783],[25.6619,56.1408],[25.0731,56.1978],[24.871,56.4426],[24.1389,56.2574],[22.0941,56.4174],[21.0534,56.0726],[20.9734,56.232],[21.0005,56.5106],[21.0798,56.4031],[21.0527,56.8289],[21.3825,57.0089],[21.4336,57.3065],[21.7297,57.5738],[22.4837,57.7425],[23.1302,57.3708],[23.2609,57.0989],[23.6952,56.9673],[24.4006,57.2581],[24.3062,57.8682],[25.0942,58.0673],[26.0145,57.8428],[26.4995,57.5158],[26.8727,57.6272],[27.3529,57.5276]]]}},{"type":"Feature","properties":{"name":"Norway"},"geometry":{"type":"MultiPolygon","coordinates":[[[[20.6232,69.0364],[20.1023,69.0221],[20.3565,68.8046],[19.9622,68.5412],[20.2459,68.4774],[19.9712,68.3513],[18.4362,68.5739],[18.1615,68.5302],[18.1886,68.1987],[17.921,67.9729],[17.3215,68.1053],[16.7829,67.897],[16.5872,67.6259],[16.1271,67.4228],[16.4379,67.2003],[16.4156,67.0527],[15.4263,66.4912],[15.4819,66.2749],[14.5405,66.1254],[14.6489,65.8024],[14.5143,65.3181],[13.6428,64.584],[14.0969,64.4653],[14.1478,64.169],[13.9642,64.0095],[12.9824,64.0588],[12.1703,63.5981],[12.2198,63.4743],[11.9924,63.2889],[12.2227,63.0015],[12.0933,62.9074],[12.0912,62.5863],[12.3143,62.2861],[12.1617,61.7248],[12.8882,61.3496],[12.7038,61.0462],[12.2533,61.0017],[12.6053,60.4192],[12.4832,60.0812],[11.8496,59.8724],[11.8972,59.714],[11.6749,59.6071],[11.8117,59.2497],[11.6644,58.9201],[11.452,58.896],[11.1764,59.1968],[10.7381,59.2167],[10.5602,59.7262],[10.6555,59.8567],[10.7178,59.7381],[10.6887,59.9118],[10.4754,59.85],[10.6146,59.6077],[10.5427,59.5355],[10.2244,59.7238],[10.3792,59.6584],[10.381,59.5353],[10.2373,59.56],[10.5142,59.3029],[10.3608,59.2713],[10.3069,59.0597],[9.8462,58.9556],[9.5391,59.1206],[9.6898,58.9567],[9.2988,58.8815],[9.4087,58.7922],[9.071,58.7412],[9.1902,58.6649],[8.1229,58.102],[8.0296,58.2248],[7.9563,58.0932],[7.5789,58.0175],[7.0066,57.9931],[7.1475,58.1001],[6.9006,58.0523],[6.8042,58.1001],[6.9893,58.1411],[6.7224,58.1894],[6.7826,58.0653],[6.6185,58.0683],[6.5305,58.1206],[6.846,58.2714],[6.0101,58.3849],[5.478,58.7547],[5.5371,58.9561],[5.6262,58.9256],[5.5505,59.0386],[5.7156,58.8673],[5.8535,58.965],[6.2289,58.84],[6.0648,58.8854],[6.1265,58.9621],[6.6262,59.0528],[6.0339,58.9052],[5.8755,59.0662],[6.4617,59.3198],[6.1541,59.2678],[6.2266,59.3301],[6.0415,59.3837],[6.5442,59.56],[6.2363,59.5258],[6.2865,59.6492],[5.9242,59.3558],[5.8862,59.447],[6.1532,59.4774],[5.8074,59.5394],[5.6462,59.4085],[5.8596,59.3508],[5.612,59.293],[5.5866,59.4165],[5.5054,59.2777],[5.4331,59.4051],[5.3994,59.2967],[5.3484,59.416],[5.2972,59.3447],[5.2017,59.5463],[5.4891,59.7381],[5.4168,59.5047],[5.5641,59.6767],[5.7544,59.6098],[5.8794,59.6555],[5.7461,59.6755],[5.8142,59.7291],[6.2918,59.8403],[6.0023,59.7586],[5.9689,59.861],[5.8317,59.7722],[5.6462,59.8542],[6.291,60.1216],[6.075,60.1984],[6.3518,60.3681],[6.6404,60.4165],[6.5238,60.0808],[6.6541,60.3824],[7.106,60.5058],[6.9006,60.5058],[6.988,60.5895],[6.6561,60.433],[6.6951,60.5189],[6.2972,60.3886],[6.1775,60.471],[6.1399,60.2543],[5.9964,60.265],[5.7393,59.9945],[5.7907,60.2111],[5.5437,60.1627],[5.7083,60.2322],[5.5715,60.2383],[5.7366,60.392],[5.4098,60.1313],[5.141,60.3514],[5.2979,60.396],[5.3058,60.5283],[5.6536,60.4308],[5.7498,60.7182],[5.2228,60.5742],[4.9268,60.8001],[5.4338,60.6287],[5.2359,60.7762],[5.5369,60.8758],[5.131,60.8121],[4.9819,60.9509],[5.1008,60.8778],[5.1403,60.9919],[5.0161,61.0465],[5.4484,60.9954],[6.0985,61.1222],[6.356,61.0109],[6.6006,61.1752],[6.9558,61.0881],[7.0098,61.0089],[6.8738,60.9372],[7.0514,60.9645],[7.106,60.8616],[7.1613,60.9509],[7.0003,61.0929],[7.695,61.2321],[7.312,61.2873],[7.572,61.4853],[7.2637,61.3959],[7.3052,61.1632],[6.9531,61.1116],[7.0036,61.1837],[6.5579,61.2246],[6.7019,61.4028],[6.4343,61.1147],[6.0371,61.2042],[5.1939,61.1053],[5.0593,61.188],[5.2502,61.1837],[4.98,61.2753],[5.6331,61.3618],[5.0584,61.3235],[5.1117,61.4307],[4.9479,61.4164],[5.8045,61.458],[5.1782,61.5098],[5.3582,61.561],[5.1465,61.5952],[5.427,61.5889],[4.9683,61.6361],[4.9881,61.7469],[5.1677,61.7255],[5.0789,61.7737],[5.3948,61.9111],[5.9409,61.845],[5.8993,61.7386],[5.992,61.8354],[6.8186,61.8764],[5.1558,61.8961],[5.4002,62.02],[5.085,62.1911],[5.4617,62.0067],[5.5916,62.0682],[5.391,62.1232],[5.4543,62.1911],[5.7498,62.0886],[5.6672,62.1706],[5.9055,62.1909],[5.8454,62.0197],[5.9546,62.14],[6.3667,62.0613],[5.926,62.2255],[6.3108,62.3721],[6.5305,62.1091],[6.4002,62.3872],[6.7088,62.4517],[6.9893,62.273],[6.9558,62.1023],[7.1878,62.1023],[6.9793,62.1129],[7.0281,62.266],[7.3735,62.273],[6.957,62.3253],[6.7907,62.4784],[6.2429,62.4511],[6.6746,62.4927],[6.2661,62.593],[7.0923,62.6509],[7.1271,62.5337],[7.1575,62.6292],[7.5425,62.5036],[7.7782,62.5747],[7.4627,62.5747],[7.5232,62.6744],[8.1475,62.692],[8.073,62.7801],[7.385,62.6876],[7.6813,62.7944],[6.9704,62.7256],[7.2158,62.8148],[6.9102,62.9294],[7.9739,62.977],[8.5453,62.6572],[7.8772,63.0104],[8.0867,63.1097],[8.3293,62.8807],[8.703,62.8223],[8.4157,62.9588],[8.6688,62.9793],[8.374,62.9731],[8.4702,63.0202],[8.1655,63.1153],[8.9431,63.2121],[8.4764,63.294],[8.7644,63.3493],[8.6724,63.4212],[9.0183,63.4665],[9.1486,63.3759],[9.0934,63.294],[9.4769,63.4039],[9.218,63.372],[9.4844,63.4827],[9.162,63.5071],[9.6991,63.6445],[9.9606,63.4277],[9.8333,63.3288],[10.259,63.2673],[10.094,63.4387],[10.9081,63.4562],[10.7588,63.5175],[10.9226,63.6025],[10.7347,63.6133],[11.4577,63.79],[11.0965,63.8581],[11.4868,64.0067],[11.2542,64.0379],[11.3621,64.1171],[10.5737,63.8091],[10.9349,63.8981],[11.074,63.8359],[10.91,63.731],[10.0803,63.5075],[9.7922,63.6645],[10.1014,63.7676],[9.5441,63.6656],[9.7781,63.7676],[9.5459,63.7744],[10.197,63.9383],[9.9431,63.9184],[10.1281,63.9867],[9.9363,63.9594],[9.9978,64.1096],[10.6489,64.3566],[10.4973,64.4291],[10.855,64.3778],[10.6564,64.4522],[10.9567,64.487],[10.9567,64.603],[11.3416,64.4317],[11.2249,64.3225],[11.6563,64.4802],[11.4607,64.5112],[11.7798,64.5969],[11.5168,64.5729],[11.3962,64.7067],[12.2249,64.9394],[11.261,64.7344],[11.4297,64.8159],[11.2527,64.8378],[11.6971,64.9122],[11.2673,64.8698],[11.9785,65.0688],[12.194,64.9949],[12.931,65.3124],[12.5028,65.1449],[12.3552,65.2269],[12.7121,65.2541],[12.2453,65.2336],[12.4992,65.3708],[12.6916,65.3298],[12.4787,65.4465],[12.7121,65.3708],[12.6294,65.4323],[12.7803,65.4596],[12.3552,65.6042],[12.4954,65.7333],[12.7871,65.6384],[12.5578,65.7537],[12.7175,65.7891],[12.6117,65.8347],[12.6823,65.9267],[13.176,65.8558],[12.9243,65.994],[13.0404,66.0834],[12.6704,66.0629],[13.5272,66.2401],[13.5359,66.1105],[13.8216,66.147],[13.6411,66.2206],[14.1439,66.3338],[13.0404,66.1796],[13.5344,66.3093],[13.0373,66.32],[13.1638,66.467],[12.972,66.5222],[13.3621,66.4555],[13.2595,66.5222],[13.7262,66.6048],[13.239,66.5484],[13.4035,66.6252],[13.1912,66.6666],[13.5474,66.6383],[13.2254,66.714],[13.993,66.7897],[13.5436,66.9219],[13.959,66.9269],[14.0599,67.0609],[14.1515,66.9716],[14.5682,67.0181],[14.2674,67.0839],[14.7433,67.1183],[14.6038,67.2043],[14.9793,67.2143],[14.8906,67.1528],[14.9939,67.0991],[14.9317,67.1528],[15.0946,67.2134],[15.5015,67.0703],[15.3767,67.2006],[15.7404,67.1733],[15.0625,67.2477],[15.1651,67.3105],[14.3283,67.2416],[14.6231,67.4206],[15.049,67.447],[14.7268,67.4887],[15.0588,67.5773],[14.8293,67.475],[15.429,67.483],[15.6585,67.2757],[15.5287,67.4675],[15.898,67.5569],[15.2393,67.5292],[15.4661,67.5773],[15.1786,67.6184],[15.3011,67.7202],[15.8366,67.694],[15.4328,67.8607],[14.8361,67.6425],[14.7268,67.6594],[14.877,67.7003],[14.793,67.7288],[15.1172,67.7419],[14.773,67.816],[15.8601,67.8996],[16.0632,68.0094],[15.8983,68.0668],[15.2817,68.0367],[15.6437,68.1689],[15.7375,68.1028],[15.6284,68.053],[15.8445,68.0963],[15.9797,68.2501],[16.104,68.1602],[16.042,68.0299],[16.4847,67.7978],[16.207,68.0026],[16.4666,67.8996],[16.3335,68.0024],[16.5422,67.961],[16.3892,68.0593],[16.689,68.071],[16.2891,68.0913],[16.5901,68.1671],[16.1034,68.2831],[16.803,68.1323],[16.2201,68.3514],[17.1273,68.3729],[17.334,68.1671],[17.4199,68.2359],[17.2479,68.406],[17.8718,68.393],[17.4676,68.4476],[17.5466,68.5301],[17.0466,68.4341],[16.4646,68.51],[16.9607,68.7045],[17.6794,68.6605],[17.2344,68.756],[17.783,68.7486],[17.4676,68.8312],[17.8259,68.8937],[17.4261,68.8995],[17.6589,69.1169],[18.1524,69.154],[17.9885,69.2353],[18.1585,69.4596],[18.4872,69.382],[18.5025,69.2353],[18.5648,69.3647],[19.0054,69.2855],[18.4546,69.4543],[18.8527,69.5523],[19.3794,69.3218],[19.1775,69.2535],[19.4772,69.2208],[19.4295,69.3417],[19.0013,69.4643],[19.2293,69.5679],[18.9443,69.6153],[19.249,69.7771],[19.7842,69.8044],[19.5303,69.4003],[19.6885,69.4447],[19.7432,69.6126],[20.1126,69.5854],[19.8245,69.7119],[20.2927,69.971],[20.4253,69.8772],[20.3826,69.5988],[19.948,69.2631],[20.4824,69.5779],[20.853,69.4959],[20.4924,69.6273],[20.4824,69.7634],[21.0925,69.9484],[20.8939,69.8529],[21.1792,69.8195],[21.3259,69.9075],[21.2092,69.9348],[21.2899,70.0211],[22.0863,69.7396],[21.9136,69.9453],[22.1136,70.0303],[21.7983,70.0372],[22.0994,70.1203],[21.7195,70.0606],[21.2092,70.2085],[21.4898,70.2085],[21.553,70.321],[21.874,70.147],[21.8057,70.2572],[21.9868,70.3234],[22.3058,70.2873],[22.2747,70.1355],[22.5593,70.1266],[22.3259,70.1675],[22.4006,70.2583],[22.9671,70.2075],[22.2849,70.044],[23.0186,70.147],[23.0944,69.9553],[23.3298,69.9484],[23.5393,70.0241],[23.1755,70.0924],[23.4021,70.1402],[23.2439,70.2159],[23.5319,70.2438],[23.3128,70.257],[23.6144,70.3047],[23.5132,70.3655],[23.918,70.5094],[24.3503,70.4562],[24.1027,70.5414],[24.3524,70.691],[24.7235,70.621],[24.2451,70.7845],[24.3958,70.8669],[24.6354,70.7798],[24.7249,70.8732],[24.6369,70.9757],[25.0335,70.9713],[24.916,70.8732],[25.1536,70.9195],[25.2456,70.7913],[25.365,70.9761],[25.536,70.9229],[25.4417,70.8415],[25.9258,70.8637],[25.0599,70.4897],[25.2871,70.4561],[25.0811,70.3593],[25.2088,70.3167],[24.9434,70.1024],[25.2285,70.0924],[25.5404,70.2978],[25.4411,70.3422],[26.6136,70.9491],[26.7254,70.9279],[26.6912,70.736],[26.3416,70.6479],[26.657,70.6405],[26.5059,70.3629],[27.1021,70.4698],[26.9917,70.5828],[27.2666,70.5853],[27.1106,70.7287],[27.6296,70.805],[27.1338,70.95],[27.5542,70.9553],[27.5246,71.0744],[27.6502,71.1271],[28.5488,70.9726],[28.2659,70.795],[27.76,70.7913],[28.1305,70.736],[27.6502,70.6064],[28.3013,70.7026],[27.8494,70.4829],[28.3353,70.5176],[28.1607,70.3828],[28.1672,70.1355],[28.0138,70.0714],[28.1839,70.1155],[28.2327,70.3991],[28.5073,70.4487],[28.4017,70.559],[28.7947,70.8732],[29.4048,70.7845],[29.3064,70.6529],[30.0696,70.7156],[30.3473,70.5961],[30.0007,70.5381],[30.947,70.45],[31.077,70.2842],[30.5488,70.2487],[30.1589,70.0714],[28.5967,70.1613],[29.6859,69.9695],[29.3638,69.8597],[29.7412,69.9075],[29.4873,69.6611],[30.0304,69.7759],[29.9393,69.6877],[30.1863,69.6877],[30.1652,69.8795],[30.2892,69.8865],[30.4026,69.8312],[30.3602,69.6675],[30.4507,69.8103],[30.841,69.8058],[30.8982,69.5442],[30.1191,69.6346],[30.2316,69.5583],[30.1234,69.4419],[29.3768,69.3016],[29.221,69.0984],[28.9541,69.0273],[28.8522,69.2035],[29.3445,69.4644],[29.1312,69.6742],[28.4046,69.8023],[27.8669,70.0753],[27.1003,69.9018],[26.5339,69.9252],[25.9688,69.6632],[25.7372,69.2182],[25.7958,68.9933],[25.2013,68.8126],[25.1324,68.6476],[24.8792,68.5548],[23.929,68.8162],[23.1976,68.618],[22.4092,68.7129],[21.6388,69.2714],[21.0984,69.2395],[21.0715,69.0367],[20.6232,69.0364]]],[[[14.0278,68.2626],[14.1107,68.2071],[13.8257,68.1068],[13.4567,68.071],[13.6367,68.2943],[14.0278,68.2626]]],[[[14.763,68.4949],[14.6693,68.5873],[15.0,68.5548],[14.763,68.4949]]],[[[5.2769,59.2993],[5.2086,59.1429],[5.1859,59.4147],[5.2769,59.2993]]],[[[5.3071,59.7586],[5.1528,59.5916],[5.188,59.7586],[5.0706,59.7828],[5.154,59.8747],[5.3071,59.7586]]],[[[5.4891,59.861],[5.3897,59.7586],[5.2502,59.9094],[5.3262,59.9765],[5.4891,59.861]]],[[[5.6192,60.0739],[5.6399,59.9156],[5.3618,59.9953],[5.6192,60.0739]]],[[[5.1117,60.2005],[4.9479,60.2589],[5.0366,60.3135],[4.9489,60.4392],[5.1117,60.2005]]],[[[5.6877,60.6766],[5.6089,60.4438],[5.324,60.5468],[5.6877,60.6766]]],[[[4.9608,61.1774],[4.8032,61.0465],[4.8447,61.1973],[4.9608,61.1774]]],[[[4.8652,61.8894],[5.2228,61.8485],[4.9163,61.781],[4.8652,61.8894]]],[[[5.7361,62.2805],[5.7783,62.2074],[5.5021,62.2258],[5.7361,62.2805]]],[[[5.9886,62.3965],[6.0788,62.3419],[5.8113,62.2457],[5.8156,62.3857],[5.9886,62.3965]]],[[[7.6404,63.0551],[7.7063,63.0067],[7.5265,62.946],[7.3665,62.9967],[7.6404,63.0551]]],[[[8.1133,63.2394],[8.1885,63.1575],[7.9284,63.1779],[8.1133,63.2394]]],[[[8.4839,63.2468],[8.5658,63.1779],[8.4232,63.1611],[8.2642,63.2326],[8.4839,63.2468]]],[[[7.9147,63.3425],[7.7782,63.4113],[8.0041,63.4728],[8.1817,63.3902],[7.9147,63.3425]]],[[[9.1387,63.5678],[8.2778,63.4665],[8.7883,63.64],[9.1387,63.5678]]],[[[8.3604,63.6714],[8.7372,63.8091],[8.8255,63.7341],[8.3604,63.6714]]],[[[12.2249,65.1238],[11.979,65.0828],[12.1672,65.2111],[12.2249,65.1238]]],[[[12.4514,65.4261],[12.0535,65.22],[12.3285,65.467],[12.1974,65.4739],[12.2586,65.5746],[12.4514,65.4261]]],[[[12.5742,66.0759],[12.2942,66.0151],[12.5514,66.2204],[12.6569,66.1039],[12.5742,66.0759]]],[[[14.2737,67.1658],[14.1922,67.0036],[13.993,67.0777],[14.2737,67.1658]]],[[[13.0547,68.0981],[13.157,68.0851],[13.0503,68.0246],[13.1239,67.944],[12.7871,67.8101],[13.0547,68.0981]]],[[[13.2805,68.1291],[13.4377,68.126],[13.3662,68.0128],[13.1727,68.009],[13.2805,68.1291]]],[[[15.0005,68.3651],[14.1985,68.1528],[14.3562,68.2421],[14.3034,68.312],[14.4956,68.3061],[14.3836,68.3725],[15.1724,68.4544],[15.0005,68.3651]]],[[[16.4229,68.4919],[16.0949,68.3975],[16.2217,68.5237],[16.4229,68.4919]]],[[[17.2064,68.8933],[17.4404,68.8659],[17.2236,68.793],[17.0835,68.9138],[17.2064,68.8933]]],[[[16.5286,68.722],[16.4976,68.554],[16.106,68.5385],[15.9409,68.3803],[15.8708,68.4954],[15.638,68.3042],[15.3384,68.332],[15.5537,68.5112],[14.9868,68.2695],[15.3568,68.4612],[15.2173,68.5569],[15.6305,68.6121],[15.4387,68.7077],[15.7136,68.7014],[15.4556,68.769],[15.638,68.8249],[15.5486,68.8523],[15.6448,68.9547],[15.9074,68.9594],[15.7615,68.7356],[15.9896,68.7635],[15.7404,68.5301],[16.083,68.6387],[16.0332,68.7114],[16.2132,68.7356],[16.0972,68.8312],[16.2546,68.9032],[16.5559,68.8249],[16.5286,68.722]]],[[[16.5662,68.9683],[16.4762,68.8858],[16.2617,68.9683],[16.5662,68.9683]]],[[[14.3972,68.6605],[14.6284,68.8299],[15.1589,68.8175],[15.0093,68.9633],[15.0845,69.0112],[15.2953,68.9069],[15.2407,68.8249],[15.384,68.8523],[15.2749,68.7971],[15.3753,68.6699],[15.0627,68.5785],[14.8159,68.6378],[15.1514,68.756],[14.3972,68.6605]]],[[[15.5287,68.9138],[15.4251,68.9621],[15.5697,69.1055],[16.1499,69.2908],[15.8479,69.0292],[15.5287,69.0093],[15.5287,68.9138]]],[[[18.0708,69.4379],[17.8787,69.2495],[17.9885,69.1874],[17.4722,69.2001],[17.1294,69.0115],[16.7731,69.0882],[17.1724,69.2011],[16.8986,69.1949],[17.1457,69.2563],[16.906,69.2979],[17.1318,69.311],[16.9265,69.3935],[17.3994,69.3662],[17.2822,69.414],[17.4958,69.4283],[17.1865,69.5028],[17.3433,69.5375],[17.6453,69.4618],[17.4676,69.5996],[17.6579,69.5085],[17.6589,69.5996],[17.8591,69.5867],[17.8308,69.4481],[18.0708,69.4379]]],[[[18.999,69.8286],[19.0574,69.7634],[18.7693,69.5717],[17.9954,69.5921],[18.4001,69.6406],[18.2144,69.7142],[18.6328,69.702],[18.3823,69.7976],[18.6532,69.8044],[18.7625,69.6877],[18.6789,69.8861],[18.999,69.8286]]],[[[19.6192,70.0168],[19.1216,69.7878],[18.7289,69.9478],[19.2082,70.0986],[19.6192,70.0168]]],[[[20.7915,70.0924],[20.3899,70.1027],[20.7339,70.2367],[20.7915,70.0924]]],[[[19.9822,70.147],[20.1541,70.1129],[19.7761,70.0673],[19.5371,70.2501],[19.9822,70.147]]],[[[22.9224,70.3047],[22.3737,70.332],[22.7564,70.395],[22.9224,70.3047]]],[[[23.656,70.5033],[23.2163,70.2828],[23.082,70.3017],[23.1346,70.4145],[22.854,70.4077],[23.5393,70.5449],[23.391,70.618],[23.656,70.5033]]],[[[24.0669,70.661],[23.8042,70.5133],[23.6355,70.692],[24.0669,70.661]]],[[[22.4221,70.5107],[22.1545,70.4723],[22.3333,70.6132],[21.9865,70.6625],[22.541,70.7175],[22.7249,70.6036],[22.8262,70.6479],[22.723,70.7485],[22.9691,70.6612],[23.1824,70.736],[23.0663,70.8124],[23.4841,70.7988],[23.0889,70.5862],[22.4221,70.5107]]],[[[26.136,71.0377],[25.5534,70.9279],[25.4163,70.9831],[25.5608,71.0173],[25.2925,71.0281],[25.7185,71.052],[25.5534,71.1408],[25.6673,71.1653],[26.0298,71.1165],[25.8898,71.052],[25.9564,71.002],[26.136,71.0377]]],[[[30.0212,69.8323],[29.7132,69.7634],[29.8425,69.9089],[30.0212,69.8323]]],[[[19.8133,70.0026],[19.7206,69.8647],[19.4343,69.8405],[19.8133,70.0026]]],[[[-7.9626,71.1749],[-8.006,71.0325],[-8.9866,70.8108],[-9.1174,70.8749],[-7.9626,71.1749]]],[[[19.1603,74.526],[19.2834,74.444],[19.0737,74.3474],[18.7898,74.4782],[19.1603,74.526]]],[[[24.4248,77.8259],[23.2345,77.2637],[22.4204,77.2689],[22.5046,77.3359],[22.4221,77.4315],[22.7783,77.5549],[21.0925,77.4392],[20.8318,77.5407],[21.2161,77.6096],[21.6618,77.918],[20.877,78.0986],[21.6968,78.2111],[22.9661,78.2563],[23.4705,78.1583],[23.1055,78.0881],[23.1205,77.9859],[24.4248,77.8259]]],[[[21.0243,78.2191],[20.6472,78.194],[20.7915,78.2744],[20.4688,78.3153],[20.6611,78.3911],[20.1536,78.4754],[21.1782,78.6232],[22.0847,78.595],[22.2713,78.2675],[21.0243,78.2191]]],[[[27.0208,78.6989],[26.7376,78.6265],[26.3963,78.7752],[27.0208,78.6989]]],[[[12.1428,78.237],[11.1218,78.4389],[10.4844,78.8907],[10.9998,78.8342],[11.259,78.5282],[11.8722,78.4479],[12.1428,78.237]]],[[[29.439,78.905],[27.842,78.8435],[28.4186,78.967],[29.439,78.905]]],[[[20.0989,79.1241],[20.8318,79.0552],[20.3582,78.9947],[20.0442,79.0415],[20.0989,79.1241]]],[[[20.2088,78.6381],[18.9618,78.4525],[19.0664,78.3779],[18.9544,78.2818],[19.0852,78.2299],[18.9206,78.1785],[19.0983,78.103],[18.4063,78.0211],[18.5025,77.9802],[18.3304,77.905],[18.4546,77.7741],[18.2998,77.5202],[17.6248,77.4457],[17.3374,77.0473],[17.0972,77.0547],[17.3237,76.9789],[16.9191,76.7939],[17.1921,76.6968],[16.3438,76.5724],[16.284,76.7079],[15.5015,76.8765],[16.5286,77.0001],[16.029,77.0851],[15.3457,77.0085],[14.4478,77.1814],[13.9107,77.5345],[16.2214,77.4409],[15.8459,77.5788],[14.7405,77.6642],[17.1061,77.7752],[16.7893,77.8771],[17.0078,77.9385],[13.957,77.7199],[13.7373,77.7499],[13.8218,77.8014],[13.6511,77.8498],[13.5891,78.0559],[13.9577,78.0957],[14.3301,77.9644],[14.2328,78.0935],[15.6935,78.2148],[15.5902,78.2886],[15.7951,78.3429],[17.2964,78.4326],[16.3299,78.4525],[16.8272,78.648],[16.5542,78.7193],[16.002,78.4827],[15.4395,78.4584],[15.1929,78.5896],[15.4651,78.6546],[15.4866,78.8088],[15.3815,78.8514],[15.1991,78.7405],[15.2612,78.6654],[14.9827,78.5974],[14.815,78.7336],[14.4456,78.6784],[14.5896,78.5555],[14.3836,78.5009],[14.7337,78.3911],[14.286,78.3874],[14.322,78.3085],[14.0759,78.2429],[13.7461,78.2675],[13.856,78.2129],[13.0096,78.2038],[12.8865,78.3477],[12.3626,78.4873],[13.198,78.5425],[11.9036,78.6381],[11.6432,78.7473],[11.9017,78.8443],[11.346,78.9542],[12.5066,78.9118],[11.6836,79.0694],[12.136,79.2134],[12.115,79.3022],[11.5947,79.3096],[11.7005,79.168],[11.2283,79.1007],[10.8412,79.371],[10.9001,79.4706],[10.6768,79.5424],[11.4577,79.6318],[11.2273,79.788],[11.8223,79.845],[12.297,79.665],[12.2044,79.8372],[12.5366,79.7463],[13.797,79.8819],[13.9502,79.8373],[13.8971,79.7377],[12.4514,79.5691],[13.4517,79.5924],[13.2595,79.4735],[13.617,79.4809],[14.0417,79.2658],[14.1582,79.3432],[13.8831,79.5424],[14.5486,79.8115],[15.2953,79.6038],[15.4973,79.33],[15.7727,79.2422],[15.6821,79.1122],[15.8816,79.161],[16.4352,78.9114],[15.9595,79.3096],[15.918,79.5629],[15.6419,79.8319],[16.1377,79.8708],[15.9597,79.9391],[16.0217,80.0154],[16.5415,80.0475],[16.8201,79.8758],[17.2695,79.9455],[18.0984,79.7274],[17.5907,79.5486],[17.783,79.494],[17.6532,79.3694],[18.3469,79.6299],[18.8818,79.4411],[18.8792,79.3159],[18.5918,79.2612],[18.9451,79.157],[19.7863,79.1651],[19.9064,79.0142],[21.541,78.8469],[21.3833,78.6586],[20.2088,78.6381]]],[[[18.2964,80.2761],[18.1188,80.2897],[18.3169,80.3642],[18.7556,80.3027],[18.2964,80.2761]]],[[[27.1711,80.0734],[27.1021,79.9744],[27.2074,79.8737],[25.826,79.626],[25.9688,79.5154],[25.8291,79.4422],[24.2881,79.3099],[24.0531,79.1889],[22.9256,79.2228],[22.6421,79.3178],[22.895,79.4195],[20.8169,79.3781],[19.6853,79.5539],[20.2083,79.6455],[21.1546,79.5691],[20.4756,79.6864],[22.2874,79.8057],[18.7839,79.7231],[18.112,79.9055],[18.9338,80.0563],[17.783,80.1383],[18.7005,80.2072],[19.3313,80.091],[19.5848,80.1519],[18.9816,80.3437],[19.8518,80.2208],[19.7152,80.2481],[19.9138,80.3852],[19.4688,80.4089],[19.6567,80.505],[20.3898,80.4235],[20.8392,80.3096],[20.749,80.2686],[20.8529,80.2139],[21.8467,80.2721],[21.5996,80.1252],[22.0652,80.111],[22.2832,79.9831],[22.4773,80.0154],[22.3469,80.07],[22.4631,80.07],[22.3737,80.111],[22.576,80.299],[22.3377,80.3839],[22.6821,80.4269],[22.6133,80.358],[22.7503,80.33],[22.7816,80.5173],[23.3606,80.4331],[23.1209,80.3915],[23.3538,80.3376],[23.055,80.2484],[23.0067,80.1621],[23.1223,80.1176],[23.8049,80.1846],[23.7653,80.3091],[24.3356,80.2863],[24.1488,80.3505],[24.2598,80.3758],[24.6008,80.317],[24.5213,80.2557],[24.8299,80.3559],[24.7801,80.2481],[27.1711,80.0734]]],[[[5.1203,62.0258],[5.0952,61.9274],[4.9842,62.0095],[5.1203,62.0258]]]]}},{"type":"Feature","properties":{"name":"Sweden"},"geometry":{"type":"MultiPolygon","coordinates":[[[[20.6232,69.0364],[22.0722,68.477],[22.8083,68.3949],[23.6622,67.9504],[23.4813,67.8646],[23.5535,67.587],[23.4313,67.4855],[23.7652,67.4201],[23.5813,67.1531],[24.004,66.8052],[23.8819,66.5635],[23.6524,66.4588],[23.6628,66.3165],[24.1631,65.8227],[23.196,65.827],[23.103,65.7047],[22.653,65.9084],[22.6637,65.7575],[22.4055,65.8639],[22.2092,65.7612],[22.388,65.6725],[22.1892,65.6241],[22.3086,65.6694],[22.4053,65.5419],[21.7642,65.7277],[22.203,65.549],[21.8535,65.5353],[22.0316,65.467],[21.9277,65.4041],[21.4891,65.3934],[21.7017,65.2859],[21.6228,65.2408],[21.2778,65.35],[21.6099,65.1689],[21.5859,65.0692],[21.0374,64.8327],[21.3058,64.7683],[21.3049,64.6657],[21.1227,64.6831],[21.6065,64.4522],[20.9666,64.1494],[20.6747,63.7893],[20.0345,63.6568],[19.6873,63.4313],[19.4463,63.5609],[19.5166,63.4147],[19.2932,63.4665],[19.0527,63.1789],[18.7511,63.2595],[18.8944,63.1978],[18.7005,63.2258],[18.7556,63.1575],[18.5645,63.1779],[18.6546,63.1137],[18.4782,63.0202],[18.2417,62.9998],[18.5767,62.9584],[18.4033,62.9648],[18.5125,62.9041],[18.207,62.8695],[18.1951,62.7774],[17.6936,62.9936],[17.9954,62.7277],[17.8718,62.6708],[18.0642,62.5958],[17.7074,62.4374],[17.3308,62.4877],[17.3806,62.3327],[17.6527,62.232],[17.5086,62.2184],[17.3446,61.9367],[17.4963,61.6351],[17.138,61.7255],[17.2686,61.6908],[17.0972,61.6361],[17.2479,61.6088],[17.0563,61.5822],[17.1865,61.561],[17.0801,61.5505],[17.2204,61.448],[17.104,61.3994],[17.2761,61.314],[17.0972,61.3209],[17.2127,61.2353],[17.1582,60.9484],[17.3357,60.7669],[17.1867,60.6924],[17.575,60.6479],[17.6706,60.5041],[17.9749,60.5878],[18.2349,60.3271],[18.6048,60.2383],[18.3169,60.321],[18.5781,60.0739],[18.6514,60.1483],[18.7966,60.005],[18.8169,60.1176],[19.0716,59.8963],[18.886,59.9299],[18.9241,59.8523],[18.7339,59.7688],[19.0745,59.7497],[18.2691,59.4774],[18.3073,59.3968],[18.009,59.4085],[18.2206,59.3198],[18.4701,59.3371],[18.4846,59.4342],[18.6465,59.3303],[18.2913,59.3227],[18.4242,59.1439],[18.0137,59.0449],[17.8928,58.861],[17.6589,59.1689],[17.5907,58.861],[17.4473,58.8952],[17.4883,58.7996],[17.3578,58.7512],[17.0282,58.7512],[17.1457,58.6966],[16.9242,58.6254],[16.1792,58.6345],[16.7893,58.6072],[16.9402,58.4911],[16.4126,58.4775],[16.7992,58.3236],[16.7068,58.2783],[16.7772,58.1305],[16.6174,58.2031],[16.7688,57.8878],[16.5153,57.9988],[16.5725,57.8939],[16.4603,57.9021],[16.7068,57.7506],[16.4194,57.8947],[16.7149,57.7028],[16.5205,57.6271],[16.689,57.4717],[16.4691,57.2754],[16.5833,57.0449],[16.4398,57.0517],[16.4717,56.7774],[15.8517,56.0864],[15.5864,56.2089],[14.7249,56.1676],[14.7678,56.0307],[14.4974,56.0405],[14.2347,55.8627],[14.1958,55.7257],[14.3675,55.5454],[14.1812,55.3908],[12.8328,55.3826],[12.9857,55.4479],[12.9175,55.5472],[13.0549,55.694],[12.4514,56.3044],[12.8145,56.2362],[12.6216,56.4193],[12.9344,56.5471],[12.3565,56.9238],[12.0593,57.4588],[11.9033,57.3944],[11.835,57.6619],[11.9237,57.7028],[11.7054,57.6984],[11.8104,57.7814],[11.6563,57.8394],[11.8828,58.3328],[11.5059,58.2431],[11.6699,58.4222],[11.5532,58.4632],[11.3962,58.2646],[11.4241,58.4427],[11.2209,58.3463],[11.2863,58.5799],[11.1082,58.9536],[11.321,59.0995],[11.452,58.896],[11.6644,58.9201],[11.8117,59.2497],[11.6749,59.6071],[11.8972,59.714],[11.8496,59.8724],[12.4832,60.0812],[12.6053,60.4192],[12.2533,61.0017],[12.7038,61.0462],[12.8882,61.3496],[12.1617,61.7248],[12.3143,62.2861],[12.0912,62.5863],[12.0933,62.9074],[12.2227,63.0015],[11.9924,63.2889],[12.2198,63.4743],[12.1703,63.5981],[12.7553,63.9914],[13.2341,64.0909],[13.9642,64.0095],[14.1478,64.169],[14.0969,64.4653],[13.6428,64.584],[14.5143,65.3181],[14.6489,65.8024],[14.5405,66.1254],[15.4819,66.2749],[15.4263,66.4912],[16.3997,67.036],[16.4379,67.2003],[16.1271,67.4228],[16.1807,67.4964],[16.483,67.5578],[16.7829,67.897],[17.3215,68.1053],[17.921,67.9729],[18.1886,68.1987],[18.1718,68.5359],[20.0103,68.3639],[20.2459,68.4774],[19.9622,68.5412],[20.3565,68.8046],[20.1023,69.0221],[20.6232,69.0364]]],[[[17.1245,57.3193],[16.4285,56.218],[16.4194,56.5856],[16.9665,57.3046],[17.1245,57.3193]]],[[[19.0402,57.8679],[18.7647,57.6269],[18.7732,57.4722],[18.9263,57.3926],[18.1387,56.922],[18.2902,57.0927],[18.0994,57.259],[18.1282,57.5482],[18.6777,57.9139],[19.0402,57.8679]]],[[[19.273,57.9765],[19.1296,57.8469],[19.0368,57.9052],[19.273,57.9765]]],[[[11.7388,58.0585],[11.5947,57.9356],[11.4979,58.0281],[11.7388,58.0585]]],[[[11.807,58.2304],[11.7082,58.0982],[11.4066,58.1311],[11.6864,58.2912],[11.807,58.2304]]],[[[17.7073,58.9934],[17.6392,58.931],[17.6522,59.0715],[17.7073,58.9934]]]]}},{"type":"Feature","properties":{"name":"Finland"},"geometry":{"type":"MultiPolygon","coordinates":[[[[28.9541,69.0273],[28.4102,68.8985],[28.8015,68.8355],[28.4479,68.5297],[28.6638,68.204],[29.3309,68.0727],[30.0094,67.6858],[29.0515,66.9078],[29.9002,66.1081],[30.1117,65.712],[29.7029,65.6294],[29.8386,65.5649],[29.5801,65.2354],[29.8502,65.1215],[29.5984,65.0344],[29.6336,64.9072],[30.1189,64.7679],[30.1808,64.6428],[29.9548,64.569],[30.0325,64.3969],[30.5585,64.2197],[30.5523,64.0217],[29.9808,63.7415],[31.204,63.2127],[31.5695,62.9059],[31.2438,62.5033],[29.2032,61.2459],[27.7054,60.4854],[27.2146,60.5849],[26.5534,60.433],[26.4749,60.4873],[26.5798,60.5914],[26.7532,60.5742],[26.6592,60.6518],[26.3421,60.3756],[25.9172,60.4854],[26.1082,60.3359],[25.8421,60.4022],[25.9302,60.2452],[25.6686,60.3647],[25.0293,60.1479],[24.554,60.156],[24.5945,60.0602],[24.4456,59.9923],[24.3197,60.0758],[23.4295,59.9566],[23.5462,60.0739],[23.2513,59.8411],[22.9051,59.8112],[23.3264,60.0093],[23.1107,59.9233],[23.2576,60.0397],[22.8747,60.1496],[23.0806,60.355],[22.5251,60.2043],[22.6481,60.2787],[22.4592,60.265],[22.6243,60.3991],[21.7853,60.478],[21.8405,60.6287],[21.6121,60.4888],[21.4085,60.5804],[21.3533,60.6902],[21.47,60.7311],[21.3289,60.8275],[21.4284,60.9025],[21.2987,61.0601],[21.4823,61.0601],[21.4426,61.17],[21.5581,61.2042],[21.4489,61.4028],[21.5724,61.4164],[21.4221,61.4853],[21.7163,61.5269],[21.2366,61.985],[21.3743,62.2668],[21.1336,62.404],[21.1935,62.6009],[21.0652,62.5958],[21.1135,62.7812],[21.3908,62.8803],[21.4441,63.0409],[21.6885,63.0271],[21.4966,63.209],[21.8945,63.2605],[21.9839,63.1432],[22.3301,63.2838],[22.1956,63.4312],[22.4016,63.4182],[22.2814,63.5262],[22.4074,63.4569],[22.589,63.7033],[22.7734,63.6275],[22.9025,63.7949],[23.4158,63.9246],[23.3965,64.0561],[23.6045,64.0277],[23.5736,64.1072],[24.3441,64.5307],[24.5384,64.8053],[25.0947,64.9184],[25.3548,64.8296],[25.1909,64.9668],[25.4435,64.9668],[25.2114,65.1238],[25.3275,65.2269],[25.3236,65.5068],[24.6758,65.6354],[24.5505,65.7635],[24.7106,65.9121],[24.2062,65.7788],[23.6894,66.257],[23.6524,66.4588],[23.8819,66.5635],[24.004,66.8052],[23.5813,67.1531],[23.7652,67.4201],[23.4313,67.4855],[23.5535,67.587],[23.4813,67.8646],[23.6622,67.9504],[22.8083,68.3949],[22.0722,68.477],[20.6232,69.0364],[21.0715,69.0367],[21.0984,69.2395],[21.6388,69.2714],[22.4092,68.7129],[23.1976,68.618],[23.929,68.8162],[24.9052,68.557],[25.2013,68.8126],[25.7958,68.9933],[25.7372,69.2182],[26.0051,69.6893],[26.5339,69.9252],[27.1003,69.9018],[27.8669,70.0753],[28.4046,69.8023],[29.1471,69.6639],[29.3445,69.4644],[28.8522,69.2035],[28.9541,69.0273]]],[[[22.8435,60.2418],[22.9495,60.2705],[22.7298,60.005],[22.4699,59.9975],[22.4221,60.1148],[22.6003,60.1422],[22.4481,60.2214],[22.8435,60.2418]]],[[[21.9976,60.3339],[21.7941,60.374],[21.8081,60.4667],[21.9976,60.3339]]],[[[21.4221,63.2468],[21.2434,63.1507],[21.0789,63.2878],[21.4221,63.2468]]],[[[21.3185,63.2878],[21.2292,63.3288],[21.346,63.3638],[21.3185,63.2878]]],[[[24.9934,65.0551],[24.7347,64.9509],[24.5628,65.0372],[24.9934,65.0551]]],[[[22.1442,63.2514],[22.0692,63.3185],[22.2313,63.3388],[22.1442,63.2514]]]]}},{"type":"Feature","properties":{"name":"Vietnam"},"geometry":{"type":"MultiPolygon","coordinates":[[[[107.5204,14.7046],[107.4456,15.0254],[107.5891,15.0582],[107.6641,15.2686],[107.1488,15.7735],[107.4356,16.0688],[106.9566,16.3071],[106.8467,16.5301],[106.6707,16.4444],[106.5245,16.9892],[105.7231,17.6735],[105.4667,18.181],[105.1662,18.3068],[105.1127,18.6983],[104.7103,18.7961],[103.8484,19.2999],[104.09,19.4837],[104.001,19.6807],[104.6143,19.6074],[104.9495,19.9955],[104.908,20.1753],[104.3598,20.4397],[104.6152,20.6465],[104.0923,20.9612],[103.7853,20.846],[103.6763,20.6565],[103.1153,20.8684],[102.8013,21.2548],[102.9478,21.7371],[102.8472,21.7045],[102.8067,21.8361],[102.6507,21.6578],[102.591,21.9014],[102.1187,22.3975],[102.4427,22.7652],[103.029,22.4302],[103.3096,22.7879],[103.5036,22.5814],[103.6469,22.799],[103.9595,22.5071],[104.0869,22.7916],[104.2412,22.8244],[104.3402,22.6864],[104.7008,22.8182],[104.8701,23.1635],[105.3122,23.3658],[105.8539,22.9047],[106.1321,22.975],[106.2554,22.8547],[106.4878,22.9254],[106.7898,22.7972],[106.5269,22.4383],[106.6531,21.9689],[107.0094,21.9274],[107.0029,21.8106],[107.3482,21.5994],[107.7779,21.656],[107.9912,21.4857],[107.7669,21.5202],[107.5906,21.2939],[107.4153,21.3287],[107.3743,21.0276],[107.197,20.9376],[107.0256,21.0338],[106.8538,20.9923],[106.8679,20.8827],[106.7981,21.0248],[106.6421,21.0202],[106.8059,20.6776],[106.5868,20.6633],[106.5186,20.541],[106.5696,20.232],[105.9556,19.9255],[105.7909,19.6035],[105.8088,19.2802],[105.6133,18.9855],[106.0934,18.2587],[106.3467,18.0595],[106.4348,18.1235],[106.4981,17.7106],[106.2852,17.7721],[106.5044,17.6828],[107.1118,17.0883],[107.1418,16.8677],[107.6353,16.5872],[107.4434,16.648],[107.8123,16.3132],[108.043,16.3464],[108.2044,16.2167],[108.1975,16.0037],[108.3314,16.1553],[108.2791,15.9957],[108.6289,15.4557],[108.773,15.3253],[108.8275,15.429],[108.9517,15.2502],[108.8625,15.1525],[109.3074,13.8764],[109.304,13.7593],[109.2515,13.8909],[109.2207,13.8061],[109.2942,13.5303],[109.2101,13.6308],[109.3397,13.4655],[109.2322,13.3931],[109.465,12.9133],[109.3688,12.8246],[109.4513,12.5707],[109.3589,12.7973],[109.2049,12.6464],[109.346,12.3963],[109.1497,12.4404],[109.2942,11.8712],[109.1633,12.112],[109.1316,11.83],[109.2429,11.7357],[109.136,11.5702],[109.0203,11.6328],[109.0056,11.3437],[107.272,10.3785],[106.9915,10.4809],[106.9841,10.6994],[106.9636,10.4666],[106.9431,10.6007],[106.7476,10.6737],[106.5819,10.4528],[106.7411,10.468],[106.7908,10.2849],[106.4224,10.317],[106.7976,10.1572],[106.6489,9.9744],[106.292,10.2617],[106.6687,9.8428],[106.1133,10.2343],[106.575,9.7391],[106.5437,9.585],[106.385,9.5483],[105.819,10.008],[106.197,9.5412],[106.1934,9.3693],[105.5387,9.1293],[105.1015,8.6343],[104.7229,8.6027],[104.9631,8.7194],[104.7746,8.8179],[104.8566,9.738],[105.1071,9.9527],[104.772,10.2266],[104.613,10.1445],[104.4513,10.4197],[104.8544,10.5313],[105.0667,10.7139],[105.0779,10.9469],[105.3179,10.8388],[105.4105,10.963],[105.7529,11.0156],[105.8787,10.8281],[106.1773,10.7669],[106.1603,11.0535],[105.8444,11.2899],[105.8049,11.6249],[106.0154,11.7705],[106.4258,11.6621],[106.394,11.9698],[106.7016,11.9708],[107.2119,12.3057],[107.5143,12.3438],[107.4604,13.0216],[107.6043,13.4985],[107.3199,14.1198],[107.5204,14.7046]]],[[[104.082,10.371],[104.0513,10.008],[103.846,10.3713],[104.082,10.371]]],[[[106.8743,10.4604],[106.7707,10.4643],[106.752,10.6658],[106.8743,10.4604]]],[[[107.0803,20.8004],[107.0462,20.7042],[106.9129,20.8369],[107.0803,20.8004]]],[[[107.5806,21.212],[107.3729,21.0596],[107.4553,21.2757],[107.5806,21.212]]]]}},{"type":"Feature","properties":{"name":"Cambodia"},"geometry":{"type":"MultiPolygon","coordinates":[[[[107.5204,14.7046],[107.3199,14.1198],[107.6043,13.4985],[107.4604,13.0216],[107.5223,12.3666],[106.7016,11.9708],[106.394,11.9698],[106.4258,11.6621],[106.0154,11.7705],[105.8049,11.6249],[105.8444,11.2899],[106.1603,11.0535],[106.1773,10.7669],[105.8787,10.8281],[105.7529,11.0156],[105.4105,10.963],[105.3179,10.8388],[105.0779,10.9469],[105.0425,10.6908],[104.4696,10.4158],[103.8664,10.6994],[103.8206,10.544],[103.6239,10.5009],[103.502,10.6171],[103.7224,10.8948],[103.533,11.1627],[103.4021,10.8843],[103.1267,10.8813],[103.0645,11.4473],[103.1743,11.4262],[103.0371,11.6049],[102.9546,11.5571],[103.085,11.7279],[102.8931,11.8303],[102.9136,11.6459],[102.6922,12.1785],[102.7621,12.4361],[102.4864,12.6612],[102.4902,12.9961],[102.3282,13.2752],[102.3134,13.541],[102.5977,13.6054],[102.9341,14.201],[103.6371,14.4433],[103.8852,14.3404],[104.7717,14.4399],[104.9738,14.3806],[105.0473,14.2141],[105.1843,14.3457],[105.3378,14.11],[105.5332,14.1643],[106.0692,13.9165],[106.1495,14.0536],[105.974,14.3658],[106.5125,14.5904],[106.9336,14.3202],[107.5204,14.7046]]]]}},{"type":"Feature","properties":{"name":"Luxembourg"},"geometry":{"type":"Polygon","coordinates":[[[6.1175,50.1205],[6.2227,49.8871],[6.5026,49.7957],[6.3453,49.4553],[5.7907,49.5378],[5.8855,49.6435],[5.719,49.8914],[5.9616,50.1656],[6.1175,50.1205]]]}},{"type":"Feature","properties":{"name":"United Arab Emirates"},"geometry":{"type":"MultiPolygon","coordinates":[[[[56.2791,25.6274],[56.3833,24.9782],[56.0991,24.7305],[55.9784,24.9718],[55.7991,24.8861],[55.7557,24.2303],[55.9332,24.2207],[55.9979,24.0813],[55.4568,23.9632],[55.5383,23.77],[55.1204,22.6234],[52.5585,22.9386],[51.5785,24.1018],[51.5938,24.3849],[51.9287,23.9647],[52.3411,24.0075],[52.6003,24.2095],[53.8789,24.0648],[54.4273,24.2921],[54.5744,24.447],[54.4173,24.5351],[54.5818,24.5084],[54.6433,24.7487],[55.3289,25.2015],[55.551,25.5786],[55.9523,25.7721],[56.0774,26.061],[56.1835,26.0145],[56.1451,25.6708],[56.2791,25.6274]],[[56.2606,25.3311],[56.22,25.2153],[56.3444,25.2665],[56.2606,25.3311]]],[[[53.657,24.1584],[53.8482,24.2751],[53.9649,24.1726],[53.657,24.1584]]],[[[53.3228,24.2627],[53.1913,24.3004],[53.4168,24.4128],[53.3228,24.2627]]],[[[54.3826,24.4395],[54.3963,24.5227],[54.4706,24.425],[54.3826,24.4395]]]]}},{"type":"Feature","properties":{"name":"Belgium"},"geometry":{"type":"Polygon","coordinates":[[[2.5218,51.0875],[3.3494,51.3752],[3.3917,51.2468],[3.927,51.2063],[4.2215,51.368],[4.3084,51.2712],[4.2611,51.3694],[4.4112,51.3567],[4.4294,51.462],[4.7787,51.4954],[4.9103,51.3919],[5.0275,51.4768],[5.2154,51.2587],[5.8291,51.1565],[5.6245,50.8303],[6.2491,50.6144],[6.1708,50.518],[6.3369,50.481],[6.3745,50.3155],[6.1175,50.1205],[5.9616,50.1656],[5.719,49.8914],[5.8374,49.5611],[5.4561,49.4989],[5.2592,49.6913],[4.849,49.7942],[4.8627,50.1476],[4.4648,49.9356],[4.1317,49.975],[4.1976,50.2585],[3.6969,50.2982],[3.6083,50.4765],[3.271,50.5269],[3.1292,50.7791],[2.7867,50.7234],[2.5867,50.8454],[2.5218,51.0875]]]}},{"type":"Feature","properties":{"name":"Georgia"},"geometry":{"type":"Polygon","coordinates":[[[41.5512,42.4065],[41.4243,42.7399],[41.1502,42.7956],[40.856,43.0631],[40.3351,43.1409],[39.986,43.389],[40.1643,43.5758],[40.6519,43.539],[41.5775,43.2153],[42.8298,43.1688],[43.8006,42.7465],[43.7226,42.6249],[43.9397,42.5522],[44.5081,42.7503],[44.7735,42.6096],[44.903,42.7531],[45.3227,42.5301],[45.6987,42.5076],[45.6314,42.2012],[46.4066,41.915],[46.1928,41.6102],[46.6948,41.2698],[46.4749,41.0441],[45.2817,41.4529],[44.8478,41.2089],[43.4505,41.1047],[43.1031,41.2488],[43.184,41.299],[42.7665,41.5043],[42.8009,41.5792],[42.5852,41.5788],[42.4631,41.4318],[41.948,41.5056],[41.813,41.4218],[41.5208,41.5142],[41.7739,41.8216],[41.5512,42.4065]]]}},{"type":"Feature","properties":{"name":"North Macedonia"},"geometry":{"type":"Polygon","coordinates":[[[20.5671,41.8732],[20.703,41.8496],[20.7849,42.082],[21.0985,42.196],[21.2889,42.0897],[21.4363,42.2469],[22.2689,42.3703],[22.8382,42.0195],[23.0096,41.7164],[22.9409,41.3498],[22.7513,41.3152],[22.7049,41.1397],[22.0482,41.1519],[21.5816,40.8663],[20.9653,40.8494],[20.7172,40.9132],[20.5001,41.2355],[20.4442,41.5497],[20.5671,41.8732]]]}},{"type":"Feature","properties":{"name":"Albania"},"geometry":{"type":"Polygon","coordinates":[[[20.5671,41.8732],[20.4442,41.5497],[20.5001,41.2355],[20.7172,40.9132],[20.9567,40.8948],[21.0367,40.6397],[20.7706,40.422],[20.6476,40.094],[20.2979,39.9869],[20.397,39.8181],[20.1841,39.637],[19.989,39.6867],[19.8635,40.0454],[19.2896,40.4204],[19.4749,40.3484],[19.4546,40.5539],[19.3044,40.6531],[19.3812,40.9083],[19.5234,40.9206],[19.4409,41.5854],[19.613,41.6053],[19.5916,41.8188],[19.3651,41.8524],[19.272,42.1807],[19.6993,42.6548],[19.7845,42.4746],[20.0392,42.5578],[20.4817,42.2307],[20.5671,41.8732]]]}},{"type":"Feature","properties":{"name":"Azerbaijan"},"geometry":{"type":"MultiPolygon","coordinates":[[[[45.0024,41.2905],[45.4648,41.4302],[45.8207,41.2088],[46.2106,41.2002],[46.4968,41.0448],[46.6885,41.2844],[46.18,41.6552],[46.4309,41.8904],[46.5676,41.7867],[46.7408,41.8512],[47.1414,41.5524],[47.2684,41.3028],[47.8287,41.1984],[48.5789,41.8453],[49.0425,41.4144],[49.5389,40.654],[50.2376,40.4962],[50.3911,40.235],[49.8934,40.369],[49.4925,40.154],[49.2849,39.5222],[49.4071,39.2895],[49.2731,39.3366],[49.0793,38.9633],[49.1477,39.0834],[48.9676,39.1838],[48.8318,38.8712],[48.8743,38.4341],[48.6079,38.396],[47.9931,38.8501],[48.2937,39.0046],[48.1062,39.2692],[48.3389,39.3789],[47.9714,39.7046],[47.1022,39.3084],[46.514,38.8822],[46.3953,39.1952],[46.6026,39.2155],[46.3609,39.4103],[46.5243,39.5546],[46.1842,39.5932],[45.5794,39.9702],[45.8738,40.0098],[45.9792,40.2236],[45.5262,40.441],[45.3736,40.6753],[45.5992,40.8627],[45.4191,41.0173],[45.07,41.0621],[45.1998,41.1427],[45.0024,41.2905]]],[[[46.1359,38.8637],[45.4386,39.0042],[44.7746,39.7028],[45.0335,39.7704],[45.1483,39.5753],[45.4348,39.4889],[45.7881,39.549],[45.7586,39.3695],[45.9858,39.2494],[46.1359,38.8637]]]]}},{"type":"Feature","properties":{"name":"Kosovo"},"geometry":{"type":"Polygon","coordinates":[[[20.065,42.5468],[20.0347,42.7514],[20.4763,42.8555],[20.6649,43.0854],[20.604,43.198],[20.7944,43.2631],[21.4084,42.847],[21.3787,42.7441],[21.7728,42.6475],[21.516,42.3419],[21.5641,42.2463],[21.3668,42.2239],[21.2993,42.0914],[21.0985,42.196],[20.7849,42.082],[20.6815,41.844],[20.5671,41.8732],[20.5008,42.2112],[20.065,42.5468]]]}},{"type":"Feature","properties":{"name":"Turkey"},"geometry":{"type":"MultiPolygon","coordinates":[[[[43.4404,41.1066],[43.7206,40.7629],[43.5595,40.4779],[43.6654,40.1102],[44.3256,40.0347],[44.807,39.6399],[44.5657,39.7659],[44.388,39.4145],[44.0149,39.3741],[44.275,38.8436],[44.2895,38.3823],[44.4588,38.3383],[44.2021,37.8972],[44.5961,37.7164],[44.5659,37.4472],[44.8016,37.2927],[44.7661,37.1419],[44.6103,37.1784],[44.2848,36.9692],[44.18,37.0876],[44.235,37.2368],[44.088,37.3112],[43.8094,37.1997],[42.7805,37.3755],[42.5452,37.1409],[42.3572,37.11],[42.2112,37.3249],[41.4798,37.0756],[40.709,37.1005],[39.2396,36.6613],[38.725,36.6939],[38.2243,36.9084],[37.4461,36.6342],[37.0531,36.6199],[36.6399,36.8281],[36.5312,36.479],[36.67,36.2373],[36.373,36.2276],[36.358,35.994],[36.1385,35.8198],[35.9113,35.9177],[35.9754,36.0185],[35.7874,36.3043],[36.2112,36.6424],[36.0203,36.9263],[35.6067,36.7404],[35.7092,36.7199],[35.6235,36.6025],[35.346,36.5411],[34.6929,36.8139],[34.2762,36.587],[33.959,36.2136],[33.8711,36.3149],[33.6882,36.137],[32.8037,36.0272],[32.3655,36.178],[32.0188,36.5465],[31.3408,36.8086],[30.6865,36.8912],[30.4274,36.2264],[30.1585,36.2987],[29.6724,36.1234],[29.0964,36.3909],[29.1149,36.5527],[29.0144,36.5479],[29.0964,36.6652],[28.939,36.7513],[28.8289,36.6025],[28.452,36.8836],[28.396,36.7895],[28.2572,36.8462],[28.2951,36.7199],[28.0359,36.5648],[27.9592,36.6025],[28.0896,36.6441],[27.9661,36.6888],[28.1067,36.803],[27.4043,36.6652],[27.6454,36.8065],[28.0275,36.7813],[28.0418,36.9389],[28.3294,37.0368],[27.2632,36.9634],[27.2529,37.124],[27.5651,37.1256],[27.616,37.2747],[27.4636,37.252],[27.4072,37.4127],[27.1908,37.3573],[27.2085,37.5969],[27.0115,37.6657],[27.2495,37.7443],[27.2391,37.9879],[26.8731,38.0351],[26.7603,38.2167],[26.595,38.1039],[26.2331,38.2803],[26.513,38.4329],[26.3879,38.4543],[26.4141,38.6794],[26.6304,38.5192],[26.6731,38.3072],[26.7024,38.4302],[27.1642,38.4466],[26.9354,38.4349],[26.7191,38.6527],[27.0627,38.8869],[26.8065,38.9501],[26.8753,39.0909],[26.6092,39.2752],[26.9377,39.5748],[26.07,39.4963],[26.1677,39.9736],[26.7356,40.4036],[27.287,40.4682],[27.4523,40.322],[27.7627,40.3154],[27.8836,40.3863],[27.6843,40.4962],[27.76,40.5371],[28.0344,40.4744],[27.9447,40.366],[29.0516,40.3673],[29.1115,40.4661],[28.7742,40.5228],[28.9701,40.6395],[29.9393,40.7351],[29.2546,40.8108],[29.0076,41.0305],[29.1697,41.2331],[31.2312,41.092],[31.4036,41.3165],[32.2634,41.7202],[33.3245,42.019],[34.6942,41.946],[35.0239,42.0925],[35.2163,42.0236],[35.0921,41.928],[35.2982,41.7152],[35.5767,41.6297],[36.0449,41.7015],[36.395,41.2564],[36.7581,41.3663],[37.1355,41.1466],[37.5247,41.0372],[37.7839,41.1226],[37.8958,40.9821],[38.3309,40.9179],[39.4302,41.1125],[40.1428,40.9228],[41.5208,41.5142],[42.4631,41.4318],[42.661,41.5883],[43.4404,41.1066]]],[[[28.0168,41.9726],[27.972,41.8223],[28.2328,41.519],[29.1092,41.2353],[28.9924,41.0082],[28.1653,41.0851],[27.5242,40.9892],[27.2879,40.7036],[26.6834,40.4555],[26.1575,40.0553],[26.2191,40.3314],[26.8289,40.602],[26.0537,40.6606],[26.3591,40.9647],[26.3205,41.2462],[26.6317,41.3575],[26.5955,41.6124],[26.3342,41.7895],[27.0465,42.0829],[27.2734,42.0917],[27.5464,41.9012],[28.0168,41.9726]]],[[[26.0122,40.1666],[25.6633,40.1262],[25.926,40.2428],[26.0122,40.1666]]]]}},{"type":"Feature","properties":{"name":"Spain"},"geometry":{"type":"MultiPolygon","coordinates":[[[[-5.3407,35.8474],[-5.3989,35.9245],[-5.2831,35.9117],[-5.3407,35.8474]]],[[[-1.7941,43.386],[-1.4035,43.2433],[-1.4571,43.0451],[-1.286,43.1092],[-0.569,42.7726],[-0.3228,42.8425],[0.2754,42.6687],[0.6567,42.688],[0.6563,42.8384],[0.8129,42.8316],[1.3426,42.7087],[1.4479,42.4346],[1.707,42.5028],[2.0092,42.3471],[3.181,42.4315],[3.3177,42.323],[3.1188,42.2183],[3.1949,41.8883],[2.1305,41.3037],[1.0174,41.0518],[0.7142,40.8152],[0.8581,40.6863],[0.5635,40.59],[-0.3234,39.5162],[-0.158,39.0021],[0.2345,38.7423],[-0.5098,38.3384],[-0.8561,37.7425],[-0.7053,37.6195],[-1.3237,37.562],[-1.6709,37.3633],[-2.1267,36.7364],[-2.3617,36.8368],[-2.7183,36.682],[-4.4032,36.7239],[-4.6593,36.5076],[-5.1866,36.4112],[-5.3388,36.1411],[-5.6118,36.0065],[-6.0368,36.1895],[-6.31,36.5341],[-6.1794,36.5135],[-6.3947,36.6369],[-6.4333,36.7512],[-6.1948,36.9321],[-6.388,36.8082],[-6.8929,37.1666],[-6.8527,37.2952],[-6.9285,37.1723],[-7.4144,37.1928],[-7.5143,37.6014],[-7.2727,37.977],[-7.024,38.0226],[-6.9475,38.1966],[-7.1035,38.1736],[-7.3592,38.4464],[-7.2704,38.7375],[-6.9733,39.014],[-7.2581,39.2113],[-7.3135,39.4574],[-7.5573,39.6798],[-7.0211,39.694],[-6.8797,40.0092],[-7.0431,40.1814],[-6.7944,40.3564],[-6.8162,40.8568],[-6.9425,41.016],[-6.2059,41.5703],[-6.5415,41.6589],[-6.6095,41.9623],[-8.1796,41.8107],[-8.0951,42.0409],[-8.2224,42.1536],[-8.8813,41.8933],[-8.8955,42.1191],[-8.6227,42.3475],[-8.8675,42.2564],[-8.6553,42.4414],[-8.9426,42.4693],[-8.8265,42.4619],[-8.7309,42.6884],[-9.0264,42.5431],[-8.8877,42.8311],[-9.1003,42.7575],[-9.1345,42.9175],[-9.2731,42.8933],[-9.2795,43.055],[-9.1077,43.1411],[-9.2176,43.1553],[-8.83,43.3412],[-8.3307,43.4057],[-8.2102,43.3132],[-8.1754,43.4163],[-8.3052,43.4511],[-8.1686,43.492],[-8.3331,43.4715],[-8.3127,43.5671],[-7.6855,43.7934],[-7.0446,43.4792],[-5.8522,43.663],[-4.4817,43.3836],[-3.5794,43.5183],[-3.0082,43.3209],[-2.7686,43.4525],[-2.1278,43.2874],[-1.7941,43.386]]],[[[-17.9339,27.852],[-17.9795,27.6425],[-18.1604,27.7224],[-17.9339,27.852]]],[[[-15.3916,28.0302],[-15.3778,27.8523],[-15.578,27.7344],[-15.8212,27.9218],[-15.7062,28.1674],[-15.4093,28.1798],[-15.3916,28.0302]]],[[[-17.3097,28.2071],[-17.0984,28.1008],[-17.2579,28.0246],[-17.3097,28.2071]]],[[[-16.4277,28.1497],[-16.6927,27.9998],[-16.9161,28.355],[-16.1413,28.5834],[-16.4277,28.1497]]],[[[-13.9726,28.7359],[-13.8244,28.6818],[-13.9337,28.2442],[-14.5071,28.0712],[-14.2244,28.2186],[-13.9726,28.7359]]],[[[-17.7558,28.8185],[-17.8371,28.4554],[-17.9968,28.7801],[-17.7558,28.8185]]],[[[-13.483,29.2399],[-13.482,28.9995],[-13.8673,28.8649],[-13.7985,29.0481],[-13.483,29.2399]]],[[[1.5264,38.6778],[1.3829,38.6421],[1.4313,38.7549],[1.5264,38.6778]]],[[[1.606,39.0913],[1.4031,38.8323],[1.2166,38.8851],[1.3568,39.0776],[1.606,39.0913]]],[[[3.3545,39.7844],[3.4539,39.6597],[3.0608,39.2691],[2.7866,39.3759],[2.6817,39.5587],[2.4927,39.4702],[2.3508,39.5765],[3.1795,39.9688],[3.1365,39.7888],[3.3545,39.7844]]],[[[4.3029,39.9255],[4.2481,39.8165],[3.8032,40.0181],[4.1051,40.0794],[4.3029,39.9255]]]]}},{"type":"Feature","properties":{"name":"Laos"},"geometry":{"type":"Polygon","coordinates":[[[102.1187,22.3975],[102.591,21.9014],[102.6507,21.6578],[102.8067,21.8361],[102.8472,21.7045],[102.9478,21.7371],[102.8013,21.2548],[103.13,20.8549],[103.6763,20.6565],[103.7853,20.846],[104.0923,20.9612],[104.6152,20.6465],[104.3598,20.4397],[104.908,20.1753],[104.9495,19.9955],[104.6143,19.6074],[104.001,19.6807],[104.09,19.4837],[103.8484,19.2999],[104.7103,18.7961],[105.1127,18.6983],[105.1662,18.3068],[105.4667,18.181],[105.7231,17.6735],[106.5245,16.9892],[106.6707,16.4444],[106.8467,16.5301],[106.9566,16.3071],[107.4356,16.0688],[107.1488,15.7735],[107.6641,15.2686],[107.5891,15.0582],[107.4456,15.0254],[107.5582,14.8867],[107.4149,14.5434],[107.2873,14.5985],[106.8358,14.3071],[106.5125,14.5904],[106.3938,14.4562],[106.2301,14.4905],[106.1732,14.3697],[105.9694,14.3549],[106.1495,14.0536],[106.0692,13.9165],[105.2569,14.1824],[105.1843,14.3457],[105.5075,14.564],[105.5931,14.9908],[105.4438,15.1338],[105.6409,15.682],[105.412,15.7998],[105.4221,16.0099],[105.0581,16.1212],[104.7652,16.5113],[104.8164,17.3728],[104.452,17.666],[103.9754,18.3307],[103.3069,18.4257],[103.0379,17.9907],[102.6829,17.8101],[102.0785,18.2138],[101.1323,17.4617],[100.886,17.5738],[101.1652,18.0534],[101.1554,18.3229],[101.0303,18.4278],[101.3264,19.0205],[101.1724,19.3764],[101.2549,19.5472],[100.4743,19.525],[100.3792,19.7457],[100.5465,20.1679],[100.3443,20.39],[100.1525,20.2392],[100.0998,20.3622],[100.2745,20.762],[100.6521,20.8766],[100.5178,20.9063],[100.7254,21.3117],[101.159,21.5527],[101.2597,21.1795],[101.7667,21.1506],[101.8038,21.6259],[101.5157,22.2454],[101.7131,22.4915],[102.1187,22.3975]]]}},{"type":"Feature","properties":{"name":"Kyrgyzstan"},"geometry":{"type":"Polygon","coordinates":[[[80.2103,42.1895],[80.2312,42.0337],[79.8429,42.0018],[78.3599,41.3775],[78.075,41.0395],[76.861,41.0132],[76.3302,40.3481],[76.2442,40.4412],[75.6818,40.2917],[75.5599,40.6329],[75.1939,40.4413],[74.8354,40.5116],[74.8621,40.3262],[73.9664,40.0333],[73.823,39.8057],[73.9268,39.5929],[73.8207,39.4682],[72.519,39.3757],[72.2289,39.1892],[72.0498,39.3689],[71.7512,39.2742],[71.7403,39.4483],[71.5129,39.4588],[71.4595,39.6121],[70.7701,39.3821],[70.4772,39.6012],[69.3003,39.5156],[69.2263,39.751],[69.3103,39.9848],[69.5016,39.9225],[69.518,40.1251],[70.0046,40.2088],[70.5255,40.0337],[70.4772,39.9009],[70.9951,40.2666],[71.2538,40.3244],[71.7072,40.1443],[72.0189,40.24],[71.9567,40.3157],[72.1659,40.4544],[72.3941,40.3894],[72.3519,40.602],[72.6255,40.5105],[73.1486,40.8137],[72.6582,40.8672],[72.3324,41.0728],[72.1651,40.9994],[72.1584,41.1879],[71.8716,41.1945],[71.6714,41.5474],[71.5855,41.3235],[71.4188,41.3474],[71.4161,41.1274],[71.1801,41.1081],[70.7704,41.2385],[70.6678,41.4714],[70.4532,41.4055],[70.1665,41.5202],[70.8455,42.0304],[71.2382,42.1602],[70.8527,42.3061],[71.0642,42.4703],[71.0032,42.5635],[71.4046,42.7949],[72.2924,42.7611],[73.5051,42.4029],[73.4127,42.6273],[73.5709,43.0319],[74.1788,43.2617],[75.1786,42.8497],[75.6204,42.8053],[75.7972,42.9362],[76.9569,42.9885],[79.1483,42.791],[79.4257,42.4696],[79.9179,42.4244],[80.2103,42.1895]],[[71.1769,40.042],[70.954,40.0958],[71.0219,39.8808],[71.2084,39.8888],[71.1769,40.042]],[[70.4987,39.8819],[70.5816,39.7666],[70.7048,39.8221],[70.4987,39.8819]]]}},{"type":"Feature","properties":{"name":"Armenia"},"geometry":{"type":"MultiPolygon","coordinates":[[[[45.0024,41.2905],[45.1998,41.1427],[45.07,41.0621],[45.4191,41.0173],[45.5992,40.8627],[45.3736,40.6753],[45.5262,40.441],[45.9792,40.2236],[45.8738,40.0098],[45.5794,39.9702],[46.1842,39.5932],[46.5243,39.5546],[46.3609,39.4103],[46.6026,39.2155],[46.3953,39.1952],[46.514,38.8822],[46.1359,38.8637],[45.9858,39.2494],[45.7586,39.3695],[45.7655,39.5616],[45.4348,39.4889],[45.1483,39.5753],[45.0335,39.7704],[44.7746,39.7028],[44.3256,40.0347],[43.6654,40.1102],[43.5595,40.4779],[43.7206,40.7629],[43.4404,41.1066],[45.0024,41.2905]]]]}},{"type":"Feature","properties":{"name":"Denmark"},"geometry":{"type":"MultiPolygon","coordinates":[[[[8.6608,54.8963],[8.6819,55.1332],[8.4588,55.1035],[8.4889,55.1972],[8.6895,55.1416],[8.6177,55.4379],[8.0952,55.5491],[8.1278,55.9876],[8.1936,55.8118],[8.3933,55.9092],[8.2824,56.0759],[8.1079,56.0243],[8.1787,56.6721],[8.7266,56.4832],[8.6819,56.6265],[9.0632,56.8126],[9.176,56.7086],[9.0606,56.5657],[9.1554,56.6613],[9.3262,56.5303],[9.3057,56.6955],[9.1691,56.6887],[9.2002,56.9389],[9.9158,57.0586],[8.6795,56.9525],[8.4082,56.6887],[8.5863,56.6887],[8.5596,56.593],[8.2459,56.704],[8.2479,56.8124],[8.618,57.1229],[9.4121,57.1654],[9.967,57.5914],[10.6489,57.737],[10.4304,57.5705],[10.5391,57.2367],[10.3472,57.0102],[9.9269,57.0586],[10.3137,56.9829],[10.3406,56.7174],[9.8059,56.6402],[10.3342,56.7038],[10.1834,56.4695],[10.3303,56.6032],[10.8223,56.5342],[10.9641,56.4484],[10.9116,56.3341],[10.548,56.1013],[10.3547,56.2021],[10.4912,56.2163],[10.403,56.2982],[10.2202,56.1479],[10.1821,55.8337],[9.8674,55.852],[10.0457,55.814],[10.0052,55.7011],[9.5564,55.7116],[9.8538,55.6267],[9.4981,55.4894],[9.6602,55.478],[9.5868,55.4274],[9.7103,55.2487],[9.4343,55.0375],[9.731,54.9954],[9.7459,54.836],[9.615,54.9327],[9.317,54.8016],[8.6608,54.8963]]],[[[11.8452,54.7319],[11.4744,54.6261],[10.9992,54.7868],[11.1082,54.8315],[11.0324,54.9193],[11.2317,54.9612],[11.5947,54.8111],[11.6494,54.9135],[11.8452,54.7319]]],[[[10.4502,54.8998],[10.5186,54.852],[10.3835,54.8308],[10.1892,54.9775],[10.4502,54.8998]]],[[[12.4172,55.0302],[12.5427,54.9512],[12.115,54.9073],[12.251,55.0607],[12.4172,55.0302]]],[[[10.0114,54.9755],[10.0645,54.881],[9.9536,54.8626],[9.6284,55.0581],[10.0114,54.9755]]],[[[10.855,55.0438],[10.6939,54.7353],[10.6011,54.8383],[10.855,55.0438]]],[[[15.1514,55.1332],[15.0727,54.9916],[14.6842,55.1013],[14.7609,55.3093],[15.1514,55.1332]]],[[[10.6663,55.0643],[10.0659,55.0922],[10.156,55.1401],[9.9855,55.1278],[9.6763,55.4957],[10.3076,55.6182],[10.5188,55.5334],[10.4715,55.4431],[10.6276,55.6136],[10.7424,55.4875],[10.554,55.4426],[10.8343,55.2903],[10.6663,55.0643]]],[[[12.6157,55.6881],[12.6746,55.6013],[12.5563,55.5505],[12.6157,55.6881]]],[[[10.5594,55.8663],[10.544,55.998],[10.6693,55.88],[10.5822,55.7598],[10.5594,55.8663]]],[[[12.0404,54.893],[12.1702,54.8383],[11.9491,54.5686],[11.7114,54.9408],[11.8828,54.9818],[11.6159,55.0922],[11.8275,55.0507],[11.7176,55.1257],[11.807,55.1469],[11.261,55.2006],[11.0877,55.3585],[11.2142,55.4038],[11.1321,55.5953],[10.9299,55.6601],[11.0877,55.6601],[10.8755,55.7427],[11.3522,55.7558],[11.5105,55.9083],[11.2726,55.9966],[11.7683,55.9705],[11.6078,55.783],[11.7388,55.7973],[11.6572,55.7309],[11.7798,55.6601],[11.9347,55.9337],[12.0519,55.7366],[11.9102,55.6601],[12.0603,55.654],[12.0261,55.9414],[11.8656,55.9727],[12.2451,56.1287],[12.6219,56.0438],[12.5127,55.9283],[12.6022,55.7086],[12.1981,55.4875],[12.465,55.2903],[12.0147,55.1675],[12.177,55.1053],[12.1489,54.9941],[11.8971,54.9954],[12.0404,54.893]]],[[[8.8259,56.7438],[8.5147,56.7382],[8.9163,56.9791],[8.8259,56.7438]]],[[[11.1423,57.3323],[11.0288,57.2019],[10.855,57.2646],[11.1423,57.3323]]]]}},{"type":"Feature","properties":{"name":"Libya"},"geometry":{"type":"Polygon","coordinates":[[[11.5051,33.1812],[12.3483,32.8327],[13.3517,32.9042],[15.182,32.3955],[15.3645,32.1747],[15.4904,31.6649],[15.7615,31.3881],[17.8486,30.9237],[19.0568,30.2662],[19.6164,30.4214],[20.0999,30.935],[20.1467,31.2168],[19.9172,31.7592],[20.0715,32.1764],[20.5627,32.5578],[21.6232,32.9368],[22.1496,32.9479],[23.1061,32.6398],[23.0806,32.3341],[23.3122,32.1627],[25.0179,31.949],[25.1563,31.6631],[24.849,31.3486],[24.9949,30.7851],[24.6883,30.1442],[24.9812,29.1814],[24.9768,19.996],[23.9813,19.9954],[23.9813,19.4961],[15.9851,23.4447],[14.2162,22.6163],[13.4823,23.1797],[11.9689,23.5174],[11.5086,24.3138],[10.2603,24.5766],[10.032,24.8563],[10.0079,25.3314],[9.3778,26.1689],[9.4826,26.3526],[9.8546,26.5244],[9.9106,26.8431],[9.7219,27.3085],[9.9359,27.8667],[9.777,28.2676],[9.8261,29.1285],[9.6677,29.6083],[9.2865,30.1171],[9.8713,30.3552],[10.1922,30.7313],[10.2702,30.9156],[10.1062,31.4292],[10.264,31.6805],[10.4989,31.7443],[10.8732,32.1367],[11.5464,32.4343],[11.4499,32.638],[11.5051,33.1812]]]}},{"type":"Feature","properties":{"name":"Tunisia"},"geometry":{"type":"MultiPolygon","coordinates":[[[[11.5051,33.1812],[11.4499,32.638],[11.5464,32.4343],[10.8732,32.1367],[10.4989,31.7443],[10.264,31.6805],[10.1062,31.4292],[10.2539,30.8418],[9.8713,30.3552],[9.5197,30.2289],[9.045,32.0718],[8.3313,32.5276],[8.0868,33.0943],[7.725,33.2314],[7.4849,33.855],[7.5175,34.095],[8.2365,34.6477],[8.4313,35.2417],[8.2944,35.3251],[8.2414,35.8277],[8.3577,36.4304],[8.1699,36.5258],[8.4304,36.6626],[8.4131,36.7839],[8.6417,36.8364],[8.6025,36.9395],[9.7446,37.3452],[9.8589,37.3288],[9.8159,37.1518],[9.8825,37.2636],[10.2721,37.1785],[10.1281,37.1587],[10.3472,36.8803],[10.1885,36.7976],[10.3553,36.7312],[11.051,37.0803],[11.1305,36.854],[10.7999,36.4519],[10.5509,36.3773],[10.4747,36.1125],[10.6221,35.8426],[11.041,35.6377],[11.0422,35.3344],[11.1592,35.2188],[10.597,34.5447],[10.0052,34.1706],[10.3303,33.7028],[10.7166,33.7069],[10.7381,33.478],[11.0428,33.6179],[11.1021,33.3641],[11.2937,33.2868],[11.1336,33.3114],[11.1795,33.2111],[11.5051,33.1812]]],[[[10.9915,33.8417],[10.8878,33.6401],[10.7402,33.7155],[10.736,33.8848],[10.9915,33.8417]]]]}},{"type":"Feature","properties":{"name":"Romania"},"geometry":{"type":"Polygon","coordinates":[[[22.8776,47.9467],[23.1391,48.0981],[23.4608,47.9713],[24.5421,47.9438],[24.8966,47.7101],[25.2617,47.8986],[26.1731,47.9931],[26.3035,48.212],[26.9381,48.2048],[27.5724,47.3752],[28.0691,46.9885],[28.2341,46.6624],[28.0827,46.0147],[28.168,45.6325],[28.0621,45.5936],[28.3302,45.3229],[28.7101,45.227],[29.3221,45.4438],[29.5697,45.395],[29.6996,45.1618],[29.6178,44.8615],[29.0007,44.6889],[29.1387,44.804],[29.0441,44.8655],[29.1106,44.97],[28.8694,44.9433],[28.9461,44.7652],[28.784,44.6492],[28.9876,44.6753],[28.7578,44.6268],[28.7585,44.4653],[28.925,44.6206],[28.6351,44.3164],[28.5784,43.7413],[27.0275,44.177],[26.1507,44.0124],[25.7811,43.732],[25.4031,43.6501],[23.4847,43.8806],[22.8888,43.8395],[23.031,44.0931],[22.477,44.464],[22.7652,44.5828],[22.4261,44.7337],[22.1266,44.5027],[21.9943,44.6586],[21.3959,44.7902],[21.5363,44.8893],[21.3514,44.9982],[21.4933,45.1451],[20.7671,45.4793],[20.7857,45.7526],[20.2428,46.1081],[21.1445,46.2837],[22.0079,47.5174],[22.8776,47.9467]]]}},{"type":"Feature","properties":{"name":"Hungary"},"geometry":{"type":"Polygon","coordinates":[[[22.8776,47.9467],[22.0079,47.5174],[21.5018,46.7035],[21.0515,46.2361],[20.2428,46.1081],[19.5499,46.1642],[18.4044,45.7418],[17.3453,45.9557],[16.5153,46.5017],[16.3253,46.8394],[16.094,46.8628],[16.4864,46.9986],[16.434,47.3969],[16.6891,47.538],[16.4078,47.6613],[16.5678,47.7542],[17.0754,47.7085],[17.0041,47.8633],[17.1848,48.0203],[17.8257,47.75],[18.6928,47.778],[18.8165,47.8326],[18.7432,47.9711],[18.8385,48.04],[19.4282,48.0859],[19.6232,48.227],[19.9286,48.1301],[20.3243,48.2799],[20.4817,48.5261],[21.4246,48.5613],[21.759,48.3338],[22.2718,48.4035],[22.8776,47.9467]]]}},{"type":"Feature","properties":{"name":"Slovakia"},"geometry":{"type":"Polygon","coordinates":[[[22.5396,49.0722],[22.0965,48.3794],[21.7277,48.3409],[21.4246,48.5613],[20.5105,48.5338],[20.3243,48.2799],[19.9286,48.1301],[19.6232,48.227],[19.4282,48.0859],[18.8385,48.04],[18.7432,47.9711],[18.8165,47.8326],[18.6928,47.778],[17.742,47.7654],[17.0697,48.0357],[16.8445,48.3656],[17.1675,48.8598],[17.7272,48.8629],[18.5356,49.4817],[19.1417,49.3942],[19.4434,49.6018],[19.7693,49.3931],[19.7859,49.1882],[20.0505,49.1732],[20.3177,49.3916],[20.919,49.2903],[21.2605,49.4494],[21.8196,49.3772],[22.5396,49.0722]]]}},{"type":"Feature","properties":{"name":"Poland"},"geometry":{"type":"Polygon","coordinates":[[[18.8332,49.5103],[18.5592,49.9072],[18.0024,50.0468],[17.8394,49.9736],[17.6328,50.1063],[17.708,50.311],[17.4242,50.2406],[16.893,50.4329],[17.0148,50.2185],[16.6606,50.093],[16.1996,50.4063],[16.4259,50.5676],[16.3316,50.644],[15.982,50.6036],[15.7922,50.7427],[15.3561,50.7755],[15.1444,51.0116],[14.8104,50.8584],[15.0195,51.2717],[14.5858,51.8039],[14.7614,52.0767],[14.5454,52.3822],[14.6448,52.5769],[14.1239,52.8507],[14.4416,53.2518],[14.2639,53.7],[14.5906,53.5984],[14.6306,53.8515],[14.1753,53.9065],[16.1792,54.263],[16.5696,54.5572],[18.1524,54.8383],[18.7517,54.6901],[18.8176,54.5981],[18.4131,54.7319],[18.5881,54.4337],[18.8859,54.3502],[19.6095,54.4567],[22.8376,54.4009],[23.449,54.1549],[23.5909,53.6113],[23.8937,53.152],[23.9225,52.7426],[23.1656,52.2894],[23.6375,52.0845],[23.5434,51.5927],[23.6976,51.4044],[23.6352,51.3047],[24.1432,50.8564],[23.9576,50.808],[24.1077,50.5408],[23.6822,50.3682],[22.6658,49.5674],[22.6817,49.1612],[22.8553,48.994],[21.6012,49.4265],[21.0688,49.4192],[20.919,49.2903],[20.3177,49.3916],[20.0505,49.1732],[19.7607,49.1942],[19.7693,49.3931],[19.4573,49.5981],[19.1417,49.3942],[18.8332,49.5103]]]}},{"type":"Feature","properties":{"name":"Ireland"},"geometry":{"type":"MultiPolygon","coordinates":[[[[-7.2471,55.0693],[-7.5431,54.7417],[-7.9297,54.6967],[-7.7079,54.6042],[-8.1738,54.4617],[-7.8564,54.2114],[-7.327,54.1136],[-7.0178,54.4132],[-6.6403,54.168],[-6.6306,54.0418],[-6.3548,54.1107],[-6.1073,54.0136],[-6.3783,53.9349],[-6.0773,53.5546],[-6.1948,53.4611],[-6.062,53.3674],[-6.2182,53.3472],[-5.9935,52.9574],[-6.3661,52.3444],[-6.4965,52.3643],[-6.347,52.1973],[-6.764,52.2613],[-6.9321,52.1247],[-6.9974,52.2892],[-7.0172,52.1384],[-7.6,52.101],[-7.5899,51.9912],[-7.8498,51.9801],[-8.0206,51.8239],[-8.4088,51.8918],[-8.2974,51.766],[-8.5584,51.7064],[-8.5317,51.6108],[-9.2238,51.4873],[-9.4433,51.5595],[-9.8202,51.4457],[-9.5459,51.6108],[-9.8475,51.5494],[-9.4586,51.684],[-9.5602,51.7616],[-10.1561,51.5828],[-9.5807,51.8777],[-10.3411,51.7883],[-10.3956,51.8845],[-10.2662,51.9885],[-9.7582,52.152],[-10.4366,52.0974],[-10.4613,52.18],[-10.0598,52.3096],[-9.7377,52.2482],[-9.9499,52.4121],[-9.6346,52.4736],[-9.6483,52.5704],[-8.7512,52.673],[-8.9608,52.6937],[-8.9426,52.7752],[-9.2858,52.5908],[-9.5807,52.666],[-9.9363,52.5567],[-9.4986,52.7525],[-9.2722,53.1467],[-8.8948,53.2209],[-9.6123,53.2362],[-9.5528,53.3854],[-9.8067,53.3016],[-9.9023,53.3239],[-9.7992,53.4195],[-10.1765,53.4127],[-10.0121,53.4815],[-10.1803,53.5555],[-9.6968,53.5982],[-9.9084,53.6461],[-9.9084,53.7621],[-9.5602,53.8651],[-9.9438,53.8794],[-9.7875,53.9161],[-9.8989,54.0253],[-9.8339,54.1121],[-9.9707,54.0786],[-10.0109,54.2183],[-10.1174,54.0959],[-10.1151,54.2351],[-9.9978,54.3039],[-9.9099,54.2044],[-9.7855,54.3381],[-9.2684,54.3039],[-9.1412,54.1457],[-9.0513,54.2895],[-8.5112,54.2077],[-8.6639,54.3593],[-8.2102,54.5019],[-8.1208,54.6466],[-8.4566,54.5646],[-8.4187,54.6413],[-8.7978,54.692],[-8.3257,54.8315],[-8.4566,55.0029],[-8.2785,55.1605],[-7.8564,55.139],[-7.7987,55.2561],[-7.7025,55.0991],[-7.7882,55.2186],[-7.644,55.2728],[-7.5258,55.1162],[-7.6615,54.958],[-7.4562,55.0561],[-7.5243,55.2903],[-7.2567,55.284],[-7.3844,55.3864],[-6.9396,55.2391],[-7.2471,55.0693]]]]}},{"type":"Feature","properties":{"name":"United Kingdom"},"geometry":{"type":"MultiPolygon","coordinates":[[[[-7.2471,55.0693],[-7.0537,55.0487],[-6.9626,55.1946],[-6.101,55.2124],[-5.6898,54.7931],[-5.9074,54.6056],[-5.5747,54.6801],[-5.4338,54.461],[-5.5158,54.3381],[-5.702,54.5777],[-5.6256,54.4411],[-5.7089,54.3518],[-5.553,54.2985],[-5.862,54.2305],[-6.0405,54.0364],[-6.6306,54.0418],[-6.6403,54.168],[-7.0178,54.4132],[-7.3103,54.1147],[-7.837,54.2043],[-8.1738,54.4617],[-7.7079,54.6042],[-7.9297,54.6967],[-7.5431,54.7417],[-7.2471,55.0693]]],[[[-2.6654,51.6173],[-3.1848,51.3976],[-3.5392,51.3985],[-3.8416,51.6215],[-4.2899,51.5556],[-4.0705,51.676],[-4.3153,51.6775],[-4.3651,51.789],[-4.941,51.5965],[-5.1197,51.6784],[-4.8243,51.7957],[-5.1829,51.6893],[-5.1259,51.856],[-5.3109,51.864],[-4.3158,52.2163],[-3.9473,52.5493],[-4.1255,52.6039],[-3.9883,52.7343],[-4.149,52.8121],[-4.0776,52.9267],[-4.7628,52.7895],[-4.178,53.2176],[-3.3303,53.3518],[-3.0878,53.2347],[-3.1864,53.3928],[-3.0583,53.4348],[-2.8815,53.2884],[-2.6998,53.3518],[-2.925,53.35],[-3.1019,53.5581],[-2.899,53.7354],[-3.0492,53.7695],[-3.0566,53.9062],[-2.858,53.9676],[-2.796,54.2487],[-3.0492,54.2221],[-3.1454,54.0638],[-3.2074,54.263],[-3.3068,54.1919],[-3.6342,54.5129],[-3.3879,54.8834],[-3.0218,54.9755],[-3.5705,54.9954],[-3.5817,54.8836],[-4.0117,54.7682],[-4.4029,54.9073],[-4.3824,54.6801],[-4.8591,54.8663],[-4.9548,54.8048],[-4.8591,54.633],[-5.1571,54.8791],[-5.1708,55.0087],[-4.9956,54.9203],[-5.0078,55.1412],[-4.6178,55.4956],[-4.9205,55.7086],[-4.8865,55.9197],[-4.4817,55.9283],[-4.8243,56.0785],[-4.8516,55.988],[-4.7555,56.2065],[-4.9205,56.1679],[-4.9831,55.871],[-5.1236,56.0099],[-5.0865,55.9013],[-5.1807,55.9693],[-5.2011,55.8315],[-5.2967,55.8527],[-5.3383,55.9966],[-4.9205,56.2778],[-5.4444,56.0276],[-5.3178,55.783],[-5.4901,55.6446],[-5.5251,55.3586],[-5.7829,55.3135],[-5.6809,55.6745],[-5.455,55.8458],[-5.6604,55.7973],[-5.571,56.0375],[-5.7075,55.9426],[-5.5316,56.0863],[-5.5726,56.3281],[-5.0646,56.5651],[-5.455,56.4695],[-5.2421,56.5651],[-5.4139,56.5447],[-5.3178,56.6613],[-4.9956,56.716],[-5.2383,56.7166],[-5.1197,56.8184],[-5.6741,56.4969],[-6.0082,56.6423],[-5.5437,56.6955],[-6.2345,56.7286],[-5.7567,56.7849],[-5.8512,56.8289],[-5.6604,56.873],[-5.9211,56.8941],[-5.8317,56.9971],[-5.5233,57.004],[-5.7762,57.0758],[-5.4004,57.1064],[-5.6809,57.1579],[-5.4072,57.2299],[-5.4407,57.3193],[-5.7293,57.2982],[-5.4481,57.4217],[-5.8078,57.3549],[-5.8392,57.5793],[-5.5127,57.5415],[-5.8059,57.6426],[-5.6741,57.7097],[-5.8112,57.8332],[-5.6058,57.7705],[-5.6126,57.9288],[-5.2216,57.8469],[-5.3662,57.9431],[-5.0708,57.8332],[-5.447,58.0844],[-5.2421,58.1479],[-5.3921,58.2614],[-4.9336,58.223],[-5.1732,58.3539],[-5.0162,58.3881],[-5.1056,58.5056],[-4.9882,58.6283],[-4.66,58.5559],[-4.761,58.448],[-4.4755,58.5656],[-4.4954,58.4495],[-4.029,58.5952],[-3.0191,58.6403],[-3.1298,58.3693],[-4.0844,57.9642],[-4.0093,57.8679],[-4.3924,57.9083],[-3.7794,57.8557],[-4.4122,57.603],[-4.0093,57.6885],[-4.2489,57.4975],[-3.4092,57.7233],[-1.8295,57.6135],[-1.7593,57.4736],[-2.5146,56.5915],[-3.3235,56.3659],[-2.885,56.458],[-2.5768,56.2778],[-3.3427,56.0272],[-3.8375,56.1064],[-3.0782,55.9468],[-2.6351,56.0581],[-2.138,55.9146],[-1.6308,55.5851],[-1.2037,54.6257],[-0.563,54.4774],[-0.0755,54.1121],[-0.2195,54.0228],[0.1312,53.5734],[-0.2604,53.7354],[-0.7265,53.7006],[-0.2794,53.7071],[0.2195,53.4195],[0.3566,53.1457],[0.0103,52.8865],[0.3845,52.7684],[0.5696,52.9693],[1.2747,52.9292],[1.7472,52.6252],[1.5823,52.0815],[1.3323,51.9401],[1.1579,52.0285],[1.271,51.9564],[1.0691,51.9534],[1.282,51.9466],[1.2764,51.8448],[0.9798,51.8436],[0.6986,51.72],[0.93,51.7436],[0.9245,51.5883],[0.3845,51.4531],[1.4238,51.3921],[1.3845,51.1517],[1.0669,51.0644],[0.9798,50.9182],[0.271,50.7474],[-0.2697,50.8313],[-0.7899,50.73],[-1.4664,50.9182],[-1.3173,50.8002],[-2.039,50.7399],[-1.9652,50.6022],[-2.3983,50.6456],[-2.4534,50.5277],[-2.8648,50.7338],[-3.4644,50.6785],[-3.4875,50.4048],[-3.6606,50.221],[-4.0544,50.3004],[-4.2006,50.4594],[-4.2899,50.3974],[-4.1938,50.3223],[-4.6943,50.3435],[-5.053,50.1958],[-5.1912,49.9591],[-5.4748,50.1304],[-5.7051,50.0523],[-5.0156,50.538],[-4.8448,50.5141],[-4.9205,50.5892],[-4.5773,50.7747],[-4.5264,51.015],[-4.208,51.0764],[-4.2285,51.1925],[-3.0218,51.1925],[-2.9747,51.3842],[-2.3885,51.7504],[-2.6654,51.6173]]],[[[-1.0828,50.7133],[-1.2792,50.5825],[-1.5695,50.658],[-1.3185,50.7722],[-1.0828,50.7133]]],[[[-4.0981,53.3096],[-4.4066,53.1306],[-4.571,53.3928],[-4.0981,53.3096]]],[[[-5.0708,55.5093],[-5.3047,55.4621],[-5.3929,55.6466],[-5.1983,55.7043],[-5.0708,55.5093]]],[[[-6.0304,55.7291],[-6.2873,55.5784],[-6.25,55.7768],[-6.5035,55.6813],[-6.4452,55.8488],[-6.1401,55.9414],[-6.0304,55.7291]]],[[[-5.7976,56.1126],[-5.6893,56.1118],[-6.0624,55.8095],[-5.7976,56.1126]]],[[[-5.6883,56.4348],[-5.8087,56.3189],[-6.3661,56.3222],[-6.0208,56.382],[-6.2032,56.3803],[-6.0167,56.5036],[-6.3382,56.5521],[-6.1513,56.6518],[-5.6883,56.4348]]],[[[-6.3252,57.0586],[-6.276,56.9531],[-6.4555,57.004],[-6.3252,57.0586]]],[[[-7.2438,57.3255],[-7.3462,57.1479],[-7.2159,57.1138],[-7.353,57.0996],[-7.4281,57.3876],[-7.2438,57.3255]]],[[[-7.1294,57.6529],[-7.3121,57.5521],[-7.1575,57.5111],[-7.5448,57.593],[-7.1294,57.6529]]],[[[-6.5641,57.3466],[-6.7838,57.4564],[-6.6068,57.4439],[-6.6405,57.6073],[-6.3109,57.4626],[-6.4157,57.6458],[-6.3109,57.7028],[-6.1539,57.5895],[-6.1539,57.3056],[-5.6474,57.2646],[-6.0067,57.0284],[-5.8454,57.1883],[-6.3183,57.161],[-6.4822,57.3118],[-6.3239,57.3114],[-6.5641,57.3466]]],[[[-6.9551,57.7438],[-7.1251,57.8369],[-6.8391,57.9356],[-7.1128,57.9902],[-6.9346,58.0523],[-7.0582,58.0386],[-7.1128,58.182],[-6.9073,58.2168],[-6.8596,58.1069],[-6.7094,58.1894],[-6.8186,58.2851],[-6.2231,58.4992],[-6.1675,58.3465],[-6.3661,58.2373],[-6.16,58.2168],[-6.6194,58.0864],[-6.3524,58.0386],[-6.5449,58.0175],[-6.4555,57.9765],[-6.5375,57.9213],[-6.6883,58.0585],[-6.764,58.0039],[-6.661,57.8803],[-6.9551,57.7438]]],[[[-2.953,58.84],[-2.9399,58.7307],[-3.0356,58.8201],[-2.953,58.84]]],[[[-3.2484,58.7922],[-3.4333,58.885],[-3.2461,58.8962],[-3.2484,58.7922]]],[[[-2.7277,58.9709],[-2.8238,58.8815],[-3.3667,59.0161],[-3.1827,59.1472],[-2.9945,59.0733],[-3.1167,58.9982],[-2.7277,58.9709]]],[[[-2.8301,59.1968],[-2.7611,59.2521],[-2.7345,59.1484],[-2.8301,59.1968]]],[[[-1.097,60.4165],[-1.2746,59.8542],[-1.376,59.9086],[-1.2677,60.2452],[-1.4554,60.1562],[-1.6902,60.2851],[-1.2604,60.355],[-1.6094,60.4833],[-1.3014,60.6431],[-1.3702,60.4022],[-1.2175,60.498],[-1.097,60.4165]]],[[[-0.9872,60.6977],[-1.0238,60.503],[-1.1539,60.5084],[-1.1139,60.7147],[-0.9872,60.6977]]],[[[-0.9047,60.684],[-0.9388,60.8001],[-0.7718,60.8334],[-0.9047,60.684]]]]}},{"type":"Feature","properties":{"name":"Greece"},"geometry":{"type":"MultiPolygon","coordinates":[[[[20.9653,40.8494],[21.5816,40.8663],[22.0482,41.1519],[22.7049,41.1397],[22.781,41.3349],[23.6124,41.371],[24.2333,41.5618],[24.5102,41.5617],[24.7744,41.3481],[25.2857,41.2394],[26.1209,41.3578],[26.0481,41.6891],[26.2262,41.7497],[26.5955,41.6124],[26.6364,41.3996],[26.3205,41.2462],[26.3591,40.9647],[26.0816,40.7356],[26.054,40.831],[25.1384,41.0101],[24.802,40.8535],[24.5051,40.9616],[24.1101,40.7279],[23.7317,40.7519],[23.9149,40.5389],[23.8682,40.4135],[24.0114,40.4492],[24.3938,40.1525],[23.7305,40.359],[23.7163,40.2553],[23.9912,40.1187],[23.9912,39.9536],[23.4385,40.2792],[23.3636,40.1505],[23.7479,39.9305],[23.3606,39.9611],[23.2991,40.2354],[22.8882,40.3863],[22.8216,40.5021],[22.9832,40.5527],[22.9105,40.6446],[22.5791,40.4682],[22.6611,40.369],[22.5713,40.0543],[23.3438,39.1796],[23.052,39.0977],[23.2171,39.1796],[22.9359,39.3606],[22.8262,39.2213],[22.9639,39.009],[23.0731,39.0363],[22.5251,38.8581],[23.3059,38.6527],[23.335,38.5036],[23.5672,38.5011],[24.0806,38.166],[23.989,38.1226],[24.0327,37.6515],[23.5746,38.0468],[22.9951,37.8821],[23.1824,37.8091],[23.1686,37.6142],[23.3367,37.5355],[23.3987,37.6379],[23.5256,37.4392],[23.1686,37.2995],[23.132,37.4486],[22.7264,37.5664],[23.1961,36.4325],[22.6856,36.8095],[22.4841,36.6066],[22.491,36.3909],[22.1532,37.0212],[21.9431,36.9933],[21.8826,36.7265],[21.7074,36.818],[21.5697,37.1162],[21.6748,37.396],[21.1062,37.8781],[21.3259,38.0214],[21.3743,38.2206],[21.6223,38.1548],[21.8495,38.3413],[22.8672,37.9395],[22.9754,37.979],[22.8755,38.0493],[23.2234,38.1592],[22.8057,38.227],[22.6465,38.39],[22.5625,38.2935],[22.4016,38.4534],[22.3823,38.3427],[21.9579,38.4117],[21.5178,38.2958],[21.3225,38.4963],[21.1556,38.3039],[20.9881,38.664],[20.7293,38.8098],[20.7698,38.959],[21.0852,38.8643],[21.1599,38.9977],[20.8224,39.1145],[20.7351,38.9501],[20.236,39.3994],[20.1818,39.6245],[19.9998,39.6935],[20.246,39.6629],[20.397,39.8181],[20.2979,39.9869],[20.6476,40.094],[20.7706,40.422],[21.0188,40.559],[20.9653,40.8494]]],[[[26.3211,35.3153],[26.1472,35.0023],[25.0191,34.9316],[24.7385,34.9316],[24.7428,35.0772],[24.4021,35.1911],[23.5182,35.2941],[23.5803,35.5759],[23.7184,35.5128],[23.7415,35.687],[23.8171,35.5348],[24.183,35.5856],[24.072,35.4984],[24.3401,35.3483],[24.721,35.4272],[25.7664,35.3357],[25.7953,35.1151],[26.3211,35.3153]]],[[[27.2119,35.5207],[27.1362,35.404],[27.0679,35.5889],[27.221,35.8293],[27.2119,35.5207]]],[[[23.0117,36.3083],[23.1039,36.2372],[22.9907,36.137],[22.8997,36.3282],[23.0117,36.3083]]],[[[28.2398,36.4325],[28.0896,36.0551],[27.7327,35.9151],[27.6843,36.1581],[28.2398,36.4325]]],[[[25.3821,36.4796],[25.4651,36.3424],[25.3617,36.3568],[25.3821,36.4796]]],[[[26.3622,36.6379],[26.466,36.5827],[26.301,36.5133],[26.3622,36.6379]]],[[[24.4744,36.7471],[24.5376,36.6814],[24.327,36.6509],[24.4744,36.7471]]],[[[26.9116,36.9458],[26.8898,37.0898],[27.0443,36.9962],[26.9116,36.9458]]],[[[25.2798,37.0488],[25.1034,37.0129],[25.2388,37.1518],[25.2798,37.0488]]],[[[25.5261,37.1962],[25.5808,37.0178],[25.4499,36.9184],[25.3418,37.083],[25.5261,37.1962]]],[[[24.3679,37.4119],[24.4827,37.4124],[24.3679,37.3095],[24.3679,37.4119]]],[[[25.3952,37.4182],[25.3127,37.4882],[25.4629,37.47],[25.3952,37.4182]]],[[[24.9434,37.4355],[24.8818,37.3635],[24.8954,37.5104],[24.9434,37.4355]]],[[[25.0913,37.5826],[24.9979,37.6819],[25.2593,37.59],[25.0913,37.5826]]],[[[23.5462,37.7744],[23.4841,37.6789],[23.4245,37.7618],[23.5462,37.7744]]],[[[27.0475,37.7272],[26.7974,37.6447],[26.5803,37.7408],[26.8064,37.8145],[27.0475,37.7272]]],[[[20.9014,37.7924],[20.9963,37.6993],[20.8151,37.6515],[20.6195,37.8644],[20.709,37.9252],[20.9014,37.7924]]],[[[24.9917,37.7682],[24.9575,37.6863],[24.6936,37.9658],[24.9539,37.906],[24.9917,37.7682]]],[[[20.7336,38.0624],[20.5098,38.1108],[20.4453,38.2762],[20.3454,38.1821],[20.5378,38.4739],[20.7977,38.1313],[20.7336,38.0624]]],[[[26.1636,38.5428],[26.1121,38.2226],[25.8898,38.2206],[25.989,38.3793],[25.8489,38.5804],[26.1636,38.5428]]],[[[20.5855,38.6179],[20.6863,38.8501],[20.716,38.627],[20.5855,38.6179]]],[[[24.6765,38.8098],[24.5667,38.7625],[24.4611,38.9677],[24.6765,38.8098]]],[[[24.5877,38.1592],[24.5667,37.9879],[24.3718,37.9719],[24.0422,38.4015],[23.6492,38.4057],[23.6141,38.5579],[23.2023,38.8299],[22.8338,38.8454],[23.2991,39.0425],[23.594,38.7702],[24.1556,38.6527],[24.2525,38.228],[24.5877,38.1592]]],[[[23.6697,39.1181],[23.6013,39.2138],[23.7927,39.1244],[23.6697,39.1181]]],[[[26.6123,39.0493],[26.1657,39.0224],[26.0879,39.0834],[26.28,39.1964],[26.064,39.0909],[25.8421,39.228],[26.3622,39.3789],[26.6123,39.0493]]],[[[20.0921,39.4335],[19.9118,39.4303],[19.6265,39.7482],[19.948,39.7904],[19.845,39.6527],[20.0921,39.4335]]],[[[25.4499,40.0362],[25.349,39.7877],[25.2507,39.9185],[25.2145,39.8034],[25.047,39.8376],[25.0334,39.9953],[25.4499,40.0362]]],[[[24.7864,40.7351],[24.7801,40.6122],[24.5168,40.6391],[24.6423,40.8039],[24.7864,40.7351]]]]}},{"type":"Feature","properties":{"name":"Zambia"},"geometry":{"type":"Polygon","coordinates":[[[32.9209,-9.4079],[32.9869,-9.6285],[33.1754,-9.6023],[33.3435,-9.8314],[33.3041,-10.0638],[33.5333,-10.2312],[33.6742,-10.577],[33.2326,-10.8833],[33.3909,-11.1648],[33.2303,-11.4166],[33.2527,-12.1395],[33.3495,-12.3279],[33.5271,-12.3556],[33.0248,-12.6127],[32.9982,-13.2024],[32.6633,-13.5963],[32.9998,-14.0505],[33.1403,-13.925],[33.2027,-14.0139],[30.2145,-14.9815],[30.4104,-15.6304],[29.5872,-15.6557],[28.9324,-15.9637],[28.7611,-16.5323],[27.8169,-16.9596],[27.1154,-17.8822],[26.7,-18.0692],[26.2119,-17.8828],[25.9245,-17.999],[25.6814,-17.8115],[25.3355,-17.8412],[25.037,-17.5812],[24.6844,-17.4924],[23.3817,-17.6411],[22.1081,-16.5439],[21.9815,-16.1443],[21.9799,-13.0015],[24.0006,-13.0015],[23.8657,-12.7897],[24.0308,-12.3851],[23.9675,-10.8723],[24.3705,-11.1002],[24.2855,-11.3812],[24.4465,-11.4636],[25.3103,-11.1948],[25.3449,-11.6422],[25.9811,-11.903],[26.7174,-12.013],[26.9477,-11.9091],[27.0238,-11.5956],[27.1801,-11.5696],[27.2342,-11.8091],[27.6382,-12.2936],[27.8567,-12.2624],[28.4227,-12.5213],[28.5428,-12.8856],[28.708,-12.8898],[28.994,-13.3959],[29.1841,-13.4369],[29.5744,-13.2254],[29.6692,-13.2812],[29.6174,-13.4212],[29.7672,-13.4584],[29.7993,-12.1541],[29.4743,-12.2427],[29.4997,-12.4531],[29.0351,-12.3789],[28.7511,-11.9922],[28.5079,-11.8728],[28.3557,-11.5182],[28.6996,-10.6432],[28.5699,-10.2196],[28.6985,-9.792],[28.3525,-9.272],[28.8931,-8.7658],[28.8892,-8.4831],[30.7521,-8.1941],[31.0336,-8.6003],[31.3533,-8.5872],[31.6727,-8.913],[31.9366,-8.9326],[31.9381,-9.0618],[32.4234,-9.1438],[32.9209,-9.4079]]]}},{"type":"Feature","properties":{"name":"Sierra Leone"},"geometry":{"type":"MultiPolygon","coordinates":[[[[-10.2822,8.4846],[-10.3209,8.1831],[-10.6121,8.0319],[-10.6152,7.769],[-11.3172,7.2136],[-11.4762,6.9194],[-12.5066,7.3898],[-12.1838,7.6027],[-12.4637,7.562],[-12.5439,7.6536],[-12.452,7.7741],[-12.6019,7.6838],[-12.9379,7.8864],[-12.8213,7.9174],[-12.8759,8.103],[-12.9721,8.2539],[-13.1639,8.1713],[-13.2868,8.5002],[-13.0336,8.3767],[-13.1161,8.473],[-12.8697,8.5692],[-12.8759,8.6852],[-13.0618,8.5832],[-13.1577,8.671],[-13.1624,8.5176],[-13.2402,8.8258],[-12.9857,8.8571],[-13.3011,9.0415],[-13.1159,9.0439],[-12.7642,9.3477],[-12.4723,9.8813],[-11.2473,9.9934],[-10.6751,9.3065],[-10.7463,9.0838],[-10.5941,9.0541],[-10.4819,8.6725],[-10.7353,8.2873],[-10.2822,8.4846]]],[[[-12.493,7.568],[-12.5497,7.3896],[-12.9517,7.5754],[-12.493,7.568]]]]}},{"type":"Feature","properties":{"name":"Guinea"},"geometry":{"type":"Polygon","coordinates":[[[-13.3011,9.0415],[-13.1577,9.1855],[-13.2328,9.2674],[-13.3153,9.1821],[-13.3011,9.3568],[-13.4078,9.287],[-13.4867,9.5691],[-13.7262,9.5111],[-13.5611,9.7882],[-13.7289,9.7441],[-13.6853,9.9465],[-13.8428,9.8608],[-14.0583,10.0253],[-13.9999,10.1997],[-14.1532,10.0556],[-14.1378,10.1792],[-14.2224,10.1061],[-14.4525,10.2146],[-14.535,10.5082],[-14.6578,10.4796],[-14.5002,10.8911],[-14.6998,10.6431],[-14.6514,10.81],[-14.7603,10.6994],[-14.8197,10.912],[-14.6852,11.0637],[-14.9186,11.029],[-14.9596,10.7683],[-15.0795,10.8587],[-14.7111,11.4976],[-13.7299,11.7098],[-13.7239,12.0028],[-13.9725,12.1516],[-13.695,12.2929],[-13.7283,12.6734],[-13.0765,12.6359],[-13.052,12.4723],[-12.9131,12.5363],[-12.3609,12.3056],[-11.4816,12.4282],[-11.3886,12.3845],[-11.5078,12.1916],[-11.3347,12.0262],[-10.9521,12.2195],[-10.7114,11.8904],[-10.2669,12.2178],[-9.723,12.0254],[-9.3368,12.2698],[-9.4126,12.4554],[-9.2659,12.4952],[-8.9759,12.3687],[-8.7978,11.9251],[-8.8472,11.6579],[-8.3753,11.3677],[-8.7007,10.9785],[-8.3266,11.0238],[-8.2844,10.5112],[-7.9712,10.2818],[-8.1738,9.9419],[-8.1576,9.5309],[-8.0541,9.3891],[-7.8654,9.4099],[-7.9296,9.1839],[-7.7468,9.0764],[-7.9318,8.9966],[-7.9689,8.8128],[-7.6968,8.6248],[-7.6624,8.3749],[-7.8238,8.4779],[-8.2489,8.4536],[-8.266,8.246],[-8.0033,8.184],[-7.9626,8.0152],[-8.0691,8.0293],[-8.2002,7.5763],[-8.4854,7.558],[-8.6866,7.6944],[-8.8578,7.273],[-9.1254,7.1902],[-9.2343,7.3813],[-9.4907,7.376],[-9.3555,7.7419],[-9.4991,8.3435],[-9.7736,8.563],[-10.0617,8.4222],[-10.3747,8.4948],[-10.7353,8.2873],[-10.4819,8.6725],[-10.5941,9.0541],[-10.7463,9.0838],[-10.6751,9.3065],[-11.1996,9.9822],[-12.4723,9.8813],[-12.7642,9.3477],[-13.1159,9.0439],[-13.3011,9.0415]]]}},{"type":"Feature","properties":{"name":"Liberia"},"geometry":{"type":"Polygon","coordinates":[[[-11.4762,6.9194],[-11.3172,7.2136],[-10.6152,7.769],[-10.6121,8.0319],[-10.3209,8.1831],[-10.2822,8.4846],[-10.0617,8.4222],[-9.7736,8.563],[-9.4991,8.3435],[-9.3555,7.7419],[-9.4907,7.376],[-9.2343,7.3813],[-9.1254,7.1902],[-8.9122,7.2502],[-8.6866,7.6944],[-8.5674,7.6882],[-8.2841,7.0179],[-8.3375,6.7773],[-8.6187,6.4928],[-8.4183,6.4512],[-8.4118,6.34],[-7.9144,6.2717],[-7.7866,5.9582],[-7.4465,5.8459],[-7.3898,5.3171],[-7.6055,4.8974],[-7.5407,4.3528],[-9.105,5.0316],[-10.3336,6.1361],[-10.7883,6.293],[-10.7594,6.4042],[-11.3532,6.7012],[-11.4762,6.9194]]]}},{"type":"Feature","properties":{"name":"Central African Rep."},"geometry":{"type":"Polygon","coordinates":[[[22.8611,10.9192],[23.6448,9.8631],[23.6322,9.2776],[23.4357,9.0189],[23.5675,8.9748],[23.5053,8.7107],[24.2177,8.6915],[24.1529,8.3179],[24.8002,8.1803],[25.2169,7.8641],[25.1904,7.5012],[26.378,6.6533],[26.2702,6.4657],[26.509,6.2055],[26.4248,6.0724],[27.1238,5.7687],[27.2611,5.5776],[27.2645,5.2601],[27.4413,5.0707],[27.0737,5.2033],[26.8671,5.0375],[26.5025,5.0475],[26.1983,5.2384],[25.9109,5.1701],[25.5437,5.3753],[25.3636,5.3106],[25.3076,5.0323],[24.7306,4.9175],[24.3964,5.1223],[24.2592,4.9299],[23.4145,4.5908],[22.8984,4.8236],[22.5105,4.1913],[22.3033,4.1287],[21.2109,4.2916],[20.8715,4.4534],[20.5803,4.415],[20.3389,4.7719],[19.8247,5.097],[19.409,5.1304],[19.0833,4.9093],[18.7533,4.4006],[18.5419,4.3279],[18.6264,3.4769],[18.4721,3.6321],[18.1816,3.4774],[17.4589,3.7083],[16.6394,3.5286],[16.4655,3.1565],[16.4791,2.8363],[16.1797,2.247],[16.0554,2.9398],[15.0849,3.8858],[15.026,4.0261],[15.1898,4.0631],[14.7173,4.622],[14.6589,5.1645],[14.5199,5.2906],[14.6174,5.865],[14.3873,6.039],[14.7723,6.3183],[15.2239,7.2475],[15.481,7.5233],[15.9253,7.4882],[16.5487,7.87],[16.7824,7.5411],[17.6399,7.985],[18.5893,8.0479],[19.1241,8.6751],[18.8698,8.8494],[19.0219,8.9852],[20.4352,9.1381],[21.7188,10.2966],[21.7226,10.6367],[22.4471,10.9983],[22.8611,10.9192]]]}},{"type":"Feature","properties":{"name":"Sudan"},"geometry":{"type":"MultiPolygon","coordinates":[[[[22.8611,10.9192],[22.9537,11.2509],[22.9148,11.3961],[22.5417,11.633],[22.6124,12.0728],[22.4581,12.0304],[22.4457,12.6111],[22.2049,12.7434],[21.936,12.6395],[21.8094,12.7937],[22.2676,13.3346],[22.075,13.7803],[22.5464,14.1397],[22.3635,14.5435],[22.6766,14.689],[22.6589,14.8574],[22.958,15.2016],[22.9067,15.5414],[23.0946,15.7043],[23.9844,15.7212],[23.9813,19.9954],[24.9805,20.0021],[24.9812,21.9954],[31.2484,21.9944],[31.4233,22.227],[31.4355,21.9954],[33.1811,21.9954],[33.5609,21.7091],[33.9991,21.7674],[34.0842,21.9955],[36.8836,21.9957],[36.8879,21.6501],[37.313,21.0577],[37.2339,21.0203],[37.1214,21.2243],[37.0864,21.0406],[37.4343,18.8617],[38.6039,18.0139],[38.2334,17.5257],[37.496,17.3122],[37.4034,17.0299],[36.9735,17.0625],[36.8765,16.5136],[36.9543,16.2783],[36.4251,15.1334],[36.5264,14.2635],[36.1236,12.7214],[35.6877,12.6592],[35.0727,11.8189],[34.9583,10.9034],[34.8385,10.7291],[34.7544,10.6841],[34.5748,10.8841],[34.2795,10.5655],[34.3259,10.2236],[34.0707,9.4546],[33.8814,9.4992],[33.917,10.1745],[33.14,10.739],[33.0832,11.5992],[33.2092,12.2104],[32.7318,12.2162],[32.7467,12.0027],[32.0822,11.9998],[32.3483,11.7032],[32.4307,11.0822],[31.1644,9.764],[30.7653,9.7243],[30.013,10.2705],[29.6154,10.0581],[29.4831,9.7617],[28.9138,9.529],[28.8438,9.3245],[28.0451,9.3314],[27.8951,9.5954],[27.0804,9.6068],[26.6257,9.4807],[25.9054,10.1813],[25.8285,10.4195],[25.077,10.2869],[24.7964,9.8189],[24.5584,8.8867],[24.114,8.6816],[23.4901,8.7326],[23.5675,8.9748],[23.4357,9.0189],[23.6322,9.2776],[23.6448,9.8631],[22.8611,10.9192]]]]}},{"type":"Feature","properties":{"name":"Djibouti"},"geometry":{"type":"Polygon","coordinates":[[[43.2407,11.4879],[42.8733,10.9782],[42.6156,11.0897],[41.9375,10.9298],[41.7613,10.9962],[41.7924,11.7045],[42.4309,12.5203],[42.6783,12.36],[42.8688,12.6262],[43.1177,12.7079],[43.3294,12.4888],[43.3771,12.0048],[42.5151,11.5741],[42.6038,11.4678],[43.1519,11.6118],[43.2407,11.4879]]]}},{"type":"Feature","properties":{"name":"Eritrea"},"geometry":{"type":"MultiPolygon","coordinates":[[[[43.1177,12.7079],[42.8688,12.6262],[42.6783,12.36],[42.3795,12.4659],[40.8332,14.106],[40.1046,14.466],[39.515,14.5678],[39.2082,14.4402],[39.0097,14.6512],[38.8661,14.4937],[38.4268,14.4172],[37.8915,14.8795],[37.5537,14.1055],[37.2938,14.4574],[37.0602,14.2768],[36.5264,14.2635],[36.4251,15.1334],[36.9543,16.2783],[36.8765,16.5136],[36.9735,17.0625],[37.4034,17.0299],[37.496,17.3122],[38.2334,17.5257],[38.6016,18.0048],[39.0125,17.1654],[39.2941,15.9288],[39.437,15.812],[39.4575,15.5246],[39.6113,15.5],[39.7156,15.0941],[39.8547,15.1735],[39.7734,15.3905],[39.8753,15.5041],[40.0799,15.3407],[40.1594,14.9822],[40.2868,14.9135],[40.5127,15.0175],[40.7664,14.6953],[41.1675,14.6369],[41.6765,13.9403],[42.2884,13.5746],[42.3794,13.2226],[42.5339,13.2326],[42.7813,12.8519],[42.928,12.7897],[43.001,12.9003],[43.1177,12.7079]]],[[[40.3864,15.6413],[39.9789,15.6065],[39.9373,15.7021],[40.0813,15.6611],[39.9304,15.7396],[40.0374,15.8384],[39.9509,15.8939],[40.1365,15.8062],[40.1638,15.6444],[40.3864,15.6413]]]]}},{"type":"Feature","properties":{"name":"Austria"},"geometry":{"type":"Polygon","coordinates":[[[16.945,48.6042],[16.8445,48.3656],[17.1483,48.0054],[17.0041,47.8633],[17.0754,47.7085],[16.5678,47.7542],[16.4078,47.6613],[16.6891,47.538],[16.434,47.3969],[16.4864,46.9986],[15.9817,46.8277],[16.0167,46.6707],[15.062,46.6496],[14.5403,46.3786],[12.405,46.6901],[12.1269,46.9089],[12.1806,47.0852],[11.1745,46.9639],[10.9969,46.7691],[10.4863,46.8464],[10.3734,46.9963],[10.1113,46.8471],[9.5812,47.0569],[9.5212,47.2628],[9.6495,47.4097],[9.5475,47.5345],[9.7821,47.5884],[10.2093,47.3725],[10.1599,47.2711],[10.4283,47.396],[10.4292,47.577],[11.237,47.394],[11.6205,47.5897],[12.1736,47.6051],[12.2422,47.732],[12.762,47.6669],[13.0019,47.466],[13.072,47.6595],[12.892,47.7235],[12.9912,47.8471],[12.745,48.1206],[13.4056,48.3766],[13.4546,48.5734],[13.7165,48.5217],[13.8157,48.7664],[14.0748,48.5917],[14.6756,48.5762],[14.8004,48.7765],[14.9396,48.7628],[14.9821,49.0079],[16.0854,48.7429],[16.5195,48.8056],[16.945,48.6042]]]}},{"type":"Feature","properties":{"name":"Iraq"},"geometry":{"type":"Polygon","coordinates":[[[44.7661,37.1419],[44.8874,37.0159],[44.8312,36.7919],[45.0459,36.668],[44.9914,36.5337],[45.2389,36.403],[45.3203,35.994],[45.54,35.994],[45.749,35.811],[46.3271,35.8035],[46.0038,35.6743],[45.964,35.4942],[46.1511,35.1116],[45.9132,35.0873],[45.6668,34.8069],[45.7015,34.5513],[45.5007,34.5917],[45.4171,34.4444],[45.5445,34.1395],[45.3804,33.9736],[45.7346,33.5831],[45.886,33.6309],[45.8526,33.4944],[46.1553,33.2602],[46.0303,33.1057],[46.097,32.9543],[46.4793,32.8918],[47.0906,32.4746],[47.4108,32.3953],[47.8345,31.8057],[47.6729,30.9947],[48.0122,30.9891],[48.0136,30.4639],[48.3057,30.3128],[48.5593,29.9466],[47.969,30.0041],[47.9348,30.1071],[47.948,29.994],[47.6742,30.0982],[47.1971,30.0342],[46.5324,29.0957],[44.6918,29.2018],[42.0754,31.0799],[40.4241,31.9205],[39.1464,32.1181],[39.292,32.2445],[39.2358,32.3529],[39.0288,32.3283],[38.7745,33.3717],[40.9653,34.4019],[41.2042,34.7931],[41.2013,35.243],[41.3635,35.6552],[41.277,36.3548],[41.3854,36.5164],[41.8438,36.6179],[42.7157,37.3553],[43.8094,37.1997],[44.088,37.3112],[44.235,37.2368],[44.18,37.0876],[44.2848,36.9692],[44.6103,37.1784],[44.7661,37.1419]]]}},{"type":"Feature","properties":{"name":"Italy"},"geometry":{"type":"MultiPolygon","coordinates":[[[[7.0221,45.9253],[7.8437,45.9192],[8.1106,46.127],[8.0873,46.2718],[8.3992,46.4522],[8.4381,46.2354],[8.8089,46.0897],[8.7679,45.9831],[9.0024,45.8207],[9.0021,46.0393],[9.2248,46.2312],[9.2823,46.4974],[9.4346,46.4983],[9.5365,46.2986],[9.9184,46.3712],[10.0757,46.22],[10.1408,46.4029],[10.0328,46.533],[10.1921,46.6268],[10.444,46.5377],[10.4538,46.8644],[10.9969,46.7691],[11.1745,46.9639],[12.1806,47.0852],[12.1269,46.9089],[12.405,46.6901],[13.701,46.5197],[13.3653,46.2903],[13.6374,46.1804],[13.4618,46.0064],[13.6059,45.9854],[13.566,45.8303],[13.8478,45.5847],[13.5742,45.7896],[13.4017,45.6754],[13.1193,45.772],[13.085,45.6419],[12.4237,45.4381],[12.5817,45.5529],[12.3967,45.5393],[12.1545,45.3135],[12.3688,45.011],[12.5339,44.97],[12.4162,44.8033],[12.2664,44.8266],[12.3688,44.2507],[13.6156,43.5605],[14.0754,42.5988],[14.7407,42.0846],[15.1654,41.9278],[16.1405,41.9199],[16.1843,41.7796],[15.9001,41.6147],[15.9611,41.4595],[18.007,40.6507],[18.5161,40.1392],[18.3892,39.8171],[18.0715,39.9115],[17.8631,40.2856],[17.3994,40.331],[17.2002,40.4204],[17.3233,40.4985],[16.9761,40.4926],[16.4898,39.7752],[17.1587,39.4062],[17.1724,38.9605],[16.5856,38.7978],[16.5696,38.4295],[16.0772,37.9399],[15.6844,37.9535],[15.6328,38.2203],[15.9178,38.5168],[15.8366,38.649],[16.2217,38.8566],[15.6243,40.0778],[15.2612,40.0294],[14.9111,40.2416],[14.9983,40.3976],[14.782,40.6699],[14.3426,40.5706],[14.4741,40.7297],[14.2942,40.8388],[14.0477,40.7896],[13.7219,41.2524],[13.0446,41.2275],[11.8275,42.0342],[11.6582,42.2794],[11.1066,42.3913],[11.1585,42.564],[10.7313,42.8044],[10.7635,42.9183],[10.4995,42.9405],[10.5282,43.2468],[10.0906,44.0254],[8.7624,44.4321],[8.0677,43.8967],[7.5023,43.7922],[7.6556,44.1761],[7.3406,44.1237],[6.9734,44.2494],[6.8357,44.534],[7.0552,44.6849],[7.0049,44.828],[6.7454,44.9078],[6.6027,45.1035],[7.1084,45.2592],[7.1607,45.4109],[6.782,45.7775],[7.0221,45.9253]]],[[[15.5287,38.3026],[15.6483,38.2668],[15.0916,37.4775],[15.3324,37.0116],[15.1584,36.9242],[15.0939,36.6549],[14.4873,36.7934],[14.2788,37.044],[13.7158,37.1714],[13.1741,37.487],[12.6594,37.5651],[12.427,37.797],[12.4929,38.0214],[12.7318,38.1928],[12.9011,38.0281],[13.3181,38.2206],[13.7908,37.9736],[14.9071,38.1877],[15.0879,38.1282],[15.5287,38.3026]]],[[[8.4559,39.0736],[8.4098,38.9618],[8.346,39.0977],[8.4559,39.0736]]],[[[9.7922,40.557],[9.6262,40.2631],[9.7323,40.0839],[9.5664,39.1492],[9.0139,39.2639],[9.0257,38.9953],[8.641,38.8643],[8.3728,39.2221],[8.444,39.757],[8.5658,39.7011],[8.5552,39.8527],[8.3945,39.9127],[8.49,40.1045],[8.3799,40.4687],[8.1473,40.5932],[8.193,40.9638],[8.5205,40.827],[9.2306,41.2626],[9.6626,41.0026],[9.5042,40.9269],[9.724,40.8449],[9.7922,40.557]]],[[[10.4434,42.8454],[10.4155,42.7089],[10.1068,42.7574],[10.4434,42.8454]]]]}},{"type":"Feature","properties":{"name":"Switzerland"},"geometry":{"type":"Polygon","coordinates":[[[10.4538,46.8644],[10.444,46.5377],[10.1921,46.6268],[10.0328,46.533],[10.1179,46.2311],[9.9184,46.3712],[9.5365,46.2986],[9.4346,46.4983],[9.2632,46.4851],[9.2248,46.2312],[9.0021,46.0393],[9.0024,45.8207],[8.7679,45.9831],[8.8089,46.0897],[8.4381,46.2354],[8.3992,46.4522],[8.0873,46.2718],[8.1106,46.127],[7.8312,45.9145],[7.0669,45.8902],[6.7743,46.1348],[6.7871,46.4142],[6.6137,46.4559],[6.3016,46.3945],[6.2812,46.2401],[5.9588,46.1305],[6.1364,46.3593],[6.1184,46.5835],[7.0366,47.3295],[6.8666,47.3542],[6.9733,47.4891],[7.2381,47.4168],[7.637,47.595],[8.5607,47.5894],[8.6073,47.6563],[8.3913,47.6655],[8.5582,47.8012],[9.6503,47.4521],[9.477,47.0639],[10.1113,46.8471],[10.379,46.9955],[10.4538,46.8644]]]}},{"type":"Feature","properties":{"name":"Iran"},"geometry":{"type":"MultiPolygon","coordinates":[[[[44.807,39.6399],[45.4386,39.0042],[46.1261,38.8627],[46.5537,38.8898],[47.1022,39.3084],[47.9714,39.7046],[48.3389,39.3789],[48.1062,39.2692],[48.2937,39.0046],[47.9931,38.8501],[48.6079,38.396],[48.8743,38.4341],[48.9445,37.9034],[49.1325,37.6234],[50.1956,37.3894],[50.3223,37.1533],[51.0047,36.7676],[51.909,36.5827],[54.0065,36.9526],[53.6091,36.8769],[54.0143,36.8211],[53.9137,37.3428],[54.654,37.4389],[55.1303,37.9523],[55.7087,38.1187],[56.2997,38.0802],[56.4365,38.2551],[57.0384,38.1873],[57.1749,38.2776],[57.3524,37.9675],[58.1567,37.7882],[58.3578,37.6333],[58.8011,37.6947],[59.3123,37.5303],[59.4617,37.2076],[60.0192,37.0258],[60.3423,36.6371],[61.1658,36.6363],[61.2247,36.1237],[61.1298,35.9705],[61.29,35.5481],[61.1083,35.278],[61.0654,34.8147],[60.6997,34.5164],[60.8905,34.3189],[60.6437,34.3066],[60.4928,34.139],[60.5118,33.6384],[60.9209,33.5141],[60.5629,33.0583],[60.8303,32.2489],[60.8217,31.4947],[61.6869,31.3732],[61.8264,31.015],[61.8023,30.8471],[60.8444,29.8582],[61.3374,29.3744],[61.5665,28.871],[61.8928,28.5426],[62.7615,28.2464],[62.7424,27.2668],[63.1771,27.2584],[63.3196,27.1173],[63.1638,26.6451],[62.4185,26.5623],[62.2651,26.361],[61.8329,26.2254],[61.62,25.2855],[61.4117,25.0594],[60.6335,25.275],[60.5497,25.4469],[60.3953,25.3779],[60.4672,25.2903],[59.4539,25.4616],[59.044,25.3996],[58.8252,25.5604],[58.419,25.612],[58.0731,25.5636],[57.9632,25.6932],[57.7717,25.6356],[57.7556,25.7427],[57.3115,25.7841],[56.9733,27.003],[56.8088,27.1396],[56.1237,27.1606],[54.791,26.4958],[54.3081,26.715],[53.7161,26.7086],[53.4441,26.9757],[52.6013,27.3529],[52.6701,27.4486],[52.4596,27.6326],[51.3999,27.9317],[51.0588,28.7359],[50.8049,28.9336],[50.9299,29.0546],[50.6438,29.1435],[50.6553,29.4491],[50.1449,29.9381],[50.0734,30.1957],[49.5322,30.0229],[49.4798,30.1561],[49.2451,30.1565],[48.9212,30.3808],[49.2029,30.3466],[49.2112,30.5063],[48.9815,30.5156],[49.0373,30.4325],[48.8623,30.3456],[48.9153,30.0422],[48.4643,29.9891],[48.397,30.221],[48.0136,30.4639],[48.0122,30.9891],[47.6729,30.9947],[47.8345,31.8057],[47.4108,32.3953],[47.0906,32.4746],[46.4793,32.8918],[46.097,32.9543],[46.0303,33.1057],[46.1553,33.2602],[45.8526,33.4944],[45.886,33.6309],[45.7346,33.5831],[45.3804,33.9736],[45.5445,34.1395],[45.4171,34.4444],[45.5007,34.5917],[45.7015,34.5513],[45.6668,34.8069],[45.9132,35.0873],[46.1511,35.1116],[45.964,35.4942],[46.0038,35.6743],[46.3271,35.8035],[45.749,35.811],[45.54,35.994],[45.3203,35.994],[45.2389,36.403],[45.0723,36.4234],[45.0353,36.6896],[44.8234,36.8093],[44.8874,37.0159],[44.7527,37.1033],[44.8016,37.2927],[44.5721,37.4308],[44.5961,37.7164],[44.2021,37.8972],[44.4588,38.3383],[44.2895,38.3823],[44.275,38.8436],[44.0149,39.3741],[44.388,39.4145],[44.5657,39.7659],[44.807,39.6399]]],[[[56.2124,27.003],[56.2874,26.9551],[55.947,26.6963],[55.2905,26.5485],[55.2847,26.6602],[55.7742,26.7969],[55.758,26.954],[56.2124,27.003]]]]}},{"type":"Feature","properties":{"name":"Netherlands"},"geometry":{"type":"MultiPolygon","coordinates":[[[[7.1946,53.245],[7.0367,52.6474],[6.6717,52.5417],[7.0482,52.3651],[7.0263,52.2306],[6.673,52.0501],[6.8107,51.9606],[5.9315,51.8156],[6.2053,51.4584],[6.0566,51.2117],[6.1473,51.1523],[5.8525,51.0428],[6.0637,50.9075],[5.9949,50.7499],[5.6245,50.8303],[5.8291,51.1565],[5.2154,51.2587],[5.0275,51.4768],[4.9103,51.3919],[4.4831,51.4743],[4.3922,51.3504],[3.451,51.5297],[3.8511,51.6108],[4.2832,51.4477],[3.9881,51.5903],[4.2073,51.5903],[4.1769,51.6859],[3.8623,51.8161],[4.0776,51.8436],[4.0156,51.9877],[4.5081,52.3364],[4.7455,52.9676],[5.0781,52.954],[5.5916,53.3028],[5.9808,53.4061],[6.8291,53.4506],[7.1946,53.245]]],[[[3.3494,51.3752],[4.2215,51.368],[3.8087,51.2053],[3.3917,51.2468],[3.3494,51.3752]]],[[[-68.2115,12.2281],[-68.2542,12.0236],[-68.4174,12.257],[-68.2115,12.2281]]],[[[4.8926,53.111],[4.7077,53.0285],[4.8543,53.1877],[4.8926,53.111]]]]}},{"type":"Feature","properties":{"name":"Liechtenstein"},"geometry":{"type":"Polygon","coordinates":[[[9.5212,47.2628],[9.5812,47.0569],[9.477,47.0639],[9.5212,47.2628]]]}},{"type":"Feature","properties":{"name":"C\u00f4te d'Ivoire"},"geometry":{"type":"MultiPolygon","coordinates":[[[[-7.9897,10.162],[-7.5015,10.4586],[-7.3634,10.2522],[-7.0158,10.1409],[-6.9612,10.3449],[-6.6689,10.361],[-6.6692,10.6542],[-6.446,10.5523],[-6.427,10.6861],[-6.256,10.7265],[-6.24,10.2519],[-6.0159,10.1899],[-5.8781,10.3761],[-5.594,10.4539],[-5.4025,10.3006],[-5.1357,10.3043],[-4.9661,9.901],[-4.6811,9.6821],[-4.51,9.7451],[-4.3712,9.583],[-4.1503,9.8183],[-3.755,9.9359],[-3.2148,9.9156],[-2.8104,9.4111],[-2.6892,9.4887],[-2.7748,9.055],[-2.6194,8.9236],[-2.5063,8.2093],[-2.7906,7.9433],[-3.2625,6.6171],[-3.0298,5.7043],[-2.7856,5.595],[-2.7666,5.161],[-3.1391,5.1423],[-3.1461,5.3688],[-3.2621,5.3409],[-3.3122,5.1199],[-3.987,5.244],[-3.7289,5.2665],[-3.8049,5.376],[-3.744,5.274],[-3.9063,5.3484],[-4.6872,5.2317],[-4.6735,5.3136],[-4.7834,5.1703],[-3.9958,5.2317],[-4.8926,5.1286],[-5.3215,5.2302],[-5.3579,5.1235],[-5.0024,5.1286],[-5.8513,5.03],[-7.5738,4.3754],[-7.5758,5.0721],[-7.3898,5.3171],[-7.4465,5.8459],[-7.7866,5.9582],[-7.9144,6.2717],[-8.4118,6.34],[-8.4183,6.4512],[-8.6187,6.4928],[-8.2866,6.9938],[-8.4854,7.558],[-8.229,7.5443],[-8.0691,8.0293],[-7.9626,8.0152],[-8.0033,8.184],[-8.266,8.246],[-8.2544,8.4465],[-7.9705,8.497],[-7.6624,8.3749],[-7.6968,8.6248],[-7.9689,8.8128],[-7.9318,8.9966],[-7.7468,9.0764],[-7.9296,9.1839],[-7.8654,9.4099],[-8.0541,9.3891],[-8.1576,9.5309],[-8.1738,9.9419],[-7.9897,10.162]]]]}},{"type":"Feature","properties":{"name":"Serbia"},"geometry":{"type":"Polygon","coordinates":[[[20.2428,46.1081],[20.7857,45.7526],[20.7671,45.4793],[21.4933,45.1451],[21.3514,44.9982],[21.5363,44.8893],[21.3959,44.7902],[21.9943,44.6586],[22.1266,44.5027],[22.4261,44.7337],[22.7652,44.5828],[22.4841,44.4998],[22.6916,44.2284],[22.3495,43.8079],[22.5189,43.4742],[22.9846,43.1746],[22.727,42.8869],[22.4274,42.8136],[22.5365,42.4784],[22.424,42.3259],[21.575,42.242],[21.516,42.3419],[21.7644,42.6696],[21.3787,42.7441],[21.4084,42.847],[20.8194,43.2574],[20.604,43.198],[20.6438,43.0523],[20.3454,42.8274],[19.1759,43.4809],[19.5074,43.6472],[19.2435,44.002],[19.6189,44.0357],[19.1167,44.3437],[19.3766,44.863],[19.0158,44.8656],[19.1317,44.9532],[19.0449,45.1372],[19.4078,45.2031],[18.9775,45.3712],[19.1063,45.5116],[18.9036,45.5731],[18.9685,45.6687],[18.8553,45.8574],[19.5499,46.1642],[20.2428,46.1081]]]}},{"type":"Feature","properties":{"name":"Mali"},"geometry":{"type":"Polygon","coordinates":[[[-12.2641,14.7749],[-12.0704,14.7344],[-11.8204,14.9],[-11.7271,15.5412],[-11.5244,15.6435],[-10.9152,15.1029],[-10.7254,15.4331],[-9.4239,15.4405],[-9.3565,15.6979],[-9.3492,15.4956],[-5.511,15.4942],[-5.3533,16.312],[-5.6233,16.5278],[-6.5931,24.9941],[-4.8216,24.9951],[1.1465,21.1017],[1.1546,20.7388],[1.5597,20.5975],[1.7781,20.3043],[2.2008,20.2739],[2.4004,20.0566],[3.1988,19.8205],[3.2608,19.3883],[3.1041,19.1355],[3.2849,18.9957],[4.2286,19.1422],[4.184,16.4161],[3.8712,15.7148],[3.5265,15.496],[3.5071,15.354],[3.0335,15.4265],[3.0002,15.3391],[1.3315,15.2836],[0.9737,14.9913],[0.6701,14.9397],[-0.7197,15.0785],[-1.6969,14.4961],[-1.9971,14.4707],[-2.0359,14.1812],[-2.5974,14.2223],[-2.8673,14.0005],[-2.8952,13.6516],[-3.287,13.6978],[-3.2486,13.2928],[-3.4485,13.2658],[-3.4495,13.1688],[-3.9716,13.3868],[-3.9813,13.499],[-4.3511,13.1183],[-4.2119,12.8192],[-4.4853,12.7147],[-4.4061,12.3075],[-4.7613,12.0066],[-5.4124,11.8285],[-5.2871,11.7589],[-5.2183,11.4222],[-5.3325,11.1216],[-5.5042,11.0727],[-5.4817,10.5353],[-5.5226,10.4255],[-5.8781,10.3761],[-6.0159,10.1899],[-6.24,10.2519],[-6.256,10.7265],[-6.427,10.6861],[-6.446,10.5523],[-6.6692,10.6542],[-6.6689,10.361],[-6.9612,10.3449],[-7.0158,10.1409],[-7.3634,10.2522],[-7.5015,10.4586],[-7.9897,10.162],[-7.9963,10.3283],[-8.2955,10.5374],[-8.3266,11.0238],[-8.6962,10.9627],[-8.3753,11.3677],[-8.8472,11.6579],[-8.8198,12.0127],[-8.9221,12.0454],[-8.9759,12.3687],[-9.1473,12.4655],[-9.3982,12.4732],[-9.3368,12.2698],[-9.723,12.0254],[-10.2669,12.2178],[-10.7114,11.8904],[-10.9521,12.2195],[-11.3347,12.0262],[-11.5078,12.1916],[-11.3886,12.3845],[-11.3888,12.9706],[-11.6131,13.3608],[-11.8281,13.3073],[-12.0976,13.7044],[-11.9629,13.8295],[-11.9976,14.1662],[-12.2217,14.3912],[-12.165,14.6419],[-12.2641,14.7749]]]}},{"type":"Feature","properties":{"name":"Senegal"},"geometry":{"type":"Polygon","coordinates":[[[-12.2641,14.7749],[-12.165,14.6419],[-12.2217,14.3912],[-11.9976,14.1662],[-11.9629,13.8295],[-12.0976,13.7044],[-11.8281,13.3073],[-11.6131,13.3608],[-11.3888,12.9706],[-11.4678,12.5435],[-11.3778,12.4802],[-12.3609,12.3056],[-12.9131,12.5363],[-13.052,12.4723],[-13.0765,12.6359],[-13.7283,12.6734],[-15.1951,12.6794],[-15.677,12.4393],[-16.7284,12.3325],[-16.8008,12.4945],[-16.5797,12.6328],[-15.6448,12.5373],[-15.3916,12.8382],[-15.5495,12.7943],[-15.641,12.5595],[-16.0221,12.729],[-16.371,12.5645],[-16.5013,12.7079],[-16.6347,12.6694],[-16.5969,12.7973],[-16.7546,12.5722],[-16.7084,13.1567],[-15.8333,13.1568],[-15.8187,13.3335],[-15.2771,13.3803],[-15.1377,13.59],[-14.3688,13.2357],[-13.9006,13.3146],[-13.8187,13.4294],[-13.9885,13.5791],[-14.3656,13.4548],[-14.5426,13.6408],[-14.7409,13.6154],[-15.0763,13.819],[-15.3941,13.7715],[-15.5182,13.5831],[-16.5614,13.5869],[-16.5089,13.7402],[-16.5989,13.6542],[-16.6298,13.7605],[-16.487,13.8046],[-16.487,14.0026],[-16.7001,13.769],[-16.7468,13.9514],[-16.3647,14.1678],[-16.7279,14.0647],[-16.7751,13.8388],[-16.9565,14.3901],[-17.2241,14.6904],[-17.4398,14.6538],[-17.536,14.7574],[-17.173,14.9008],[-16.8782,15.2331],[-16.5343,15.7844],[-16.2951,16.5106],[-15.6722,16.4814],[-14.9743,16.6914],[-14.4066,16.6608],[-13.8358,16.1206],[-13.4849,16.155],[-13.2378,15.6234],[-12.9643,15.5092],[-12.8884,15.2509],[-12.2641,14.7749]]]}},{"type":"Feature","properties":{"name":"Nigeria"},"geometry":{"type":"MultiPolygon","coordinates":[[[[3.5964,11.6958],[3.6416,12.518],[4.0888,12.9962],[4.1258,13.473],[4.5067,13.6947],[5.2276,13.7413],[5.5218,13.8803],[6.3689,13.6263],[6.9371,12.9954],[7.824,13.3453],[8.1051,13.2997],[8.6793,12.9236],[9.5903,12.8014],[10.1198,13.2501],[10.675,13.3751],[11.44,13.3644],[12.4727,13.0642],[12.8423,13.4891],[13.2281,13.548],[13.3299,13.7094],[13.6073,13.7041],[14.0649,13.078],[14.1889,12.3704],[14.4871,12.3378],[14.6699,12.1674],[14.5419,11.7098],[14.6058,11.5147],[14.1655,11.2383],[13.9823,11.2763],[13.7548,11.0167],[13.4349,10.1534],[13.2302,10.0453],[13.1955,9.5422],[12.8554,9.3781],[12.7729,8.7591],[12.3688,8.6096],[12.4039,8.4965],[12.227,8.3863],[12.1921,7.9607],[11.7366,7.2633],[11.8722,7.0794],[11.5618,6.8761],[11.3698,6.4558],[11.1135,6.434],[11.0367,6.7405],[10.5787,7.1308],[10.496,6.8747],[10.2108,6.8792],[10.1429,7.0077],[8.8559,5.8475],[8.7989,5.1596],[8.5298,4.7089],[8.1817,4.9914],[8.3535,4.6489],[8.2886,4.5486],[7.5584,4.5253],[7.5448,4.711],[7.502,4.5727],[7.281,4.6011],[7.281,4.5049],[7.0718,4.7581],[7.1846,4.519],[7.044,4.4366],[6.9627,4.7309],[6.9695,4.3746],[6.7156,4.8345],[6.8708,4.3608],[6.7156,4.3547],[6.7361,4.6079],[6.6877,4.3366],[6.5505,4.5049],[6.5696,4.3349],[6.2705,4.2926],[6.3325,4.4366],[6.2363,4.498],[6.2227,4.3],[6.1128,4.2722],[6.0887,4.4111],[6.0618,4.2952],[5.9886,4.4161],[5.8899,4.3688],[5.4754,4.8475],[5.386,5.1256],[5.4959,5.1423],[5.3656,5.1635],[5.3402,5.3439],[5.5779,5.382],[5.6399,5.5402],[5.4338,5.3956],[5.198,5.5015],[5.5096,5.5906],[5.326,5.6054],[5.3376,5.7246],[5.1292,5.6281],[5.1027,5.7932],[5.2904,5.9101],[5.0447,5.7675],[4.4055,6.3589],[3.4212,6.414],[3.844,6.6108],[3.4812,6.6022],[3.3845,6.3977],[2.7038,6.3684],[2.7692,9.057],[3.076,9.0952],[3.1326,9.4573],[3.3259,9.8017],[3.5895,9.9488],[3.6675,10.1466],[3.5724,10.2857],[3.8374,10.5999],[3.7221,11.1123],[3.4684,11.4195],[3.5964,11.6958]]]]}},{"type":"Feature","properties":{"name":"Benin"},"geometry":{"type":"Polygon","coordinates":[[[3.5964,11.6958],[3.4684,11.4195],[3.7221,11.1123],[3.8374,10.5999],[3.5724,10.2857],[3.6675,10.1466],[3.5895,9.9488],[3.3259,9.8017],[3.1326,9.4573],[3.076,9.0952],[2.7692,9.057],[2.7038,6.3684],[1.6196,6.2139],[1.7824,6.2773],[1.5319,6.9919],[1.6257,6.9968],[1.6012,9.0495],[1.3264,9.522],[1.331,9.9965],[0.7688,10.3671],[0.7813,10.693],[0.9015,10.9927],[1.1142,11.0277],[1.1356,11.2601],[1.3304,11.2888],[1.4396,11.4738],[1.9834,11.414],[2.2736,11.6521],[2.4567,11.9791],[2.3612,12.2189],[2.4951,12.2832],[2.8443,12.3992],[3.5964,11.6958]]]}},{"type":"Feature","properties":{"name":"Angola"},"geometry":{"type":"MultiPolygon","coordinates":[[[[13.0737,-4.6353],[12.4444,-5.0551],[12.509,-5.7263],[12.2105,-5.7634],[12.2293,-5.4669],[12.0231,-5.046],[12.1371,-5.015],[12.0096,-5.0196],[12.1876,-4.768],[12.3219,-4.7782],[12.387,-4.6055],[12.7617,-4.3912],[13.0737,-4.6353]]],[[[23.9675,-10.8723],[24.0308,-12.3851],[23.8657,-12.7897],[24.0006,-13.0015],[21.9799,-13.0015],[21.9838,-16.1659],[22.1517,-16.5977],[23.3817,-17.6411],[20.8062,-18.0314],[20.3362,-17.8549],[18.89,-17.7993],[18.4536,-17.3899],[13.9806,-17.4236],[13.4798,-17.0103],[13.1663,-16.9511],[12.5672,-17.2346],[12.0881,-17.1392],[11.758,-17.2392],[11.7355,-15.8571],[11.992,-15.6173],[12.1453,-15.1686],[12.5153,-13.426],[12.9448,-12.9824],[12.9395,-12.8167],[13.3929,-12.5704],[13.6398,-12.2487],[13.8465,-11.1137],[13.7717,-10.6779],[13.5276,-10.4065],[12.9963,-9.0938],[13.0864,-8.8923],[13.013,-9.0838],[13.2241,-8.7739],[13.3801,-8.7551],[13.3789,-8.3471],[12.85,-7.2659],[12.8335,-6.9123],[12.5506,-6.6326],[12.2903,-6.0966],[13.1849,-5.8564],[16.5151,-5.8871],[16.7268,-6.1892],[16.9457,-7.2046],[17.6002,-8.0985],[18.0982,-8.1093],[18.5165,-7.9322],[19.3555,-8.002],[19.5218,-7.0019],[20.6115,-6.916],[20.5205,-7.2864],[21.785,-7.2834],[21.8609,-7.4698],[21.7539,-7.9973],[21.9439,-8.4559],[21.792,-9.4061],[22.3134,-10.3686],[22.3195,-10.7613],[22.1655,-10.8524],[22.2376,-11.2495],[22.501,-11.0424],[23.8337,-11.0285],[23.9675,-10.8723]]]]}},{"type":"Feature","properties":{"name":"Croatia"},"geometry":{"type":"MultiPolygon","coordinates":[[[[16.5153,46.5017],[17.2901,45.9846],[17.8581,45.7717],[18.4044,45.7418],[18.9013,45.9312],[18.9036,45.5731],[19.1063,45.5116],[18.9775,45.3712],[19.4078,45.2031],[19.1219,45.1958],[19.1317,44.9532],[18.8896,44.8612],[18.6841,45.0848],[18.2379,45.1575],[17.8357,45.0644],[16.9244,45.2845],[16.8117,45.1812],[16.5289,45.2223],[16.3162,45.0012],[16.0204,45.2139],[15.7923,45.1898],[15.7285,44.7691],[16.0283,44.6247],[16.3269,44.0824],[17.2705,43.4632],[17.6345,42.9504],[16.8806,43.406],[16.4338,43.5498],[15.9595,43.504],[15.9505,43.6885],[15.1445,44.1955],[15.2612,44.3326],[15.5287,44.2718],[15.0073,44.5697],[14.8528,45.0937],[14.5708,45.2936],[14.3115,45.344],[14.1514,44.9775],[14.0403,45.039],[13.9032,44.7724],[13.6232,45.0731],[13.7262,45.1345],[13.596,45.1454],[13.5071,45.5119],[14.3728,45.4778],[14.5809,45.6678],[14.7972,45.4652],[15.3252,45.4528],[15.2686,45.6017],[15.3738,45.6402],[15.255,45.7235],[15.6761,45.8417],[15.6398,46.2077],[16.2756,46.3732],[16.2349,46.4933],[16.3441,46.547],[16.5153,46.5017]]],[[[18.4374,42.5592],[18.4964,42.4163],[17.8928,42.7908],[17.0016,43.0515],[17.7415,42.8393],[17.6659,42.9052],[17.8118,42.9099],[18.4374,42.5592]]],[[[16.6931,43.1273],[16.3716,43.1955],[16.5205,43.229],[17.1934,43.1273],[16.6931,43.1273]]],[[[16.5007,43.2842],[16.4263,43.3941],[16.8923,43.3122],[16.5007,43.2842]]],[[[14.877,44.5598],[15.2544,44.34],[15.1288,44.312],[14.877,44.5598]]],[[[14.5139,44.6622],[14.2942,44.9086],[14.4114,44.9564],[14.3137,45.1724],[14.5139,44.6622]]],[[[14.7234,44.9433],[14.4251,45.0873],[14.5488,45.2487],[14.7998,45.0052],[14.7234,44.9433]]]]}},{"type":"Feature","properties":{"name":"Slovenia"},"geometry":{"type":"Polygon","coordinates":[[[13.6429,45.4594],[13.5686,45.5393],[13.8947,45.6318],[13.4618,46.0064],[13.6374,46.1804],[13.3653,46.2903],[13.701,46.5197],[14.5403,46.3786],[15.062,46.6496],[16.0167,46.6707],[15.972,46.8206],[16.094,46.8628],[16.3253,46.8394],[16.5008,46.5448],[15.6398,46.2077],[15.6761,45.8417],[15.255,45.7235],[15.3738,45.6402],[15.2686,45.6017],[15.3252,45.4528],[14.7972,45.4652],[14.5809,45.6678],[14.3728,45.4778],[13.6429,45.4594]]]}},{"type":"Feature","properties":{"name":"Qatar"},"geometry":{"type":"Polygon","coordinates":[[[50.8079,24.7466],[50.785,25.6046],[50.8987,25.5322],[50.9842,25.9813],[51.2512,26.1601],[51.5775,25.8808],[51.4719,25.5214],[51.611,25.0224],[51.3406,24.5699],[51.2781,24.663],[50.9789,24.5677],[50.8079,24.7466]]]}},{"type":"Feature","properties":{"name":"Saudi Arabia"},"geometry":{"type":"MultiPolygon","coordinates":[[[[50.8079,24.7466],[50.9789,24.5677],[51.4983,24.5836],[51.2788,24.3078],[51.5693,24.2562],[51.5935,24.0783],[52.5585,22.9386],[55.1053,22.6209],[55.1868,22.7036],[55.6376,21.979],[54.9784,19.9954],[51.9786,18.9956],[49.0358,18.5797],[48.1619,18.1489],[47.4276,17.0918],[47.1613,16.9474],[46.9703,16.9568],[46.7101,17.2754],[45.4304,17.312],[45.1654,17.4284],[43.9151,17.3018],[43.4129,17.52],[43.165,17.3259],[43.2522,17.272],[43.1184,17.0862],[43.18,16.6646],[42.7895,16.371],[42.5442,17.0043],[42.3567,17.1824],[42.363,17.0248],[42.3015,17.4536],[41.4933,18.2239],[41.2102,18.6979],[41.1765,19.0674],[40.7449,19.777],[40.0838,20.2792],[39.7601,20.3508],[39.1743,21.1089],[39.1091,21.7478],[38.9313,22.0061],[39.1428,22.4032],[39.0703,22.3658],[39.013,22.7668],[38.4526,23.784],[37.9479,24.207],[37.4294,24.3673],[37.1486,24.851],[37.2566,24.8712],[37.2422,25.1753],[36.9363,25.6461],[36.7023,25.78],[36.6961,26.0223],[36.5127,26.111],[35.2163,28.0544],[34.5728,28.1128],[34.8038,28.5271],[34.9494,29.3517],[36.0695,29.2],[36.7287,29.8535],[37.4702,29.9946],[37.6476,30.3309],[37.9814,30.4988],[36.9595,31.491],[39.1577,32.1213],[40.3703,31.9385],[42.0754,31.0799],[44.6918,29.2018],[47.4335,28.9947],[47.6681,28.5335],[48.4946,28.5001],[48.6521,28.0461],[48.8827,27.8267],[48.8318,27.6125],[49.2398,27.5451],[49.3128,27.4486],[49.1198,27.4411],[49.2638,27.4139],[49.3748,27.1491],[49.5721,27.1942],[49.6995,26.9582],[50.1585,26.6649],[49.9837,26.7082],[50.2166,26.3239],[50.1414,26.036],[50.0324,26.2011],[49.99,26.0018],[50.4715,25.4372],[50.5622,25.0548],[50.8079,24.7466]]],[[[42.1864,16.7055],[42.1786,16.5835],[41.9555,16.6701],[41.7571,16.8964],[42.1864,16.7055]]],[[[49.5654,27.3518],[49.6888,27.3177],[49.4562,27.2904],[49.5654,27.3518]]]]}},{"type":"Feature","properties":{"name":"Botswana"},"geometry":{"type":"Polygon","coordinates":[[[25.2598,-17.7941],[25.255,-18.0011],[25.9407,-18.9213],[26.1555,-19.5372],[26.7139,-19.9274],[27.2018,-20.093],[27.2684,-20.4958],[27.6981,-20.5091],[27.6666,-21.0712],[27.9904,-21.5519],[29.0387,-21.7979],[29.0405,-22.0209],[29.3501,-22.1867],[29.0387,-22.2239],[28.8168,-22.4929],[28.3018,-22.6038],[27.7536,-23.2208],[27.1274,-23.525],[26.8392,-24.2656],[26.4044,-24.6328],[25.8684,-24.7482],[25.5873,-25.6195],[25.4584,-25.7112],[24.665,-25.8233],[23.9248,-25.6292],[23.4593,-25.2822],[23.0307,-25.2994],[22.8446,-25.4811],[22.7105,-25.9969],[22.0577,-26.6176],[21.7806,-26.6782],[21.6645,-26.8631],[20.9077,-26.8],[20.6908,-26.8918],[20.6053,-26.4933],[20.8414,-26.1313],[20.6565,-25.4678],[20.3649,-25.0332],[19.9814,-24.7525],[19.9783,-22.0007],[20.9848,-21.964],[20.9751,-18.3193],[23.2928,-17.999],[23.6099,-18.4777],[24.3506,-17.9561],[24.5644,-18.0528],[24.9533,-17.7884],[25.2598,-17.7941]]]}},{"type":"Feature","properties":{"name":"Zimbabwe"},"geometry":{"type":"Polygon","coordinates":[[[25.2598,-17.7941],[25.6814,-17.8115],[25.9245,-17.999],[26.2119,-17.8828],[26.7,-18.0692],[27.0213,-17.9585],[27.8169,-16.9596],[28.8089,-16.4863],[28.9324,-15.9637],[29.5872,-15.6557],[30.3963,-15.636],[30.4026,-16.0012],[31.26,-16.0235],[31.9103,-16.4289],[32.2905,-16.4518],[32.7313,-16.7088],[32.9685,-16.6816],[32.8288,-16.9351],[33.0216,-17.3456],[32.9274,-17.9729],[33.0428,-18.352],[32.8707,-18.5358],[32.9025,-18.7745],[32.6914,-18.8343],[32.6811,-18.955],[32.8559,-19.0837],[32.7634,-19.464],[32.8196,-19.6743],[33.0328,-19.7842],[33.0073,-20.032],[32.6718,-20.5318],[32.4816,-20.603],[32.491,-20.9363],[32.3398,-21.1341],[32.4472,-21.3137],[31.2889,-22.3973],[30.8379,-22.2823],[30.335,-22.3447],[29.7589,-22.1309],[29.3569,-22.1909],[29.0405,-22.0209],[29.0387,-21.7979],[27.9904,-21.5519],[27.6666,-21.0712],[27.6981,-20.5091],[27.2684,-20.4958],[27.2018,-20.093],[26.7139,-19.9274],[26.1555,-19.5372],[25.9407,-18.9213],[25.255,-18.0011],[25.2598,-17.7941]]]}},{"type":"Feature","properties":{"name":"Pakistan"},"geometry":{"type":"MultiPolygon","coordinates":[[[[75.9811,36.4454],[75.9223,36.0317],[76.166,35.8062],[76.5555,35.8979],[77.049,35.1104],[77.0131,34.9864],[76.7576,34.9151],[76.6396,34.7411],[76.0234,34.6772],[75.7771,34.5038],[74.2858,34.7689],[73.9193,34.6425],[73.7798,34.3961],[73.9906,34.2185],[73.9162,34.0279],[74.2723,33.9621],[73.9662,33.7345],[74.1578,33.4942],[74.0023,33.1777],[74.3113,32.9943],[74.3462,32.7669],[74.6853,32.8312],[74.6893,32.4714],[75.0237,32.4663],[75.359,32.2617],[74.5408,31.8109],[74.6172,31.4589],[74.5064,31.1754],[74.6588,31.0838],[74.3192,30.8934],[73.8517,30.3727],[73.9444,30.1883],[73.3703,29.9273],[72.9304,29.0477],[72.3546,28.7672],[71.8744,27.9597],[70.8316,27.7015],[70.5349,28.016],[70.3419,28.0115],[69.5344,27.1256],[69.5042,26.7352],[70.1581,26.5301],[70.0646,25.9803],[70.2492,25.7077],[70.6539,25.6745],[70.6545,25.3966],[71.0639,24.6826],[70.9548,24.5845],[71.0731,24.4021],[70.7555,24.2314],[70.5847,24.2579],[70.5209,24.4249],[69.972,24.1652],[68.9042,24.3206],[68.8388,24.2365],[68.7473,24.3312],[68.7245,23.9652],[68.1575,23.9051],[68.1491,23.6945],[68.0135,23.9393],[68.0135,23.7685],[67.8552,23.9119],[67.8317,23.8095],[67.6377,23.8017],[67.6504,23.9331],[67.4785,23.8915],[67.5331,24.0703],[67.3003,24.1863],[67.3625,24.3439],[67.1496,24.6351],[67.2555,24.748],[66.6541,24.8392],[66.7372,25.1811],[66.3755,25.6257],[66.0944,25.4748],[66.3364,25.5534],[66.4984,25.3985],[66.2518,25.4729],[64.7444,25.324],[64.655,25.1657],[64.0945,25.3359],[64.1553,25.4469],[64.0454,25.4503],[64.0597,25.3446],[63.5725,25.365],[63.5005,25.1937],[62.5275,25.2642],[62.3811,25.0876],[62.1452,25.2184],[62.0972,25.1071],[61.7296,25.0218],[61.7831,25.188],[61.5882,25.2021],[61.8329,26.2254],[62.2651,26.361],[62.4185,26.5623],[63.1413,26.6254],[63.3196,27.1173],[63.1771,27.2584],[62.7424,27.2668],[62.7615,28.2464],[61.8928,28.5426],[61.5665,28.871],[61.3374,29.3744],[60.8444,29.8582],[62.4775,29.4078],[63.5686,29.4975],[64.0861,29.3866],[64.4777,29.5704],[65.0364,29.5402],[66.1956,29.8353],[66.3405,29.9566],[66.2193,30.0579],[66.3663,30.9229],[66.697,31.1958],[66.9433,31.3147],[67.3462,31.2078],[67.7647,31.3341],[67.569,31.5299],[67.9661,31.6382],[68.1386,31.8247],[68.6758,31.7747],[68.8038,31.6026],[69.2989,31.9377],[69.2329,32.4627],[69.426,32.6551],[69.4877,33.0284],[70.2944,33.3189],[69.8726,34.0172],[70.522,33.9387],[71.0626,34.0543],[71.122,34.3568],[70.957,34.532],[71.6379,35.1897],[71.4644,35.7947],[71.1659,36.0457],[71.6104,36.4579],[71.7826,36.3965],[72.1697,36.7114],[72.5652,36.8206],[74.0353,36.8156],[74.6625,37.0545],[74.8724,36.9071],[75.1001,36.9941],[75.3513,36.9158],[75.4319,36.7229],[75.7287,36.7232],[75.9811,36.4454]]]]}},{"type":"Feature","properties":{"name":"Bulgaria"},"geometry":{"type":"Polygon","coordinates":[[[26.3334,41.713],[26.0537,41.7015],[26.1756,41.4319],[25.882,41.304],[25.2391,41.2409],[24.7744,41.3481],[24.5102,41.5617],[22.917,41.3358],[23.0089,41.7399],[22.8382,42.0195],[22.345,42.3134],[22.5331,42.4576],[22.4274,42.8136],[22.727,42.8869],[22.9814,43.199],[22.5189,43.4742],[22.3495,43.8079],[22.3996,43.9933],[22.6916,44.2284],[23.031,44.0931],[22.8888,43.8395],[23.4847,43.8806],[25.4031,43.6501],[25.7811,43.732],[26.1507,44.0124],[27.0275,44.177],[28.5784,43.7413],[28.5603,43.4538],[28.1188,43.3915],[27.904,43.2023],[27.8923,42.7105],[27.4529,42.4801],[27.719,42.4147],[28.0168,41.9726],[27.5464,41.9012],[27.2734,42.0917],[27.0465,42.0829],[26.6057,41.9674],[26.3334,41.713]]]}},{"type":"Feature","properties":{"name":"Thailand"},"geometry":{"type":"MultiPolygon","coordinates":[[[[102.9136,11.6459],[102.6057,12.2213],[102.5824,12.0493],[102.2959,12.19],[102.3521,12.3673],[102.2057,12.4358],[102.2283,12.3237],[102.0645,12.5707],[102.057,12.4683],[101.7661,12.7059],[101.4181,12.5956],[100.8579,12.6527],[100.9958,13.4962],[100.5978,13.6122],[100.5559,13.5109],[100.2751,13.5167],[99.9627,13.3099],[100.1043,13.0573],[99.9605,12.6679],[100.02,12.1927],[99.6419,11.5233],[99.5116,10.8664],[99.2404,10.5219],[99.285,10.3645],[99.1516,10.3574],[99.2546,10.2344],[99.1448,9.7882],[99.3236,9.3915],[99.2551,9.2325],[99.8535,9.2947],[99.9671,8.6057],[100.2715,8.3171],[100.574,7.195],[100.4255,7.2676],[100.3895,7.5662],[100.2726,7.5311],[100.2887,7.7883],[100.1448,7.7194],[100.1854,7.5142],[100.4366,7.1601],[100.5854,7.2244],[100.9481,6.8807],[101.3513,6.8759],[101.2917,6.9546],[101.5663,6.8322],[102.0731,6.2575],[101.8005,5.7399],[101.5579,5.9113],[101.1054,5.6376],[100.9653,5.7924],[101.0817,6.2465],[100.833,6.2367],[100.73,6.4932],[100.3874,6.5221],[100.2633,6.7],[100.1668,6.6951],[100.1273,6.4423],[99.6858,6.8773],[99.7481,7.126],[99.5579,7.1975],[99.6035,7.3762],[99.3782,7.3209],[99.2927,7.6207],[99.0332,7.7228],[99.0696,7.9249],[98.7703,8.0237],[98.6554,8.3796],[98.4282,8.317],[98.425,8.1484],[98.2814,8.2259],[98.22,8.7262],[98.3913,9.0353],[98.3223,9.2094],[98.5311,9.5661],[98.7568,10.6661],[99.213,11.1083],[99.63,11.8158],[99.5417,12.1407],[99.4523,12.1294],[99.4033,12.5759],[99.0932,13.0383],[99.1902,13.2295],[99.09,13.8701],[98.5477,14.3777],[98.1604,15.1064],[98.283,15.29],[98.5599,15.3553],[98.547,16.0475],[98.8072,16.1105],[98.9025,16.3816],[98.8396,16.4724],[98.6633,16.2867],[98.4567,16.7232],[98.5095,16.8927],[97.7593,17.6915],[97.6376,18.3063],[97.4865,18.2921],[97.3514,18.5512],[97.7457,18.5711],[97.6578,18.9257],[97.8108,19.1122],[97.7671,19.3975],[98.0245,19.803],[98.2375,19.6647],[98.8993,19.7486],[99.0735,20.1012],[99.5103,20.1538],[99.4206,20.3756],[99.6519,20.3068],[99.9371,20.445],[100.1525,20.2392],[100.3443,20.39],[100.5487,20.158],[100.3792,19.7457],[100.4743,19.525],[101.2549,19.5472],[101.1724,19.3764],[101.3264,19.0205],[101.0303,18.4278],[101.1554,18.3229],[101.1652,18.0534],[100.9019,17.5619],[101.1323,17.4617],[102.0785,18.2138],[102.6829,17.8101],[103.0379,17.9907],[103.2954,18.2878],[103.2441,18.3801],[103.3968,18.4414],[104.0,18.3184],[104.452,17.666],[104.7927,17.4235],[104.7545,16.5289],[105.0581,16.1212],[105.4221,16.0099],[105.412,15.7998],[105.6409,15.682],[105.4438,15.1338],[105.5931,14.9908],[105.5075,14.564],[105.0473,14.2141],[104.9738,14.3806],[104.7717,14.4399],[103.8852,14.3404],[103.6371,14.4433],[103.1382,14.3197],[102.9186,14.1855],[102.5977,13.6054],[102.3322,13.5646],[102.4793,12.6771],[102.7621,12.4361],[102.6922,12.1785],[102.9136,11.6459]]],[[[98.4186,7.9038],[98.2918,7.7775],[98.2814,8.1918],[98.4391,8.0825],[98.4186,7.9038]]],[[[100.0702,9.5864],[99.9466,9.4182],[99.9263,9.566],[100.0702,9.5864]]],[[[102.3997,12.0432],[102.4412,11.9674],[102.2904,11.9748],[102.2495,12.153],[102.3997,12.0432]]]]}},{"type":"Feature","properties":{"name":"Haiti"},"geometry":{"type":"MultiPolygon","coordinates":[[[[-71.7574,19.7101],[-71.7765,19.3275],[-71.6437,19.1525],[-71.8654,18.9644],[-71.7203,18.7654],[-72.0098,18.5988],[-71.7093,18.3133],[-71.7762,18.0393],[-72.0718,18.2375],[-72.8859,18.1414],[-73.6463,18.2587],[-73.8733,18.0262],[-74.4892,18.4294],[-74.4185,18.6175],[-74.2559,18.6703],[-72.9042,18.4341],[-72.3538,18.5301],[-72.3304,18.6833],[-72.8135,19.0529],[-72.7072,19.1186],[-72.8034,19.2319],[-72.6991,19.4459],[-73.4095,19.636],[-73.4203,19.821],[-72.776,19.9439],[-72.3339,19.7186],[-71.7574,19.7101]]],[[[-73.2587,18.8785],[-73.2008,18.9687],[-72.8087,18.7204],[-73.2587,18.8785]]]]}},{"type":"Feature","properties":{"name":"Dominican Rep."},"geometry":{"type":"MultiPolygon","coordinates":[[[[-71.7574,19.7101],[-71.6614,19.8936],[-71.1722,19.8341],[-71.0009,19.9377],[-70.2808,19.6518],[-69.9473,19.6787],[-69.7677,19.2997],[-69.1643,19.307],[-69.2537,19.1835],[-69.6173,19.2252],[-69.6085,19.0935],[-68.7397,18.9644],[-68.3341,18.5773],[-68.4557,18.3579],[-68.5889,18.3823],[-68.743,18.2045],[-68.9225,18.4123],[-69.8515,18.4725],[-70.1718,18.2314],[-70.5528,18.2042],[-70.7038,18.4301],[-70.9325,18.2615],[-71.084,18.3044],[-71.0611,18.1421],[-71.4172,17.6048],[-71.6793,17.7653],[-71.6588,17.9533],[-71.7762,18.0393],[-71.7093,18.3133],[-72.0098,18.5988],[-71.7203,18.7654],[-71.8654,18.9644],[-71.6437,19.1525],[-71.7765,19.3275],[-71.7574,19.7101]]]]}},{"type":"Feature","properties":{"name":"Chad"},"geometry":{"type":"Polygon","coordinates":[[[14.0649,13.078],[13.6073,13.7041],[13.4495,14.439],[13.6579,14.5487],[13.8339,15.0196],[14.369,15.7496],[15.4655,16.8947],[15.736,19.9035],[15.9703,20.3363],[15.5702,20.7519],[15.6093,20.9507],[15.1845,21.4912],[14.9799,22.9957],[15.9851,23.4447],[23.9813,19.4961],[23.9844,15.7212],[23.0946,15.7043],[22.9067,15.5414],[22.958,15.2016],[22.6589,14.8574],[22.6766,14.689],[22.3635,14.5435],[22.5464,14.1397],[22.075,13.7803],[22.2676,13.3346],[21.8094,12.7937],[21.936,12.6395],[22.2049,12.7434],[22.4457,12.6111],[22.4581,12.0304],[22.6124,12.0728],[22.5417,11.633],[22.9148,11.3961],[22.9224,11.0871],[22.8611,10.9192],[22.4471,10.9983],[21.7226,10.6367],[21.7188,10.2966],[20.4352,9.1381],[19.0219,8.9852],[18.8698,8.8494],[19.1241,8.6751],[18.5893,8.0479],[17.6399,7.985],[16.8055,7.5437],[16.5487,7.87],[15.9253,7.4882],[15.481,7.5233],[15.5629,7.7924],[15.4407,7.8394],[15.1837,8.4791],[13.9476,9.6378],[14.1817,9.9782],[15.6812,9.9913],[15.1317,10.5407],[15.0212,11.1825],[15.1109,11.7829],[15.0494,12.0846],[14.898,12.1528],[14.8308,12.6182],[14.5548,12.7669],[14.4182,13.0811],[14.0649,13.078]]]}},{"type":"Feature","properties":{"name":"Kuwait"},"geometry":{"type":"MultiPolygon","coordinates":[[[[47.948,29.994],[48.1768,29.5419],[47.9655,29.5763],[47.7047,29.3636],[48.1003,29.35],[48.4328,28.5405],[47.6681,28.5335],[47.4341,28.9946],[46.5324,29.0957],[47.1447,30.0033],[47.6742,30.0982],[47.948,29.994]]],[[[48.3527,29.7098],[48.1616,29.6297],[48.0461,29.8005],[48.1974,29.9254],[48.1209,29.9814],[48.3527,29.7098]]]]}},{"type":"Feature","properties":{"name":"El Salvador"},"geometry":{"type":"MultiPolygon","coordinates":[[[[-90.0983,13.7314],[-90.023,13.937],[-89.5245,14.2318],[-89.5841,14.4018],[-89.3982,14.4454],[-89.1075,14.396],[-88.8388,14.1004],[-88.5044,13.9837],[-88.4968,13.8512],[-88.1254,13.9913],[-87.7036,13.815],[-87.7212,13.4608],[-87.8383,13.4409],[-87.7899,13.287],[-87.9282,13.1586],[-88.7857,13.2453],[-89.2515,13.4723],[-89.808,13.5269],[-90.0983,13.7314]]]]}},{"type":"Feature","properties":{"name":"Guatemala"},"geometry":{"type":"Polygon","coordinates":[[[-89.3616,14.4155],[-89.5841,14.4018],[-89.5245,14.2318],[-90.023,13.937],[-90.0983,13.7314],[-90.5804,13.9133],[-91.3165,13.9557],[-92.2463,14.5463],[-92.0738,15.0737],[-92.2113,15.2721],[-91.7398,16.061],[-90.4374,16.0989],[-90.3949,16.4192],[-90.6331,16.4833],[-90.797,16.8054],[-91.4425,17.238],[-90.992,17.2519],[-90.9828,17.8105],[-89.1605,17.8143],[-89.2365,15.8939],[-88.7873,15.8591],[-88.6092,15.7021],[-88.4888,15.8467],[-88.6055,15.9696],[-88.2209,15.7257],[-89.1608,15.0602],[-89.1604,14.5813],[-89.3616,14.4155]]]}},{"type":"Feature","properties":{"name":"Timor-Leste"},"geometry":{"type":"MultiPolygon","coordinates":[[[[124.4505,-9.1802],[124.3101,-9.4887],[124.03,-9.342],[124.4505,-9.1802]]],[[[124.9195,-8.962],[125.1443,-8.6314],[125.381,-8.5715],[126.5488,-8.4867],[126.9671,-8.309],[127.3132,-8.4152],[126.4724,-8.9428],[125.593,-9.1896],[125.0616,-9.4858],[124.9579,-9.2119],[125.1506,-9.1854],[125.1624,-9.0606],[124.933,-9.0745],[124.9195,-8.962]]],[[[125.5693,-8.1964],[125.6506,-8.1428],[125.5736,-8.3173],[125.5693,-8.1964]]]]}},{"type":"Feature","properties":{"name":"Brunei"},"geometry":{"type":"MultiPolygon","coordinates":[[[[115.1462,4.9085],[115.3463,4.3138],[115.0918,4.4054],[115.0298,4.8206],[115.1462,4.9085]]],[[[114.9817,4.8891],[114.742,4.7295],[114.8456,4.3951],[114.6278,4.0167],[114.2827,4.2649],[114.2456,4.4814],[113.9988,4.6011],[114.3267,4.6069],[115.0578,5.0541],[114.9817,4.8891]]]]}},{"type":"Feature","properties":{"name":"Algeria"},"geometry":{"type":"Polygon","coordinates":[[[-4.8216,24.9951],[-8.6824,27.2854],[-8.6788,28.6928],[-7.6195,29.3894],[-5.7562,29.6141],[-5.5395,29.5232],[-5.1761,29.9775],[-4.3724,30.5086],[-3.6455,30.7113],[-3.5547,30.9559],[-3.8428,31.1702],[-3.6595,31.6478],[-2.8278,31.7946],[-2.8812,32.0763],[-1.2103,32.0897],[-1.3096,32.1674],[-1.2441,32.3569],[-1.032,32.4944],[-1.4233,32.7424],[-1.6742,33.238],[-1.6696,34.0792],[-1.8096,34.3725],[-1.703,34.4797],[-1.8711,34.5966],[-1.7695,34.7413],[-2.2226,35.0893],[-1.7611,35.1296],[-1.2948,35.3646],[-1.0329,35.6826],[-0.6265,35.723],[-0.4795,35.89],[-0.0831,35.7944],[0.3423,36.206],[1.3467,36.545],[2.6008,36.5963],[2.9331,36.8086],[3.4805,36.7772],[3.8739,36.9172],[4.7871,36.8954],[5.3044,36.643],[6.197,36.9023],[6.4158,37.093],[6.9486,36.89],[7.2329,36.9669],[7.2227,37.0898],[7.7986,36.9936],[7.7734,36.89],[7.9085,36.8496],[8.6025,36.9395],[8.6417,36.8364],[8.4131,36.7839],[8.4304,36.6626],[8.1699,36.5258],[8.3577,36.4304],[8.2414,35.8277],[8.2944,35.3251],[8.4313,35.2417],[8.2365,34.6477],[7.8315,34.4144],[7.5175,34.095],[7.4798,33.8939],[7.725,33.2314],[8.0868,33.0943],[8.3313,32.5276],[9.045,32.0718],[9.5197,30.2289],[9.2865,30.1171],[9.6677,29.6083],[9.8261,29.1285],[9.777,28.2676],[9.9343,27.8274],[9.7213,27.2919],[9.8963,26.6528],[9.3778,26.1689],[10.0079,25.3314],[10.032,24.8563],[10.2422,24.5951],[10.4105,24.4733],[10.6991,24.5561],[11.5414,24.2975],[11.9689,23.5174],[7.4827,20.8726],[5.7943,19.4498],[3.3331,18.9756],[3.1041,19.1355],[3.2608,19.3883],[3.1988,19.8205],[2.4004,20.0566],[2.2008,20.2739],[1.7781,20.3043],[1.5597,20.5975],[1.1546,20.7388],[1.1465,21.1017],[-4.8216,24.9951]]]}},{"type":"Feature","properties":{"name":"Mozambique"},"geometry":{"type":"MultiPolygon","coordinates":[[[[32.1139,-26.84],[32.0706,-26.0098],[31.9058,-25.813],[31.9866,-24.4231],[31.8504,-23.9306],[31.5276,-23.4568],[31.2791,-22.4153],[32.4472,-21.3137],[32.3398,-21.1341],[32.491,-20.9363],[32.4816,-20.603],[32.6718,-20.5318],[33.0073,-20.032],[33.0328,-19.7842],[32.8196,-19.6743],[32.7634,-19.464],[32.8559,-19.0837],[32.6811,-18.955],[32.6914,-18.8343],[32.9025,-18.7745],[32.8707,-18.5358],[33.0428,-18.352],[32.9274,-17.9729],[33.0216,-17.3456],[32.8288,-16.9351],[32.9685,-16.6816],[32.7313,-16.7088],[32.2905,-16.4518],[31.9103,-16.4289],[31.26,-16.0235],[30.4026,-16.0012],[30.3929,-15.4808],[30.2145,-14.9815],[33.2027,-14.0139],[33.6448,-14.6017],[33.7204,-14.4897],[34.3441,-14.3874],[34.5181,-14.6074],[34.5691,-15.2712],[34.2332,-15.8898],[34.4265,-16.2739],[35.1183,-16.8334],[35.066,-17.1098],[35.2919,-17.1293],[35.2782,-16.7007],[35.1319,-16.5376],[35.3746,-16.141],[35.7851,-16.0423],[35.7842,-15.1718],[35.9043,-14.8869],[35.8472,-14.6504],[35.0841,-13.7042],[34.6406,-13.4924],[34.5453,-13.3257],[34.354,-12.1995],[34.6167,-11.5783],[35.5315,-11.6127],[35.8264,-11.4135],[36.1997,-11.7015],[36.6257,-11.7214],[37.0324,-11.5649],[37.4697,-11.7195],[37.8169,-11.5336],[37.9381,-11.284],[38.4923,-11.4135],[38.8963,-11.1677],[39.2382,-11.1742],[39.7858,-10.9326],[40.5105,-10.4777],[40.655,-10.6869],[40.4854,-10.7621],[40.6203,-10.8409],[40.3488,-11.3171],[40.4658,-11.3852],[40.5202,-11.839],[40.4782,-12.5011],[40.6468,-12.7663],[40.4109,-12.9421],[40.5952,-12.9757],[40.527,-13.5106],[40.6506,-14.0319],[40.5386,-14.1645],[40.7461,-14.2709],[40.6294,-14.5663],[40.8014,-14.4107],[40.848,-14.705],[40.6431,-14.8538],[40.7739,-14.9977],[40.528,-15.131],[40.6817,-15.233],[40.5818,-15.4921],[40.065,-15.9892],[39.9924,-16.2224],[39.7834,-16.3019],[39.856,-16.4298],[39.0905,-16.9838],[38.6629,-17.0256],[38.1729,-17.2875],[38.0808,-17.1907],[38.1279,-17.2863],[37.1895,-17.7387],[36.9841,-18.0124],[36.8328,-17.8776],[36.9772,-18.0466],[36.4729,-18.5564],[36.4075,-18.7848],[36.2381,-18.6941],[36.2669,-18.8909],[36.1238,-18.8007],[35.8553,-18.9513],[35.1268,-19.705],[34.8801,-19.8634],[34.5532,-19.5823],[34.7776,-19.815],[34.6683,-20.5411],[34.9933,-20.7302],[35.1201,-20.9664],[35.0164,-21.1111],[35.271,-21.6441],[35.3115,-22.413],[35.4006,-22.4771],[35.4414,-22.1196],[35.5173,-22.3102],[35.5514,-22.1791],[35.4894,-22.69],[35.6061,-22.9147],[35.3403,-23.6762],[35.3324,-23.9645],[35.5274,-23.803],[35.4968,-24.1013],[35.1065,-24.5979],[33.3192,-25.2524],[32.8727,-25.5439],[32.687,-25.8859],[32.4768,-25.9846],[32.8425,-26.2887],[32.9544,-26.0789],[32.8931,-26.8461],[32.1139,-26.84]]]]}},{"type":"Feature","properties":{"name":"eSwatini"},"geometry":{"type":"Polygon","coordinates":[[[31.9492,-25.9581],[32.0706,-26.0098],[32.1174,-26.5823],[31.9683,-27.3163],[31.142,-27.1965],[30.7857,-26.7169],[30.8046,-26.3975],[31.1198,-25.91],[31.4015,-25.736],[31.9492,-25.9581]]]}},{"type":"Feature","properties":{"name":"Burundi"},"geometry":{"type":"Polygon","coordinates":[[[30.5546,-2.4006],[30.4158,-2.8517],[30.8255,-2.9786],[30.8148,-3.2477],[30.4323,-3.5519],[30.003,-4.2719],[29.7328,-4.4633],[29.4042,-4.4498],[29.215,-3.8999],[29.2346,-3.0466],[28.9869,-2.7968],[29.0326,-2.6207],[29.2944,-2.6511],[29.3397,-2.8264],[29.7199,-2.8055],[29.8979,-2.6711],[29.9317,-2.3169],[30.1168,-2.4315],[30.3786,-2.3031],[30.5546,-2.4006]]]}},{"type":"Feature","properties":{"name":"Rwanda"},"geometry":{"type":"Polygon","coordinates":[[[29.0154,-2.7207],[28.8588,-2.4182],[29.1348,-2.1977],[29.1305,-1.8433],[29.3428,-1.5165],[29.8161,-1.3226],[29.9604,-1.4648],[30.3375,-1.0662],[30.4718,-1.0668],[30.8383,-1.6154],[30.8344,-2.3453],[30.5217,-2.3994],[30.3786,-2.3031],[30.1168,-2.4315],[29.9317,-2.3169],[29.8979,-2.6711],[29.7199,-2.8055],[29.3397,-2.8264],[29.3066,-2.6601],[29.1134,-2.5946],[29.0154,-2.7207]]]}},{"type":"Feature","properties":{"name":"Myanmar"},"geometry":{"type":"MultiPolygon","coordinates":[[[[92.5759,21.9776],[92.6838,22.1543],[92.9681,21.9872],[93.0245,22.2019],[93.1737,22.2594],[93.0795,22.7727],[93.1524,23.0499],[93.2728,23.0059],[93.3749,23.1297],[93.4324,23.6473],[93.3222,24.0801],[93.4567,23.96],[93.7111,24.0055],[94.1319,23.857],[94.7086,25.0259],[94.5533,25.2041],[94.608,25.3946],[95.0088,25.7371],[95.0006,25.922],[95.1512,26.0499],[95.0418,26.2876],[95.1326,26.6208],[96.1426,27.2575],[96.7052,27.3608],[97.1192,27.0873],[96.8621,27.5993],[97.3335,27.8942],[97.3235,28.2175],[97.5462,28.5385],[98.1187,28.1408],[98.2947,27.5366],[98.4103,27.6843],[98.6793,27.5773],[98.7556,26.625],[98.7055,26.1749],[98.5455,26.1056],[98.6902,25.8656],[98.4981,25.8307],[98.3121,25.5575],[98.1401,25.6115],[98.0449,25.3119],[97.801,25.2376],[97.6996,25.065],[97.7652,24.8347],[97.5328,24.7233],[97.5133,24.4386],[97.6473,24.4323],[97.7201,24.1474],[97.5165,23.9428],[97.6247,23.8467],[98.1051,24.1015],[98.8657,24.1457],[98.6588,23.9611],[98.856,23.61],[98.859,23.1794],[99.2166,23.0574],[99.3338,23.1296],[99.538,22.9264],[99.4134,22.9307],[99.308,22.7452],[99.3578,22.4955],[99.1445,22.1535],[99.9424,22.0455],[99.9503,21.7212],[100.1428,21.6549],[100.1871,21.4279],[100.342,21.5304],[100.6217,21.4691],[101.0828,21.7667],[101.1739,21.6119],[100.7254,21.3117],[100.5178,20.9063],[100.6521,20.8766],[100.2113,20.6974],[100.0993,20.3178],[99.9371,20.445],[99.6519,20.3068],[99.4206,20.3756],[99.5103,20.1538],[99.0735,20.1012],[98.8993,19.7486],[98.2375,19.6647],[98.0245,19.803],[97.7671,19.3975],[97.8108,19.1122],[97.6578,18.9257],[97.7457,18.5711],[97.3514,18.5512],[97.4865,18.2921],[97.6376,18.3063],[97.7593,17.6915],[98.5095,16.8927],[98.4567,16.7232],[98.6633,16.2867],[98.8396,16.4724],[98.9025,16.3816],[98.8072,16.1105],[98.547,16.0475],[98.5599,15.3553],[98.283,15.29],[98.1604,15.1064],[98.5477,14.3777],[99.09,13.8701],[99.1902,13.2295],[99.0932,13.0383],[99.4033,12.5759],[99.4523,12.1294],[99.5417,12.1407],[99.63,11.8158],[99.213,11.1083],[98.7667,10.6888],[98.7474,10.3505],[98.5431,9.9875],[98.4593,10.7154],[98.7124,10.9244],[98.7356,11.642],[98.8916,11.6937],[98.8089,11.8513],[98.6742,11.6852],[98.6035,11.8036],[98.7066,11.8786],[98.549,11.8786],[98.7214,11.9978],[98.6296,12.132],[98.7033,12.2378],[98.5391,12.2418],[98.7066,12.3479],[98.6052,12.4289],[98.7097,12.5124],[98.5785,13.1868],[98.2448,13.7141],[98.1921,14.0647],[98.1443,13.5371],[98.1101,14.1678],[97.8855,14.656],[98.0276,14.6475],[97.7948,14.8803],[97.7271,15.8432],[97.5689,16.0624],[97.7402,16.5593],[97.3703,16.4835],[97.1833,16.9215],[97.1572,17.0869],[97.261,17.1073],[97.1306,17.0794],[96.8831,17.4574],[96.9109,17.0248],[96.6795,16.5749],[96.4363,16.4778],[96.266,16.5968],[96.2871,16.8131],[96.1712,16.7716],[96.3213,16.4153],[96.0066,16.3874],[96.0676,16.3102],[95.7977,16.1449],[95.7249,16.2228],[95.6647,15.9492],[95.4158,15.723],[95.2879,15.7401],[95.3616,16.1484],[95.2127,15.7866],[95.0977,16.0251],[95.2259,16.1199],[95.1358,16.1484],[95.0339,15.8057],[94.8469,15.7906],[94.8631,16.1278],[94.9924,16.2508],[94.7212,15.8567],[94.6013,15.9212],[94.7937,16.162],[94.5666,15.9355],[94.7323,16.5246],[94.6279,16.2602],[94.6297,16.3442],[94.5212,16.2955],[94.2395,15.9763],[94.2683,16.5275],[94.4544,17.1801],[94.5945,17.2923],[94.4906,18.0725],[94.1489,18.731],[94.2793,18.7385],[94.0381,18.8591],[94.0669,19.389],[94.0334,19.2045],[93.9104,19.191],[93.9304,18.8586],[93.4871,19.3337],[93.553,19.4306],[93.8342,19.2382],[93.9873,19.3867],[93.7312,19.6326],[93.8068,19.7458],[93.6014,19.7186],[93.74,19.9251],[93.5807,19.8813],[93.3823,20.0885],[93.1284,20.0947],[93.1688,19.8073],[92.9702,20.1295],[93.1209,20.212],[92.9905,20.1549],[93.0733,20.5546],[92.8677,20.122],[92.7782,20.2316],[92.9429,20.3212],[92.8269,20.4951],[92.635,20.698],[92.7312,20.2592],[92.3811,20.7001],[92.1783,21.2997],[92.3227,21.4619],[92.6338,21.2822],[92.5759,21.9776]]],[[[98.2678,10.8371],[98.2507,10.6931],[98.1987,10.8817],[98.0774,10.8881],[98.1719,10.9787],[98.2678,10.8371]]],[[[98.2783,11.7998],[98.2835,11.5094],[98.1765,11.4492],[98.2783,11.7998]]],[[[98.5353,11.8036],[98.5353,11.5292],[98.3708,11.7893],[98.5353,11.8036]]],[[[98.6035,11.9674],[98.478,11.8909],[98.4391,12.112],[98.6035,11.9674]]],[[[98.4663,12.5837],[98.302,12.338],[98.3156,12.6874],[98.4663,12.5837]]],[[[94.6621,16.2219],[94.4027,15.8393],[94.3897,16.0009],[94.6621,16.2219]]],[[[97.5894,16.4153],[97.5475,16.1999],[97.4522,16.4494],[97.5894,16.4153]]],[[[93.7454,18.8],[93.6453,18.6793],[93.4841,18.875],[93.7454,18.8]]],[[[93.9707,19.4169],[93.8027,19.2767],[93.6418,19.492],[93.7236,19.5564],[93.9707,19.4169]]]]}},{"type":"Feature","properties":{"name":"Bangladesh"},"geometry":{"type":"MultiPolygon","coordinates":[[[[92.5759,21.9776],[92.6338,21.2822],[92.3227,21.4619],[92.1783,21.2997],[92.3193,20.742],[91.953,21.4418],[92.0293,21.7049],[91.8993,21.7895],[91.813,22.1803],[91.9081,22.4247],[91.7871,22.2379],[91.4624,22.7619],[91.4905,22.9045],[91.3174,22.6972],[91.1819,22.7265],[91.2027,22.5432],[91.0183,22.6831],[90.9417,22.5859],[90.6294,23.0644],[90.6003,23.4499],[90.7158,23.5351],[90.6078,23.4911],[90.612,23.6061],[90.4763,23.583],[90.5519,23.385],[90.2494,23.4554],[90.6108,23.2308],[90.4489,23.0557],[90.54,22.8966],[90.3726,22.7614],[90.4929,22.7099],[90.4421,22.4936],[90.5241,22.5831],[90.6066,22.4658],[90.558,22.2034],[90.4085,22.0859],[90.3943,22.2882],[90.2727,21.8574],[90.0244,21.8625],[90.2391,22.1723],[89.9344,21.9977],[89.8768,22.2747],[90.0101,22.4902],[89.8729,22.4186],[89.7972,22.076],[89.8804,21.8842],[89.7092,21.8301],[89.647,21.9251],[89.7007,21.7849],[89.5869,21.7008],[89.6265,22.336],[89.5329,21.9847],[89.4758,22.2951],[89.4658,21.7813],[89.3696,21.7433],[89.3522,21.9723],[89.2105,21.6541],[88.8388,22.9758],[88.96,23.2027],[88.6966,23.2524],[88.7702,23.4888],[88.5416,23.6388],[88.5776,23.8552],[88.7142,23.9252],[88.7375,24.2871],[88.4754,24.3155],[88.0218,24.6456],[88.1149,24.9164],[88.3228,24.8747],[88.4413,25.1897],[88.9242,25.1679],[88.9849,25.285],[88.0876,25.831],[88.1638,26.1405],[88.4976,26.3527],[88.3151,26.4651],[88.3853,26.6235],[88.6563,26.4151],[88.6634,26.2644],[89.0195,26.2345],[88.8912,26.3858],[89.0437,26.3811],[89.1192,26.1466],[89.3353,25.9986],[89.5417,25.9597],[89.653,26.2227],[89.8287,25.9794],[89.819,25.285],[90.3646,25.15],[92.034,25.1817],[92.4838,24.9282],[92.223,24.8914],[92.1076,24.406],[91.8998,24.338],[91.8771,24.158],[91.7329,24.2343],[91.363,24.0998],[91.1323,23.7206],[91.3135,23.101],[91.3943,23.2627],[91.5861,22.9445],[91.7956,23.0895],[91.7437,23.2723],[91.9408,23.4952],[91.9227,23.723],[92.2593,23.7065],[92.5759,21.9776]]],[[[91.9356,21.76],[91.9702,21.5236],[91.8771,21.481],[91.9356,21.76]]],[[[91.1488,22.3571],[91.1868,22.2278],[91.0225,22.0949],[91.0748,22.3886],[91.1488,22.3571]]],[[[90.7906,22.4953],[90.8362,22.1782],[90.6475,21.994],[90.5786,22.757],[90.7906,22.4953]]],[[[90.6453,22.8493],[90.4557,22.7674],[90.4734,22.8651],[90.6453,22.8493]]]]}},{"type":"Feature","properties":{"name":"Andorra"},"geometry":{"type":"Polygon","coordinates":[[[1.707,42.5028],[1.5085,42.4287],[1.4065,42.5292],[1.5431,42.6494],[1.722,42.6099],[1.707,42.5028]]]}},{"type":"Feature","properties":{"name":"Afghanistan"},"geometry":{"type":"Polygon","coordinates":[[[74.5424,37.0217],[74.0353,36.8156],[73.1918,36.877],[72.2136,36.7264],[71.7826,36.3965],[71.6104,36.4579],[71.2231,36.1254],[71.1709,36.027],[71.5935,35.5494],[71.5298,35.3009],[71.6379,35.1897],[70.957,34.532],[71.122,34.3568],[71.0626,34.0543],[70.522,33.9387],[69.8726,34.0172],[70.2944,33.3189],[69.4877,33.0284],[69.426,32.6551],[69.2329,32.4627],[69.2989,31.9377],[68.8038,31.6026],[68.6758,31.7747],[68.1386,31.8247],[67.9661,31.6382],[67.569,31.5299],[67.7647,31.3341],[67.3462,31.2078],[66.9433,31.3147],[66.697,31.1958],[66.3663,30.9229],[66.2193,30.0579],[66.3405,29.9566],[66.1956,29.8353],[65.0364,29.5402],[64.4777,29.5704],[64.0861,29.3866],[63.5686,29.4975],[62.4775,29.4078],[60.8444,29.8582],[61.8023,30.8471],[61.8264,31.015],[61.6869,31.3732],[60.8217,31.4947],[60.8303,32.2489],[60.5629,33.0583],[60.9209,33.5141],[60.5118,33.6384],[60.4928,34.139],[60.6437,34.3066],[60.8905,34.3189],[60.6997,34.5164],[61.0654,34.8147],[61.2697,35.6185],[61.6047,35.4306],[62.0075,35.4389],[62.2862,35.1406],[62.4319,35.2806],[62.6936,35.2484],[63.0802,35.4371],[63.0766,35.6247],[63.2144,35.6993],[63.1041,35.8565],[64.0451,35.9987],[64.0573,36.1052],[64.4777,36.2716],[64.7788,37.118],[65.5369,37.2571],[65.7614,37.5784],[66.2944,37.3312],[67.0059,37.3844],[67.2591,37.1851],[67.7466,37.2294],[68.0202,36.9257],[68.8879,37.3381],[69.3121,37.1175],[69.5087,37.579],[70.1579,37.5414],[70.2831,37.7048],[70.1721,37.9461],[70.6649,38.4054],[70.9507,38.4731],[71.3582,38.2513],[71.2583,37.9265],[71.5977,37.8984],[71.4311,37.067],[71.653,36.687],[72.6577,37.0288],[72.7907,37.2203],[73.2963,37.4649],[73.7535,37.4284],[73.5973,37.2618],[73.7092,37.217],[74.3156,37.4269],[74.6604,37.394],[74.8923,37.2311],[74.7215,37.2978],[74.3683,37.1671],[74.5424,37.0217]]]}},{"type":"Feature","properties":{"name":"Montenegro"},"geometry":{"type":"Polygon","coordinates":[[[18.4964,42.4163],[18.4374,42.5592],[18.55,42.6681],[18.4335,42.9542],[18.639,43.0202],[18.6643,43.2332],[18.8212,43.3414],[19.0697,43.3088],[18.9056,43.4906],[18.9775,43.5462],[19.1953,43.5328],[19.5981,43.1762],[20.3536,42.891],[20.0265,42.7432],[20.1039,42.6531],[19.9818,42.5108],[19.8014,42.4681],[19.7221,42.6461],[19.6218,42.605],[19.2749,42.1913],[19.3651,41.8524],[18.886,42.2844],[18.5706,42.393],[18.6873,42.4829],[18.4964,42.4163]]]}},{"type":"Feature","properties":{"name":"Bosnia and Herz."},"geometry":{"type":"Polygon","coordinates":[[[17.6533,42.8909],[17.2705,43.4632],[16.3269,44.0824],[16.0283,44.6247],[15.7285,44.7691],[15.7923,45.1898],[16.0204,45.2139],[16.3162,45.0012],[16.5289,45.2223],[16.8117,45.1812],[16.9244,45.2845],[17.8357,45.0644],[18.2379,45.1575],[18.6782,45.0874],[18.8896,44.8612],[19.3687,44.8871],[19.1072,44.3827],[19.6114,44.0545],[19.2293,43.9577],[19.4617,43.7621],[19.4896,43.5644],[18.911,43.5073],[19.0697,43.3088],[18.8212,43.3414],[18.6643,43.2332],[18.639,43.0202],[18.4528,42.9934],[18.4921,42.5648],[17.6533,42.8909]]]}},{"type":"Feature","properties":{"name":"Uganda"},"geometry":{"type":"Polygon","coordinates":[[[30.4718,-1.0668],[30.3375,-1.0662],[29.9174,-1.4752],[29.8251,-1.3239],[29.5779,-1.3884],[29.5547,-0.9286],[29.9473,0.8246],[30.1548,0.9087],[30.2389,1.136],[30.4783,1.2386],[31.2715,2.103],[31.1776,2.3029],[30.7106,2.4451],[30.8534,2.8534],[30.7438,3.0555],[30.9444,3.6793],[31.2148,3.7924],[31.5237,3.6561],[31.7779,3.8164],[32.168,3.5122],[32.3718,3.7311],[32.9972,3.8855],[33.4906,3.7497],[34.006,4.2057],[34.0848,3.8773],[34.205,3.8745],[34.1525,3.7756],[34.4397,3.6677],[34.434,3.182],[34.8756,2.5912],[35.0065,1.9169],[34.7979,1.2319],[34.487,1.0825],[33.8936,0.1098],[33.9042,-1.0026],[30.4718,-1.0668]]]}},{"type":"Feature","properties":{"name":"Cuba"},"geometry":{"type":"MultiPolygon","coordinates":[[[[-75.095,19.8972],[-75.0924,20.0612],[-75.2847,19.8883],[-76.2023,19.9923],[-77.706,19.83],[-77.5864,20.0885],[-77.1134,20.3685],[-77.1954,20.6365],[-78.0655,20.7117],[-78.4879,21.0386],[-78.4982,21.27],[-78.7446,21.6365],[-79.2089,21.5485],[-80.0032,21.7209],[-80.4844,22.192],[-80.4708,22.0412],[-81.0884,22.0858],[-81.194,22.2816],[-81.2047,22.0603],[-81.2391,22.1511],[-81.8245,22.1889],[-82.164,22.3969],[-81.6516,22.4878],[-81.8775,22.6797],[-82.7599,22.706],[-83.4155,22.1861],[-83.9254,22.1715],[-84.0294,21.9199],[-84.5084,21.7668],[-84.4962,21.9338],[-84.9496,21.8768],[-84.2886,22.0207],[-84.4457,22.205],[-84.2129,22.5831],[-83.2262,23.0019],[-83.1694,22.9301],[-82.2194,23.1942],[-81.5812,23.1578],[-81.5288,23.0472],[-81.1492,23.2124],[-81.2863,23.1305],[-81.1492,23.0349],[-80.5973,23.1561],[-80.4315,22.9499],[-79.793,22.8978],[-79.8509,22.8141],[-79.3125,22.4003],[-78.7081,22.3869],[-77.3634,21.6383],[-77.556,21.9285],[-77.1339,21.6645],[-77.1544,21.5546],[-77.3642,21.6118],[-77.258,21.4764],[-77.0883,21.6062],[-76.8118,21.3975],[-76.8873,21.3074],[-76.6715,21.3559],[-76.7347,21.2855],[-76.5449,21.2877],[-76.5375,21.1846],[-76.3876,21.2843],[-76.0372,21.0748],[-75.704,21.119],[-75.5785,21.0134],[-75.7434,20.8894],[-75.5511,20.8215],[-75.7703,20.8358],[-75.7245,20.6955],[-75.6331,20.7806],[-75.5511,20.6844],[-74.9984,20.7008],[-74.393,20.2865],[-74.2235,20.3174],[-74.1329,20.2046],[-74.2674,20.0683],[-74.813,20.0373],[-75.095,19.8972]]],[[[-82.568,21.6365],[-82.9062,21.4375],[-83.1918,21.6303],[-82.9591,21.562],[-83.0856,21.8003],[-82.9895,21.9484],[-82.7037,21.8928],[-82.568,21.6365]]],[[[-77.6342,22.0543],[-77.7031,21.9108],[-77.9495,22.1026],[-77.6342,22.0543]]],[[[-77.9973,22.1474],[-78.0178,22.3149],[-77.826,22.1579],[-77.9973,22.1474]]],[[[-78.1965,22.3292],[-78.3126,22.4043],[-78.1442,22.4289],[-78.011,22.2814],[-78.1965,22.3292]]],[[[-78.4262,22.4626],[-78.6962,22.5414],[-78.3724,22.5535],[-78.2815,22.4388],[-78.4262,22.4626]]]]}},{"type":"Feature","properties":{"name":"Honduras"},"geometry":{"type":"MultiPolygon","coordinates":[[[[-89.3616,14.4155],[-89.1604,14.5813],[-89.1608,15.0602],[-88.3167,15.6746],[-87.5913,15.9355],[-87.4794,15.786],[-86.3747,15.7709],[-85.9333,15.9367],[-86.0079,16.0311],[-85.4886,15.8696],[-84.9999,15.9879],[-84.6601,15.7745],[-84.4528,15.7956],[-84.6418,15.8629],[-84.2946,15.811],[-83.73,15.4016],[-84.2129,15.5512],[-83.9384,15.2592],[-83.8219,15.2707],[-83.9944,15.4215],[-83.7598,15.2021],[-83.5277,15.2844],[-83.5549,15.1683],[-83.5172,15.2897],[-83.703,15.402],[-83.1304,14.997],[-83.5091,15.0115],[-83.6156,14.8727],[-84.4827,14.6195],[-84.9042,14.817],[-85.1455,14.5643],[-85.1696,14.3218],[-85.7273,13.965],[-85.7425,13.8237],[-86.0202,14.0552],[-86.3401,13.7567],[-86.7662,13.7453],[-86.704,13.2988],[-86.9108,13.2396],[-87.035,12.9798],[-87.314,12.9816],[-87.5122,13.2867],[-87.4006,13.4112],[-87.8172,13.4066],[-87.7036,13.815],[-87.8179,13.9159],[-88.0153,13.8664],[-88.2351,13.9929],[-88.4968,13.8512],[-88.5044,13.9837],[-88.8388,14.1004],[-89.1075,14.396],[-89.3616,14.4155]]]]}},{"type":"Feature","properties":{"name":"Ecuador"},"geometry":{"type":"MultiPolygon","coordinates":[[[[-78.8287,1.4343],[-78.12,0.9212],[-77.7032,0.8431],[-77.4681,0.6509],[-77.3975,0.3876],[-76.5654,0.2161],[-76.3005,0.4616],[-75.8179,0.1001],[-75.2835,-0.107],[-75.6432,-0.1288],[-75.2607,-0.5435],[-75.2273,-0.9698],[-75.4064,-0.9151],[-75.573,-1.5373],[-76.0912,-2.1289],[-76.6846,-2.5736],[-77.8678,-2.9903],[-78.1964,-3.3637],[-78.1637,-3.4773],[-78.3508,-3.3896],[-78.6727,-4.551],[-79.0639,-5.0114],[-79.3032,-4.9612],[-79.658,-4.4387],[-79.8329,-4.479],[-80.1402,-4.2831],[-80.3829,-4.4763],[-80.4923,-4.413],[-80.3453,-4.1985],[-80.4696,-4.2132],[-80.492,-4.0149],[-80.1653,-3.89],[-80.3411,-3.3686],[-79.9532,-3.1974],[-79.7264,-2.5938],[-79.8686,-2.1609],[-79.7656,-2.005],[-79.892,-2.1159],[-79.8961,-2.5434],[-80.0636,-2.5772],[-79.9297,-2.4841],[-80.0343,-2.4739],[-80.0127,-2.3264],[-80.2796,-2.6126],[-80.2555,-2.7302],[-81.013,-2.1669],[-80.8706,-2.2033],[-80.7374,-2.0435],[-80.8556,-1.5883],[-80.7443,-1.3438],[-80.9096,-1.0449],[-80.5699,-0.9122],[-80.449,-0.6061],[-80.299,-0.6622],[-80.4965,-0.3814],[-80.0513,0.09],[-80.0758,0.8161],[-79.6558,1.0036],[-79.6149,0.8453],[-79.6327,0.986],[-79.0572,1.2175],[-78.9917,1.1197],[-78.8129,1.2773],[-78.8287,1.4343]]],[[[-80.0599,-2.6628],[-79.9072,-2.7324],[-80.131,-3.0209],[-80.2659,-3.0185],[-80.2107,-2.7249],[-80.0599,-2.6628]]],[[[-89.3081,-0.6856],[-89.42,-0.9194],[-89.63,-0.9259],[-89.3081,-0.6856]]],[[[-90.192,-0.5383],[-90.3371,-0.777],[-90.5445,-0.6816],[-90.4606,-0.5138],[-90.192,-0.5383]]],[[[-91.4011,-0.4529],[-91.6065,-0.4563],[-91.6686,-0.2849],[-91.4557,-0.2576],[-91.4011,-0.4529]]],[[[-90.565,-0.2849],[-90.6049,-0.3698],[-90.8741,-0.2713],[-90.7773,-0.1477],[-90.565,-0.2849]]],[[[-90.8114,-0.7306],[-90.9287,-0.9703],[-91.4359,-0.9975],[-91.4659,-0.8079],[-91.0868,-0.5825],[-91.375,-0.2819],[-91.4233,-0.0286],[-91.6034,-0.0142],[-91.4973,0.1061],[-91.3236,0.1393],[-90.8114,-0.7306]]]]}},{"type":"Feature","properties":{"name":"Colombia"},"geometry":{"type":"MultiPolygon","coordinates":[[[[-78.8287,1.4343],[-79.0215,1.6383],[-78.8461,1.8216],[-78.5712,1.7822],[-78.7032,2.1898],[-78.5741,2.4332],[-78.346,2.648],[-78.1325,2.4927],[-78.0961,2.6515],[-77.7604,2.5916],[-77.8124,2.7645],[-77.6197,2.9316],[-77.7218,2.982],[-77.4574,3.3561],[-77.3189,3.32],[-77.3218,3.5478],[-77.0316,3.9158],[-77.2532,3.8408],[-77.3002,3.9691],[-77.1892,4.0673],[-77.2643,4.1082],[-77.3462,3.9295],[-77.4352,4.0294],[-77.4267,4.1804],[-77.2363,4.2653],[-77.3872,4.3472],[-77.3258,4.7525],[-77.258,4.7041],[-77.381,5.403],[-77.5592,5.5031],[-77.2459,5.7342],[-77.4844,6.1888],[-77.3454,6.5661],[-77.6963,6.8492],[-77.665,7.0156],[-77.8958,7.2351],[-77.7642,7.7057],[-77.58,7.5284],[-77.1633,7.9393],[-77.4887,8.4736],[-77.434,8.6283],[-77.3517,8.6693],[-76.9425,8.1289],[-76.8323,8.1365],[-76.9071,7.9295],[-76.7572,7.9236],[-76.7748,8.4167],[-76.9472,8.5455],[-76.3155,8.9477],[-75.9438,9.4407],[-75.6206,9.4529],[-75.5764,9.6211],[-75.7051,9.7007],[-75.5307,10.2407],[-75.7036,10.1344],[-75.5157,10.319],[-75.5196,10.5765],[-75.2674,10.7953],[-74.8444,11.1097],[-74.2978,10.9915],[-74.597,10.8678],[-74.3951,10.7495],[-74.1534,11.3437],[-73.2924,11.294],[-72.7413,11.708],[-72.2631,11.886],[-72.1387,12.256],[-71.9376,12.1664],[-71.8711,12.256],[-71.9605,12.2827],[-71.6756,12.4683],[-71.2618,12.3419],[-71.1381,12.0158],[-71.9906,11.6491],[-72.2671,11.1549],[-72.4993,11.1208],[-72.683,10.8556],[-72.9149,10.4329],[-72.9855,9.8122],[-73.3911,9.1728],[-73.0097,9.2954],[-72.9553,9.104],[-72.791,9.1139],[-72.6754,8.6515],[-72.3935,8.3554],[-72.3358,8.1039],[-72.4912,7.9375],[-72.4787,7.4845],[-72.2062,7.3819],[-71.9938,7.0129],[-71.184,6.9626],[-70.7033,7.0999],[-70.1292,6.9725],[-69.4436,6.1222],[-69.2461,6.0807],[-69.0611,6.2178],[-68.6353,6.1359],[-67.8272,6.3134],[-67.45,6.1979],[-67.4225,5.9782],[-67.6251,5.7845],[-67.617,5.5416],[-67.8346,5.3393],[-67.8751,4.5326],[-67.6318,3.7619],[-67.3095,3.3839],[-67.8559,2.7898],[-67.6266,2.8134],[-67.1897,2.3944],[-66.8835,1.3499],[-66.8751,1.2225],[-67.0861,1.176],[-67.1172,1.7098],[-67.4246,2.1381],[-67.9288,1.7413],[-68.1922,2.0149],[-68.2802,1.8294],[-68.1633,1.7213],[-69.8562,1.7077],[-69.8522,1.0594],[-69.2888,1.0384],[-69.1375,0.6501],[-69.4781,0.7328],[-70.0542,0.5881],[-70.068,-0.1601],[-69.6198,-0.5246],[-69.3995,-1.1827],[-69.965,-4.2365],[-70.3111,-3.8293],[-70.7341,-3.782],[-70.0506,-2.7151],[-70.1058,-2.6252],[-70.6476,-2.4508],[-70.9046,-2.2111],[-71.4208,-2.376],[-71.7461,-2.1323],[-72.1764,-2.4103],[-72.6443,-2.3341],[-72.9354,-2.4253],[-73.1978,-2.2136],[-73.1111,-2.0734],[-73.193,-1.7887],[-73.531,-1.6737],[-73.4972,-1.478],[-73.6366,-1.2552],[-74.2668,-0.9723],[-74.418,-0.5427],[-74.7907,-0.3126],[-74.8247,-0.1705],[-75.7897,0.0844],[-76.3005,0.4616],[-76.5654,0.2161],[-77.3975,0.3876],[-77.4681,0.6509],[-77.7032,0.8431],[-78.12,0.9212],[-78.8287,1.4343]]],[[[-78.1314,2.6273],[-78.1344,2.5044],[-78.2167,2.6702],[-78.1314,2.6273]]],[[[-77.353,4.2653],[-77.5495,4.2048],[-77.4281,4.341],[-77.353,4.2653]]]]}},{"type":"Feature","properties":{"name":"Paraguay"},"geometry":{"type":"Polygon","coordinates":[[[-62.6504,-22.2345],[-62.2757,-21.0666],[-62.2688,-20.5531],[-61.7532,-19.6459],[-60.0064,-19.2981],[-59.0696,-19.2915],[-58.1644,-19.8329],[-58.1627,-20.2432],[-57.8176,-20.9536],[-57.9862,-22.0745],[-56.8561,-22.2932],[-56.4076,-22.0758],[-56.2143,-22.2754],[-55.861,-22.2895],[-55.6237,-22.6387],[-55.4207,-23.9545],[-55.1654,-24.0168],[-54.6392,-23.8044],[-54.2453,-24.0506],[-54.7931,-26.645],[-55.1384,-26.9537],[-55.414,-26.9799],[-55.7547,-27.4437],[-56.1246,-27.2989],[-56.3997,-27.5868],[-56.5464,-27.4551],[-57.1801,-27.4873],[-58.022,-27.2598],[-58.6042,-27.3163],[-58.6533,-27.1563],[-58.1786,-26.6507],[-58.1513,-26.1815],[-57.8727,-26.0103],[-57.7746,-25.7017],[-57.5753,-25.5644],[-57.7541,-25.1809],[-58.8092,-24.7768],[-60.0337,-24.007],[-61.0063,-23.8055],[-61.1099,-23.607],[-61.9564,-23.0344],[-62.2872,-22.4839],[-62.6504,-22.2345]]]}},{"type":"Feature","properties":{"name":"Portugal"},"geometry":{"type":"MultiPolygon","coordinates":[[[[-7.1049,38.8272],[-7.2704,38.7375],[-7.3592,38.4464],[-7.1035,38.1736],[-6.9475,38.1966],[-7.024,38.0226],[-7.2727,37.977],[-7.5297,37.5672],[-7.4076,37.1649],[-7.8196,36.9987],[-8.5801,37.124],[-8.9979,37.0215],[-8.7522,37.7308],[-8.8948,37.9525],[-8.7951,38.3592],[-8.9426,38.4814],[-8.6068,38.4187],[-8.7733,38.5653],[-9.2306,38.4187],[-9.2527,38.6655],[-8.9426,38.7756],[-9.0115,38.9134],[-8.7651,39.0977],[-8.9359,39.0407],[-9.1125,38.7142],[-9.4717,38.7025],[-9.4975,38.8098],[-9.3509,39.1973],[-9.4093,39.3752],[-9.0904,39.5793],[-8.785,40.1187],[-8.9084,40.2007],[-8.753,40.6408],[-8.5727,40.7556],[-8.6553,40.8449],[-8.7508,40.6531],[-8.6483,41.1528],[-8.8305,41.6716],[-8.6962,41.722],[-8.8803,41.7369],[-8.6269,42.051],[-8.2224,42.1536],[-8.0951,42.0409],[-8.2317,41.886],[-8.0935,41.8067],[-7.9061,41.9139],[-7.4427,41.806],[-7.1597,41.9857],[-6.6095,41.9623],[-6.5415,41.6589],[-6.2059,41.5703],[-6.9425,41.016],[-6.8162,40.8568],[-6.7944,40.3564],[-7.0431,40.1814],[-6.8797,40.0092],[-7.0211,39.694],[-7.5573,39.6798],[-7.3135,39.4574],[-7.2441,39.1956],[-6.9857,39.0668],[-7.1049,38.8272]]],[[[-16.7887,32.6867],[-16.9768,32.6472],[-17.2521,32.8145],[-16.9197,32.8412],[-16.6727,32.7586],[-16.7887,32.6867]]],[[[-25.0668,37.0215],[-25.0271,36.9343],[-25.2017,36.9904],[-25.0668,37.0215]]],[[[-25.1978,37.8644],[-25.1568,37.7545],[-25.5057,37.7067],[-25.8595,37.8539],[-25.1978,37.8644]]],[[[-28.1095,38.4466],[-28.4595,38.4057],[-28.5489,38.5286],[-28.1095,38.4466]]],[[[-28.6097,38.5974],[-28.727,38.5149],[-28.8424,38.5994],[-28.6097,38.5974]]],[[[-27.0201,38.6937],[-27.2284,38.6411],[-27.3917,38.7589],[-27.0201,38.6937]]],[[[-31.2079,39.5086],[-31.1316,39.423],[-31.2548,39.3581],[-31.2079,39.5086]]]]}},{"type":"Feature","properties":{"name":"Moldova"},"geometry":{"type":"Polygon","coordinates":[[[26.6179,48.259],[26.8319,48.3914],[27.6048,48.4841],[28.0933,48.2374],[28.3577,48.2386],[28.3174,48.1354],[28.4796,48.0649],[28.5736,48.155],[28.9504,47.9348],[29.124,47.976],[29.236,47.8707],[29.1556,47.45],[29.4096,47.2798],[29.5566,47.324],[29.5587,46.9457],[29.9282,46.8098],[29.9019,46.5308],[30.1316,46.4228],[29.8281,46.3394],[29.7141,46.4712],[29.6156,46.3618],[29.4576,46.4847],[29.2007,46.3571],[29.1842,46.538],[28.9458,46.4548],[28.9569,46.0014],[28.7402,45.9532],[28.474,45.6579],[28.502,45.5087],[28.1995,45.4618],[28.0621,45.5936],[28.168,45.6325],[28.0827,46.0147],[28.2474,46.6208],[28.0827,46.9715],[27.304,47.6665],[27.0428,48.1273],[26.6179,48.259]]]}},{"type":"Feature","properties":{"name":"Turkmenistan"},"geometry":{"type":"MultiPolygon","coordinates":[[[[61.2697,35.6185],[61.1298,35.9705],[61.2247,36.1237],[61.1658,36.6363],[60.3423,36.6371],[60.0192,37.0258],[59.4617,37.2076],[59.3123,37.5303],[58.8011,37.6947],[58.3578,37.6333],[58.1567,37.7882],[57.3524,37.9675],[57.1859,38.2765],[57.0384,38.1873],[56.4365,38.2551],[56.2141,38.0688],[55.4474,38.0837],[54.8566,37.7611],[54.654,37.4389],[53.9137,37.3428],[53.827,38.5255],[53.9828,38.916],[53.7015,39.0785],[53.7246,39.2417],[53.6838,39.0834],[53.5676,39.1933],[53.562,39.3533],[53.1499,39.3441],[53.1615,39.1796],[53.0852,39.4005],[53.2759,39.6649],[53.217,39.5251],[53.7332,39.528],[53.4168,39.65],[53.382,39.7693],[53.5745,39.9679],[52.9136,40.0217],[53.0081,39.7663],[52.7385,40.0536],[52.7366,40.4846],[52.9165,41.0851],[53.1189,40.7698],[53.37,40.8352],[53.4831,40.737],[53.6247,40.887],[53.721,40.6257],[54.4036,40.6737],[54.25,40.8906],[54.6399,40.8388],[54.76,40.965],[54.678,41.0709],[54.7674,41.0368],[54.074,41.488],[53.8187,42.1244],[53.1638,42.1037],[52.9603,41.9844],[52.7692,41.6756],[52.9165,41.6742],[52.8135,41.3793],[52.8823,41.0504],[52.4377,41.7489],[52.9787,42.1266],[54.1226,42.3376],[54.9071,41.9321],[55.4783,41.2668],[57.0102,41.2541],[57.1614,41.368],[57.0196,41.4659],[56.9784,41.8951],[57.3823,42.1636],[57.8505,42.1914],[58.016,42.4997],[58.4906,42.2976],[58.1213,42.6242],[58.5345,42.6545],[58.5879,42.7912],[58.8944,42.5478],[59.1461,42.5268],[59.2584,42.3475],[60.0282,42.1995],[59.9065,41.9666],[60.2527,41.7801],[60.0492,41.7535],[60.1647,41.585],[60.0942,41.3895],[60.4781,41.2121],[61.2814,41.1573],[61.4332,41.3003],[61.8779,41.125],[62.1342,40.5778],[62.3533,40.4304],[62.4528,40.0092],[63.7093,39.1909],[64.1506,38.9495],[64.3373,38.971],[65.6041,38.2374],[65.8767,38.273],[66.6243,37.9938],[66.5196,37.3642],[66.2944,37.3312],[65.7614,37.5784],[65.5369,37.2571],[64.8079,37.1355],[64.4777,36.2716],[64.0573,36.1052],[64.0451,35.9987],[63.1041,35.8565],[63.2144,35.6993],[63.0766,35.6247],[63.0802,35.4371],[62.6936,35.2484],[62.4319,35.2806],[62.2862,35.1406],[62.0075,35.4389],[61.6047,35.4306],[61.2697,35.6185]]]]}},{"type":"Feature","properties":{"name":"Jordan"},"geometry":{"type":"Polygon","coordinates":[[[35.6118,32.6819],[35.8957,32.7133],[36.0663,32.5173],[36.8066,32.313],[38.7745,33.3717],[39.0288,32.3283],[39.2358,32.3529],[39.292,32.2445],[38.9634,31.9943],[36.9595,31.491],[37.9814,30.4988],[37.6476,30.3309],[37.4702,29.9946],[36.7287,29.8535],[36.4771,29.4946],[36.0164,29.19],[34.9494,29.3517],[35.14,30.4302],[35.4385,31.1037],[35.6118,32.6819]]]}},{"type":"Feature","properties":{"name":"Nepal"},"geometry":{"type":"Polygon","coordinates":[[[88.1182,27.8609],[87.9692,27.1108],[88.1678,26.7629],[88.0443,26.4057],[87.3005,26.346],[87.1063,26.4047],[87.0413,26.5802],[86.7136,26.4146],[86.2844,26.612],[85.8285,26.5661],[85.5986,26.8544],[85.1949,26.7589],[84.6273,27.0365],[84.6065,27.3105],[84.1172,27.5133],[83.8341,27.434],[83.8546,27.3451],[83.387,27.4705],[83.2824,27.3309],[82.7521,27.495],[82.6797,27.6944],[82.4019,27.6772],[82.0272,27.9124],[81.8557,27.8509],[81.2962,28.1283],[81.1697,28.3613],[80.5558,28.6789],[80.4885,28.5624],[80.3297,28.6275],[80.0311,28.8978],[80.2582,29.2025],[80.2137,29.4169],[80.369,29.7579],[80.8839,30.2104],[81.2168,30.0082],[81.3875,30.3739],[81.614,30.4169],[82.0888,30.3301],[82.1538,30.0582],[82.8366,29.6598],[83.1736,29.6213],[83.5237,29.1836],[84.0897,29.2566],[84.2067,28.9407],[84.4508,28.7339],[84.812,28.542],[85.161,28.595],[85.1094,28.2923],[85.6929,28.3352],[85.9627,27.8914],[86.1129,27.9268],[86.156,28.1565],[86.203,28.0026],[86.4253,27.9099],[86.662,28.1068],[87.1558,27.8258],[88.1182,27.8609]]]}},{"type":"Feature","properties":{"name":"Lesotho"},"geometry":{"type":"Polygon","coordinates":[[[28.9808,-28.909],[29.3118,-29.0898],[29.4359,-29.3424],[29.1138,-29.7501],[29.1442,-29.9197],[28.3839,-30.1442],[28.2006,-30.2825],[28.0788,-30.6588],[27.7436,-30.6003],[27.3662,-30.311],[27.3814,-30.1427],[27.0022,-29.6665],[27.3502,-29.4803],[27.7474,-28.9086],[28.6343,-28.5708],[28.9808,-28.909]]]}},{"type":"Feature","properties":{"name":"Cameroon"},"geometry":{"type":"Polygon","coordinates":[[[11.3221,2.1658],[9.991,2.1656],[9.8109,2.2649],[9.9295,3.2716],[9.6421,3.539],[9.8196,3.6279],[9.6262,3.6],[9.5459,3.8196],[9.7445,3.8196],[9.6763,3.909],[9.7644,3.9575],[9.6189,3.9604],[9.7546,4.1357],[9.5794,4.013],[9.4785,4.1114],[9.5325,3.9894],[9.3435,3.9158],[9.3262,4.0319],[9.2107,3.9643],[8.9712,4.1008],[8.847,4.6397],[8.7884,4.5414],[8.6551,4.7383],[8.7227,4.5131],[8.5103,4.527],[8.7989,5.1596],[8.8452,5.831],[9.693,6.5313],[9.7885,6.7948],[10.1429,7.0077],[10.2108,6.8792],[10.496,6.8747],[10.5787,7.1308],[11.0367,6.7405],[11.0971,6.4491],[11.2555,6.43],[11.5334,6.6451],[11.5618,6.8761],[11.8722,7.0794],[11.7366,7.2633],[12.1921,7.9607],[12.227,8.3863],[12.4039,8.4965],[12.3688,8.6096],[12.7945,8.7886],[12.8554,9.3781],[13.1955,9.5422],[13.2302,10.0453],[13.4349,10.1534],[13.7548,11.0167],[13.9823,11.2763],[14.1655,11.2383],[14.6162,11.5387],[14.5419,11.7098],[14.6683,12.1781],[14.4871,12.3378],[14.1889,12.3704],[14.0649,13.078],[14.4182,13.0811],[14.5548,12.7669],[14.8192,12.6388],[14.898,12.1528],[15.0494,12.0846],[15.1382,10.5217],[15.6812,9.9913],[14.1817,9.9782],[13.9459,9.6526],[14.3495,9.1684],[15.0519,8.6438],[15.4407,7.8394],[15.5629,7.7924],[14.7723,6.3183],[14.3873,6.039],[14.6174,5.865],[14.5199,5.2906],[14.6589,5.1645],[14.7173,4.622],[15.1898,4.0631],[15.026,4.0261],[15.0849,3.8858],[16.0924,2.8633],[16.1558,1.7191],[16.0699,1.6546],[15.7068,1.932],[14.8925,2.0064],[14.5621,2.2088],[13.2946,2.1611],[13.1638,2.2832],[11.6573,2.3225],[11.3516,2.3006],[11.3221,2.1658]]]}},{"type":"Feature","properties":{"name":"Gabon"},"geometry":{"type":"MultiPolygon","coordinates":[[[[13.2946,2.1611],[13.1622,1.8998],[13.1296,1.5925],[13.2513,1.3376],[13.1502,1.2566],[13.7947,1.4344],[14.1445,1.3916],[14.4681,0.9132],[14.3288,0.6212],[13.9452,0.3504],[13.8312,-0.2054],[14.49,-0.6009],[14.4045,-1.8931],[14.2401,-1.9823],[14.148,-2.2248],[14.2344,-2.3549],[14.09,-2.4986],[13.8458,-2.4666],[13.9062,-2.3598],[13.7432,-2.0971],[13.4589,-2.441],[12.969,-2.3724],[12.8046,-1.9191],[12.6324,-1.8252],[12.4269,-1.8841],[12.4593,-2.3299],[11.7561,-2.4151],[11.5662,-2.3297],[11.5307,-2.8667],[11.6368,-2.8333],[11.7784,-3.0057],[11.6875,-3.171],[11.9444,-3.3032],[11.825,-3.5712],[11.9055,-3.6435],[11.6876,-3.6987],[11.4826,-3.5093],[11.2125,-3.6973],[11.114,-3.9369],[10.6354,-3.3137],[9.7251,-2.4814],[9.9773,-2.6287],[10.1375,-2.5274],[9.597,-2.3522],[9.2713,-1.8766],[9.5432,-2.0709],[9.5178,-1.9264],[9.2554,-1.8352],[8.9836,-1.2309],[9.2803,-1.6751],[9.5596,-1.6076],[9.4566,-1.4705],[9.2866,-1.5661],[9.3355,-1.2834],[9.1857,-1.4106],[9.03,-1.2991],[8.6956,-0.5866],[8.8444,-0.8002],[8.929,-0.6873],[9.0115,-0.8746],[9.3065,-0.3323],[9.3454,0.3558],[9.488,0.0983],[9.5042,0.188],[9.8122,0.0235],[9.7586,0.1256],[10.0256,0.188],[9.4981,0.291],[9.3057,0.5443],[9.5391,0.6815],[9.464,0.5989],[9.6079,0.4692],[9.5921,1.0144],[9.7451,1.0597],[9.9441,0.9249],[11.3363,0.9992],[11.3516,2.3006],[13.1638,2.2832],[13.2946,2.1611]]]]}},{"type":"Feature","properties":{"name":"Niger"},"geometry":{"type":"Polygon","coordinates":[[[3.5964,11.6958],[2.8443,12.3992],[2.37,12.2363],[2.3902,11.8965],[2.0518,12.3419],[2.245,12.4242],[2.109,12.7056],[1.5639,12.6321],[0.9835,13.0324],[0.9835,13.3684],[1.2687,13.3461],[0.5943,13.6889],[0.1529,14.5467],[0.2213,14.9959],[0.9493,14.9796],[1.3315,15.2836],[3.0002,15.3391],[3.0335,15.4265],[3.5071,15.354],[3.5265,15.496],[3.8461,15.6853],[4.184,16.4161],[4.2286,19.1422],[5.7943,19.4498],[7.4827,20.8726],[11.9689,23.5174],[13.4823,23.1797],[14.2162,22.6163],[14.9799,22.9957],[15.1845,21.4912],[15.6093,20.9507],[15.5702,20.7519],[15.9703,20.3363],[15.736,19.9035],[15.472,16.9167],[14.369,15.7496],[13.8339,15.0196],[13.6579,14.5487],[13.4495,14.439],[13.6073,13.7041],[13.3299,13.7094],[13.2281,13.548],[12.8423,13.4891],[12.4727,13.0642],[11.44,13.3644],[10.675,13.3751],[10.1198,13.2501],[9.5903,12.8014],[8.6793,12.9236],[8.1051,13.2997],[7.824,13.3453],[6.9371,12.9954],[6.3022,13.6638],[5.5218,13.8803],[5.2276,13.7413],[4.8249,13.7707],[4.1258,13.473],[4.0888,12.9962],[3.6416,12.518],[3.5964,11.6958]]]}},{"type":"Feature","properties":{"name":"Burkina Faso"},"geometry":{"type":"Polygon","coordinates":[[[2.3902,11.8965],[2.0108,11.4269],[1.4396,11.4738],[0.9633,10.9741],[0.4876,10.9332],[-0.3017,11.1629],[-0.6348,10.908],[-0.8278,11.0058],[-2.8373,10.998],[-2.9325,10.6343],[-2.7676,10.4212],[-2.7637,9.3919],[-3.2148,9.9156],[-3.755,9.9359],[-4.1503,9.8183],[-4.3712,9.583],[-4.51,9.7451],[-4.6811,9.6821],[-4.9661,9.901],[-5.1192,10.2935],[-5.4025,10.3006],[-5.5226,10.4255],[-5.5042,11.0727],[-5.3325,11.1216],[-5.2183,11.4222],[-5.2871,11.7589],[-5.4124,11.8285],[-4.7613,12.0066],[-4.4061,12.3075],[-4.4853,12.7147],[-4.2119,12.8192],[-4.327,13.1686],[-3.9777,13.4999],[-3.9716,13.3868],[-3.4495,13.1688],[-3.4485,13.2658],[-3.2486,13.2928],[-3.287,13.6978],[-2.8952,13.6516],[-2.8673,14.0005],[-2.5974,14.2223],[-2.0359,14.1812],[-1.9971,14.4707],[-1.6969,14.4961],[-0.7197,15.0785],[0.2185,14.911],[0.1588,14.4961],[0.3888,14.2516],[0.3692,14.0391],[0.5943,13.6889],[1.2687,13.3461],[0.9835,13.3684],[0.9835,13.0324],[1.5639,12.6321],[2.109,12.7056],[2.245,12.4242],[2.0518,12.3419],[2.3902,11.8965]]]}},{"type":"Feature","properties":{"name":"Togo"},"geometry":{"type":"Polygon","coordinates":[[[-0.1661,11.135],[0.4876,10.9332],[0.9015,10.9927],[0.7607,10.3822],[1.3438,9.9624],[1.3264,9.522],[1.5958,9.0768],[1.6442,8.4935],[1.6257,6.9968],[1.5319,6.9919],[1.7824,6.2773],[1.6196,6.2139],[1.1854,6.1005],[0.7457,6.4409],[0.5193,6.8322],[0.6457,7.3236],[0.4956,7.5043],[0.6123,7.6994],[0.5738,8.2039],[0.7128,8.298],[0.3659,8.7743],[0.5056,8.8663],[0.4313,9.0276],[0.5314,9.4011],[0.2268,9.4323],[0.2302,9.5757],[0.3777,9.5894],[0.261,9.6572],[0.3471,9.6632],[0.3966,10.2832],[-0.0881,10.6335],[0.0162,11.0626],[-0.1661,11.135]]]}},{"type":"Feature","properties":{"name":"Ghana"},"geometry":{"type":"Polygon","coordinates":[[[-0.1661,11.135],[0.0162,11.0626],[-0.0881,10.6335],[0.3966,10.2832],[0.3471,9.6632],[0.261,9.6572],[0.3777,9.5894],[0.2302,9.5757],[0.2268,9.4323],[0.5314,9.4011],[0.4313,9.0276],[0.5056,8.8663],[0.3659,8.7743],[0.7128,8.298],[0.5738,8.2039],[0.6123,7.6994],[0.4956,7.5043],[0.6457,7.3236],[0.5161,6.8418],[0.7457,6.4409],[1.1854,6.1005],[0.9548,5.7911],[0.2433,5.7562],[-0.7995,5.2148],[-1.6185,5.0224],[-1.9814,4.7524],[-3.1196,5.0913],[-2.7666,5.161],[-2.7301,5.3732],[-2.7934,5.6081],[-3.0298,5.7043],[-3.2417,6.8109],[-2.9728,7.215],[-2.7906,7.9433],[-2.5063,8.2093],[-2.6194,8.9236],[-2.7748,9.055],[-2.6598,9.2729],[-2.7953,9.72],[-2.7676,10.4212],[-2.9325,10.6343],[-2.8373,10.998],[-0.8278,11.0058],[-0.6348,10.908],[-0.3017,11.1629],[-0.1661,11.135]]]}},{"type":"Feature","properties":{"name":"Guinea-Bissau"},"geometry":{"type":"MultiPolygon","coordinates":[[[[-13.7283,12.6734],[-13.695,12.2929],[-13.9725,12.1516],[-13.7239,12.0028],[-13.7299,11.7098],[-14.7111,11.4976],[-15.0852,10.9276],[-15.0009,11.2168],[-15.2301,10.9948],[-15.2066,11.2338],[-15.2335,11.1225],[-15.3582,11.1442],[-15.4261,11.2865],[-15.2681,11.433],[-15.5071,11.3579],[-15.2811,11.6248],[-15.0073,11.6118],[-15.228,11.6586],[-15.2265,11.7551],[-15.4387,11.5571],[-15.4263,11.6937],[-15.5514,11.7331],[-15.4387,11.8854],[-15.0899,11.9401],[-14.9359,11.753],[-15.0702,11.8607],[-15.0072,11.9783],[-15.4263,11.9612],[-15.8304,11.7484],[-15.7956,11.8854],[-15.959,11.7348],[-15.8653,11.9722],[-15.7137,12.0158],[-16.1246,11.8854],[-16.3551,12.0873],[-16.0631,12.351],[-16.4576,12.1719],[-16.7284,12.3325],[-15.677,12.4393],[-15.1951,12.6794],[-13.7283,12.6734]]],[[[-15.9464,11.2003],[-15.8776,11.0736],[-15.9782,11.0481],[-15.9464,11.2003]]],[[[-16.0489,11.1183],[-16.132,11.029],[-16.248,11.1047],[-16.1,11.2082],[-16.0489,11.1183]]],[[[-16.173,11.2208],[-16.2816,11.2426],[-16.2065,11.3101],[-16.173,11.2208]]],[[[-16.2755,11.4955],[-16.4263,11.5292],[-16.248,11.5838],[-16.2755,11.4955]]],[[[-16.0221,11.5122],[-15.9396,11.6049],[-15.898,11.4535],[-16.0352,11.42],[-16.0221,11.5122]]],[[[-16.1655,11.8712],[-15.9856,11.8874],[-16.0414,11.7551],[-16.1655,11.8712]]]]}},{"type":"Feature","properties":{"name":"United States of America"},"geometry":{"type":"MultiPolygon","coordinates":[[[[-122.753,48.9925],[-95.1771,48.9927],[-95.1606,49.3695],[-94.8391,49.3089],[-94.5929,48.7264],[-93.8749,48.6362],[-93.7568,48.5165],[-92.9797,48.6177],[-92.6486,48.5363],[-92.7189,48.4598],[-92.4906,48.4331],[-92.3719,48.2226],[-92.0705,48.3467],[-91.5748,48.0482],[-90.8738,48.2343],[-90.7503,48.084],[-89.3636,47.9796],[-88.3765,48.3051],[-84.8787,46.8979],[-84.5666,46.4612],[-84.1104,46.5265],[-83.9646,46.0632],[-83.6139,46.1156],[-83.4628,46.0078],[-83.6369,45.7739],[-82.5483,45.3346],[-82.1457,43.5764],[-82.5262,42.6199],[-83.08,42.3051],[-83.1595,42.0463],[-83.0684,41.8477],[-82.6669,41.6691],[-82.4249,41.6768],[-81.2767,42.2087],[-80.2466,42.3655],[-79.0194,42.8027],[-78.9091,42.9302],[-79.1743,43.4645],[-78.7508,43.6171],[-76.8415,43.6255],[-76.3278,44.1815],[-74.9037,45.0052],[-71.5041,45.0137],[-71.3343,45.2887],[-70.9932,45.3478],[-70.8924,45.2346],[-70.2625,45.923],[-70.2809,46.2119],[-70.0078,46.7041],[-69.2373,47.4588],[-69.0697,47.4319],[-69.0575,47.2695],[-68.9062,47.1902],[-68.2997,47.3678],[-67.8136,47.0819],[-67.807,45.7129],[-67.4313,45.5979],[-67.4713,45.2663],[-67.176,45.1787],[-67.0401,44.9732],[-67.2034,44.9049],[-66.9773,44.8155],[-67.1965,44.6442],[-67.5544,44.6441],[-67.6035,44.5281],[-67.8284,44.5843],[-68.0605,44.3283],[-68.202,44.5251],[-68.4093,44.4046],[-68.4782,44.4934],[-68.5414,44.2373],[-68.8208,44.3146],[-68.6993,44.4097],[-68.8162,44.4021],[-68.8016,44.5603],[-68.9866,44.4212],[-68.9375,44.332],[-69.1914,43.9522],[-69.3643,44.0605],[-69.5476,43.8349],[-69.534,44.021],[-69.5924,43.8077],[-69.6296,44.0273],[-69.758,43.7595],[-69.7747,44.06],[-69.8828,43.9766],[-69.8282,43.6983],[-69.8691,43.8696],[-70.0275,43.7399],[-69.9994,43.8615],[-70.2869,43.6505],[-70.2049,43.5611],[-70.7334,43.1204],[-70.8638,42.8262],[-70.597,42.6345],[-70.878,42.5375],[-71.0468,42.3215],[-70.7418,42.2357],[-70.5908,42.0173],[-70.7148,42.0027],[-70.3352,41.7192],[-70.0001,41.8163],[-70.0999,42.0374],[-70.2468,42.0615],[-70.0812,42.0584],[-69.9389,41.6742],[-70.6587,41.5213],[-70.6236,41.7294],[-70.7104,41.748],[-71.1859,41.4687],[-71.1107,41.7971],[-71.2604,41.6511],[-71.3913,41.8188],[-71.4977,41.3663],[-72.91,41.3051],[-73.8938,40.8039],[-73.9759,41.2922],[-73.9181,40.9315],[-74.2827,40.4973],[-73.9792,40.4493],[-74.093,39.7763],[-74.1221,39.9973],[-74.1676,39.6994],[-74.2974,39.5086],[-74.4072,39.557],[-74.4134,39.3571],[-74.6421,39.3067],[-74.5506,39.2827],[-74.9547,38.9264],[-74.9063,39.1796],[-75.1465,39.1871],[-75.5582,39.6135],[-75.0236,40.0163],[-75.5922,39.6492],[-75.3938,39.0556],[-75.0843,38.796],[-75.0648,38.6326],[-75.1392,38.6881],[-75.2079,38.5695],[-75.0601,38.6125],[-75.0447,38.425],[-75.0788,38.3367],[-75.0627,38.4573],[-75.1795,38.4084],[-75.1044,38.3162],[-75.8187,37.4542],[-75.9491,37.125],[-75.9347,37.5764],[-75.6331,37.96],[-75.875,37.9511],[-75.743,38.1108],[-75.9405,38.1354],[-75.8187,38.2337],[-75.9066,38.271],[-75.8433,38.4044],[-76.0379,38.2325],[-76.319,38.4739],[-76.172,38.5662],[-76.2774,38.6247],[-75.9702,38.6066],[-76.288,38.7755],[-76.3413,38.6732],[-76.3047,38.8227],[-76.1731,38.7566],[-76.1061,38.878],[-76.2472,38.9512],[-76.3747,38.8416],[-76.3153,39.0294],[-76.1976,38.9793],[-76.0651,39.1461],[-76.2426,39.0333],[-76.175,39.3162],[-75.8392,39.3715],[-76.0343,39.3929],[-75.8392,39.4608],[-75.8317,39.5844],[-76.0007,39.4528],[-75.9347,39.6042],[-76.083,39.5578],[-76.2097,39.3647],[-76.2325,39.4745],[-76.2842,39.3106],[-76.4015,39.3925],[-76.4492,39.195],[-76.6232,39.2597],[-76.3942,39.0246],[-76.5712,39.0386],[-76.4524,38.9439],[-76.5686,38.9525],[-76.5503,38.7551],[-76.3819,38.3846],[-76.4536,38.3241],[-76.6365,38.4742],[-76.6815,38.6794],[-76.6736,38.4861],[-76.3734,38.2989],[-76.3239,38.0438],[-76.4561,38.207],[-76.5172,38.1318],[-76.8042,38.2536],[-76.8807,38.3989],[-76.8392,38.2572],[-76.9222,38.2916],[-77.0316,38.4814],[-77.2553,38.3935],[-77.2275,38.5569],[-77.0125,38.6974],[-77.0683,38.9019],[-77.0478,38.7157],[-77.2299,38.6567],[-77.3431,38.3487],[-77.0408,38.3959],[-76.9542,38.2102],[-76.6146,38.1504],[-76.2479,37.9035],[-76.3047,37.6379],[-76.505,37.6569],[-77.1339,38.166],[-76.552,37.6268],[-76.2842,37.5696],[-76.3934,37.5331],[-76.2701,37.5174],[-76.2576,37.3355],[-76.4152,37.4427],[-76.3719,37.288],[-76.496,37.2491],[-76.7982,37.5044],[-76.2699,37.0693],[-76.4154,36.9726],[-76.8602,37.3231],[-77.2743,37.3164],[-76.67,37.185],[-76.5244,36.8632],[-76.0046,36.9324],[-75.5238,35.7944],[-75.7195,36.01],[-75.9469,36.7185],[-75.9011,36.496],[-76.0446,36.5895],[-76.0372,36.5008],[-75.7855,36.0816],[-75.9617,36.307],[-75.9081,36.165],[-76.1988,36.3227],[-76.0635,36.162],[-76.463,36.206],[-76.3115,36.0961],[-76.5773,36.0124],[-76.7298,36.3227],[-76.7298,35.9453],[-76.0483,35.9837],[-76.1242,35.7946],[-76.0372,35.6988],[-76.1409,35.6988],[-76.0372,35.651],[-75.8529,35.98],[-75.7218,35.8292],[-75.7839,35.5759],[-75.8863,35.6374],[-76.1504,35.3472],[-76.3736,35.3432],[-76.4183,35.4645],[-76.4984,35.3913],[-76.5752,35.4975],[-76.463,35.5412],[-76.6473,35.5207],[-76.5998,35.3951],[-77.052,35.5344],[-76.4704,35.2706],[-76.7645,34.9892],[-77.0793,35.157],[-76.9403,34.9798],[-76.5399,34.9321],[-76.4538,35.0734],[-76.4618,34.9406],[-76.2699,34.9726],[-76.3463,34.8832],[-76.5128,34.7344],[-76.616,34.8161],[-76.633,34.7092],[-76.6852,34.8007],[-77.0933,34.677],[-77.1317,34.7624],[-77.3365,34.5611],[-77.4356,34.7535],[-77.3789,34.5272],[-77.7305,34.3159],[-77.942,33.9305],[-77.9626,34.1911],[-78.0178,33.8963],[-78.3747,33.9509],[-78.7633,33.7786],[-79.1835,33.2179],[-79.272,33.3173],[-79.1896,33.437],[-79.2771,33.3591],[-79.1835,33.1838],[-79.387,33.0173],[-79.5848,33.0138],[-79.8287,32.7628],[-79.9438,32.8515],[-79.8873,32.6881],[-80.2659,32.6214],[-80.2045,32.5606],[-80.3232,32.4884],[-80.6698,32.5211],[-80.4782,32.4781],[-80.5875,32.4569],[-80.4584,32.4232],[-80.5471,32.3471],[-80.4298,32.4098],[-80.5533,32.2788],[-80.855,32.5395],[-80.6778,32.2147],[-80.8208,32.1081],[-80.788,32.2358],[-80.9582,31.8793],[-81.1182,31.9077],[-81.1055,31.7427],[-81.2733,31.7655],[-81.1963,31.7176],[-81.3257,31.3489],[-81.4924,31.3677],[-81.2677,31.2587],[-81.386,31.1417],[-81.4548,31.206],[-81.5334,30.8537],[-81.2938,29.8941],[-80.5282,28.4726],[-80.5922,28.2079],[-80.4509,27.8664],[-80.6199,28.207],[-80.6004,28.6003],[-80.7659,28.6123],[-80.8481,28.7906],[-80.8282,28.6614],[-80.1978,27.196],[-80.3143,27.2426],[-80.1488,27.1383],[-80.0382,26.8112],[-80.1288,25.7753],[-80.1406,25.9008],[-80.3069,25.6182],[-80.4025,25.1862],[-81.102,25.1247],[-81.13,25.3445],[-80.9172,25.2458],[-81.1413,25.3848],[-81.3485,25.8168],[-81.732,25.9205],[-81.8559,26.4489],[-82.0087,26.4845],[-81.7804,26.715],[-82.0391,26.5279],[-82.097,26.9094],[-81.9784,26.9962],[-82.1552,26.9276],[-82.2738,27.016],[-82.1503,26.8032],[-82.3138,26.8494],[-82.7292,27.5147],[-82.5892,27.5032],[-82.4217,27.9172],[-82.5271,27.8248],[-82.691,28.0377],[-82.7189,27.9278],[-82.5619,27.8862],[-82.654,27.6951],[-82.8151,27.8322],[-82.7189,27.6597],[-82.8424,27.8285],[-82.6336,28.8876],[-82.8009,29.1747],[-83.0407,29.1801],[-83.6806,29.9213],[-84.2091,30.1071],[-84.4661,29.9897],[-84.3773,29.8874],[-85.3461,29.6784],[-85.3565,29.8887],[-85.6796,30.1343],[-85.395,30.0556],[-85.7205,30.1958],[-85.5868,30.3261],[-85.8544,30.2648],[-85.7205,30.1343],[-86.5109,30.4076],[-86.1174,30.3793],[-86.2071,30.5049],[-87.1941,30.3603],[-86.8938,30.4389],[-87.0296,30.6073],[-87.0774,30.4497],[-87.1806,30.5847],[-87.3288,30.3197],[-87.5292,30.2777],[-87.3456,30.4277],[-87.4268,30.4831],[-87.5902,30.2754],[-88.0301,30.2238],[-87.7642,30.2795],[-88.0301,30.7377],[-88.1377,30.3198],[-88.9276,30.4422],[-89.3319,30.3771],[-89.5959,30.1559],[-90.1894,30.3908],[-90.405,30.2202],[-90.4141,30.1066],[-90.1684,30.0245],[-89.6674,30.164],[-89.8404,30.0114],[-89.6645,29.8755],[-89.4862,30.0764],[-89.366,30.0487],[-89.4547,29.9764],[-89.3453,29.7917],[-89.6015,29.7348],[-89.4825,29.6341],[-89.7569,29.6341],[-89.5399,29.3978],[-89.1971,29.3535],[-89.0102,29.1747],[-89.1337,28.9962],[-89.2477,29.1059],[-89.4136,28.9284],[-89.2762,29.1601],[-89.3837,29.0878],[-89.4552,29.2505],[-89.8181,29.3162],[-89.8163,29.4744],[-90.182,29.5795],[-90.0176,29.2983],[-90.2292,29.0867],[-90.2608,29.2695],[-90.3937,29.2431],[-90.4344,29.3572],[-90.6028,29.3076],[-90.6407,29.1406],[-90.884,29.1338],[-91.328,29.2949],[-91.223,29.3802],[-91.1131,29.271],[-91.2284,29.6081],[-91.2987,29.4838],[-91.5593,29.5385],[-91.6379,29.7421],[-91.8585,29.7191],[-91.8475,29.8312],[-92.2024,29.7644],[-92.0249,29.6273],[-92.3143,29.5344],[-93.1996,29.7728],[-93.831,29.7001],[-93.8937,29.7908],[-93.76,29.9606],[-93.8541,29.9866],[-93.8758,29.675],[-94.7628,29.3665],[-94.486,29.5661],[-94.779,29.5299],[-94.7341,29.7822],[-94.9196,29.6553],[-95.0523,29.7497],[-95.0239,29.5422],[-94.8211,29.374],[-95.1705,29.2089],[-95.1589,29.0457],[-96.2189,28.4895],[-95.9878,28.6448],[-96.2265,28.5871],[-96.1881,28.6909],[-96.3458,28.6353],[-96.4448,28.7639],[-96.3697,28.6267],[-96.4932,28.5789],[-96.6509,28.7297],[-96.5476,28.4693],[-96.4038,28.4349],[-96.6537,28.3195],[-96.7933,28.4797],[-96.8802,28.1506],[-96.9103,28.2636],[-96.973,28.1339],[-97.1732,28.159],[-97.1491,28.0055],[-97.0211,28.1003],[-97.1841,27.8366],[-97.5211,27.8732],[-97.2596,27.6951],[-97.4112,27.335],[-97.6302,27.3002],[-97.7743,27.4685],[-97.6676,27.3109],[-97.7606,27.2791],[-97.4261,27.2637],[-97.562,26.8379],[-97.2556,25.9989],[-97.1518,26.075],[-97.1375,25.9745],[-97.366,25.8439],[-97.6599,26.0307],[-98.2227,26.0754],[-99.1064,26.423],[-99.4617,27.057],[-99.515,27.5886],[-100.2751,28.2772],[-100.669,29.1162],[-101.4051,29.7784],[-102.321,29.8939],[-102.691,29.7368],[-102.8588,29.2291],[-103.1228,28.9965],[-103.3866,29.0288],[-104.5166,29.6543],[-104.9343,30.6105],[-106.2092,31.4773],[-106.3918,31.7459],[-108.2151,31.7778],[-108.2148,31.3274],[-111.0671,31.3336],[-114.8221,32.5002],[-114.7243,32.7128],[-117.1251,32.5317],[-117.5088,33.3352],[-118.1174,33.7436],[-118.412,33.7417],[-118.5141,34.0222],[-119.1287,34.1005],[-119.5632,34.4148],[-120.4541,34.4428],[-120.6366,34.5629],[-120.6449,35.1394],[-120.8767,35.2238],[-120.8873,35.4329],[-121.2883,35.6648],[-121.8997,36.3044],[-121.9811,36.5837],[-121.7637,36.7221],[-121.8042,36.836],[-122.3393,37.1186],[-122.5205,37.5314],[-122.5152,37.7811],[-122.4086,37.8104],[-122.3741,37.6042],[-122.0321,37.4634],[-122.3315,37.7824],[-122.3663,38.0123],[-121.69,38.0091],[-121.6067,38.0994],[-121.4454,38.0039],[-121.6041,38.1058],[-121.7787,38.036],[-121.6826,38.1472],[-122.1303,38.0421],[-122.3965,38.1532],[-122.5023,38.1135],[-122.4388,37.8821],[-122.5284,37.8164],[-122.9201,38.0653],[-123.0275,37.9945],[-122.9963,38.2427],[-122.8323,38.0959],[-123.7262,38.9186],[-123.854,39.8335],[-124.3635,40.2615],[-124.4092,40.4438],[-124.0874,40.8252],[-124.2328,40.7666],[-124.0683,41.5393],[-124.2629,41.7764],[-124.2037,41.9712],[-124.3596,42.113],[-124.3999,42.6157],[-124.5668,42.834],[-124.4013,43.3101],[-124.14,43.3753],[-124.2087,43.4522],[-124.3352,43.3653],[-124.0702,43.7117],[-124.2029,43.6808],[-123.8711,45.6979],[-123.9811,45.7603],[-124.0227,46.2308],[-123.7987,46.1024],[-123.8654,46.1865],[-123.5366,46.234],[-123.1801,46.1791],[-124.0802,46.2717],[-124.0629,46.6549],[-123.9581,46.3782],[-123.8406,46.4158],[-123.9564,46.6231],[-123.764,46.6784],[-124.0934,46.7432],[-124.1268,46.8985],[-124.0213,46.8323],[-123.8131,46.959],[-124.1169,47.0429],[-124.1785,46.9255],[-124.4228,47.7419],[-124.672,47.9907],[-124.7275,48.3877],[-123.971,48.1656],[-123.1083,48.1838],[-122.8733,47.9937],[-122.7702,48.1411],[-122.6201,47.8776],[-122.8004,47.6799],[-122.8564,47.8261],[-123.1613,47.3568],[-122.8392,47.432],[-123.1105,47.4051],[-122.571,47.8198],[-122.6132,47.946],[-122.5281,47.9055],[-122.4684,47.7565],[-122.661,47.7305],[-122.5922,47.5827],[-122.6969,47.6231],[-122.5079,47.5203],[-122.5685,47.2641],[-122.6863,47.3012],[-122.6331,47.4046],[-122.7728,47.1731],[-122.8057,47.3978],[-123.0788,47.1303],[-122.7225,47.0893],[-122.5375,47.3159],[-122.3285,47.3571],[-122.4044,47.7976],[-122.1917,48.0263],[-122.3756,48.2132],[-122.4695,48.1771],[-122.348,48.0543],[-122.5104,48.1474],[-122.534,48.2497],[-122.3859,48.3038],[-122.6835,48.4302],[-122.4889,48.4549],[-122.567,48.5854],[-122.4403,48.5807],[-122.5086,48.7557],[-122.6673,48.7319],[-122.753,48.9925]]],[[[-141.0056,69.6509],[-140.9949,60.3044],[-140.0158,60.1874],[-139.6798,60.3268],[-139.0795,60.341],[-139.1821,60.0734],[-137.6114,59.2393],[-137.4869,58.9001],[-136.5695,59.1722],[-136.4676,59.4616],[-136.275,59.4864],[-136.3503,59.5924],[-136.2585,59.6216],[-135.4828,59.7925],[-135.0879,59.6065],[-134.9578,59.281],[-134.6921,59.2352],[-133.3922,58.4039],[-132.231,57.1968],[-132.3412,57.0804],[-132.0319,57.0284],[-132.1074,56.8588],[-131.8716,56.7935],[-131.8256,56.5933],[-130.0715,56.0841],[-130.0196,55.908],[-130.1737,55.7495],[-129.9892,55.284],[-130.6913,54.7626],[-130.7436,54.9663],[-130.8319,54.7654],[-131.0097,55.0054],[-130.7203,55.081],[-130.4616,55.3319],[-130.7599,55.097],[-131.057,55.1263],[-130.9247,55.294],[-130.6125,55.2971],[-130.8619,55.3122],[-130.9204,55.8105],[-131.1964,55.9714],[-131.0097,56.1126],[-131.9147,55.8594],[-131.7638,55.7973],[-131.8805,55.5987],[-132.004,55.6676],[-131.9614,55.501],[-132.1716,55.5885],[-132.2662,55.7563],[-132.0462,55.8173],[-131.963,56.1574],[-131.4895,56.2225],[-131.9078,56.2327],[-132.3449,56.529],[-132.305,56.6402],[-132.5402,56.6315],[-132.3597,56.8184],[-132.7614,56.8458],[-132.922,56.9829],[-132.7677,56.9697],[-132.7954,57.0927],[-132.8777,57.0213],[-133.552,57.1815],[-133.0381,57.3671],[-133.4195,57.3439],[-133.3359,57.4382],[-133.4974,57.5316],[-133.3131,57.593],[-133.5914,57.5746],[-133.6483,57.7028],[-133.004,57.5179],[-133.5289,57.7509],[-133.552,57.9151],[-133.1241,57.8571],[-133.5543,57.9294],[-133.6864,57.7907],[-133.8612,57.9567],[-133.6914,57.942],[-133.6824,58.1553],[-133.8644,57.987],[-134.0597,58.0722],[-134.0045,58.4086],[-133.7718,58.5246],[-133.9766,58.5048],[-134.1579,58.2043],[-134.7562,58.3815],[-134.9914,58.6829],[-134.9157,58.6556],[-134.9504,58.8201],[-135.0255,58.7375],[-135.149,58.8437],[-135.3483,59.4706],[-135.4144,59.3006],[-135.5538,59.3198],[-135.3074,59.087],[-135.5538,59.2304],[-135.1627,58.6345],[-135.0938,58.2373],[-135.3505,58.2768],[-135.4849,58.484],[-135.478,58.3738],[-135.9094,58.3813],[-135.8207,58.6003],[-136.0739,58.8126],[-135.773,58.9045],[-136.0465,58.861],[-136.1574,59.0376],[-136.2247,58.9225],[-136.0999,58.8537],[-136.2097,58.7508],[-136.4752,58.8366],[-136.4923,58.9709],[-136.712,59.0256],[-136.6335,58.8918],[-137.0461,59.069],[-136.9037,58.9324],[-137.1297,58.8263],[-136.5876,58.8483],[-136.5159,58.7024],[-136.3426,58.6916],[-136.5257,58.614],[-136.293,58.6693],[-136.0623,58.4743],[-136.0573,58.3595],[-136.2728,58.313],[-136.5059,58.4427],[-136.5611,58.3738],[-136.3706,58.2995],[-136.6205,58.3539],[-136.5611,58.2578],[-136.6648,58.2204],[-137.6315,58.6062],[-137.4577,58.6723],[-137.6706,58.6332],[-138.2879,59.0808],[-138.61,59.128],[-138.4491,59.1916],[-138.6305,59.1422],[-139.857,59.5463],[-139.4801,59.7044],[-139.6211,59.8903],[-139.4732,59.9936],[-139.3052,59.8647],[-139.2899,59.5762],[-139.2804,59.8337],[-138.8974,59.8132],[-139.5209,60.0515],[-139.849,59.8194],[-140.3227,59.7012],[-141.454,59.8821],[-141.2673,59.9556],[-141.3777,60.1422],[-141.4776,60.1111],[-141.3929,60.022],[-141.6735,59.9611],[-142.7985,60.1124],[-144.2496,60.0323],[-144.0026,60.0397],[-144.1964,60.2056],[-144.9416,60.3066],[-144.7606,60.6728],[-144.6228,60.717],[-145.2695,60.3571],[-145.9388,60.4561],[-145.629,60.6791],[-146.2388,60.6347],[-146.0434,60.801],[-146.6957,60.7448],[-146.0931,60.841],[-146.6283,60.8273],[-146.7354,60.9239],[-146.5858,60.9447],[-146.6998,60.9769],[-146.5705,61.0307],[-146.6479,61.0738],[-146.278,61.1227],[-146.6094,61.1308],[-146.9767,60.9458],[-147.2879,61.007],[-147.3646,60.8913],[-147.4226,61.0124],[-147.5421,60.9133],[-147.5611,61.1559],[-147.6653,61.0146],[-147.599,60.8691],[-147.7277,60.9476],[-147.7956,60.8274],[-148.0504,60.9501],[-147.7305,61.2799],[-148.0494,61.0266],[-148.1459,61.1179],[-148.4095,61.0601],[-148.1488,61.0601],[-148.3331,60.9714],[-148.3329,60.8194],[-148.7037,60.7927],[-148.4498,60.8001],[-148.6675,60.6745],[-148.3747,60.7796],[-148.4299,60.6287],[-148.2307,60.7728],[-148.1966,60.6287],[-148.6899,60.4572],[-148.4702,60.5462],[-148.2375,60.4575],[-148.0836,60.6049],[-147.9359,60.4612],[-148.3909,60.2774],[-148.443,60.1837],[-148.1003,60.2209],[-148.3331,60.1701],[-148.4354,59.9593],[-149.1069,59.969],[-149.1031,60.0581],[-149.2859,59.8747],[-149.4087,60.1237],[-149.3889,59.9975],[-149.6279,59.8283],[-149.5267,59.7176],[-149.7247,59.9641],[-149.8681,59.848],[-149.7461,59.6672],[-150.0317,59.7993],[-149.9165,59.7176],[-150.0127,59.6282],[-150.1193,59.7003],[-150.0878,59.5947],[-150.348,59.47],[-150.2244,59.7154],[-150.4795,59.4674],[-150.4925,59.6009],[-150.657,59.5525],[-150.6093,59.4387],[-150.9586,59.2037],[-151.2435,59.3184],[-151.1463,59.2095],[-151.8931,59.2206],[-151.9867,59.2928],[-151.8152,59.3539],[-151.894,59.4128],[-151.3822,59.4448],[-151.4415,59.5322],[-150.9928,59.779],[-151.4105,59.6077],[-151.8718,59.7495],[-151.306,60.3869],[-151.3969,60.738],[-150.387,61.0473],[-150.2253,60.9372],[-149.0258,60.8547],[-150.0673,61.1557],[-149.2611,61.4866],[-149.4282,61.5132],[-149.7574,61.4534],[-149.9838,61.2463],[-150.4996,61.2617],[-150.5403,61.3693],[-151.5668,60.9945],[-151.8077,60.8479],[-151.7114,60.7257],[-152.0514,60.6732],[-152.3296,60.4925],[-152.2459,60.396],[-152.5963,60.2285],[-153.0826,60.2998],[-152.5786,60.0812],[-152.7189,59.9156],[-153.2434,59.8625],[-153.0001,59.8132],[-153.2366,59.6479],[-153.4252,59.6494],[-153.3222,59.7176],[-153.4526,59.7927],[-153.4907,59.6501],[-153.7064,59.632],[-153.5864,59.5675],[-153.8771,59.5463],[-153.7515,59.4403],[-154.1453,59.3812],[-153.9534,59.3613],[-154.2613,59.1484],[-154.1651,59.0256],[-153.7115,59.0707],[-153.2642,58.8574],[-154.1105,58.4775],[-154.0043,58.3813],[-154.3644,58.2851],[-154.1213,58.2797],[-154.3023,58.1963],[-154.2468,58.1264],[-154.4941,58.2031],[-154.5831,58.025],[-155.0231,58.0256],[-155.0687,57.8974],[-155.337,57.8332],[-155.3103,57.7404],[-155.6051,57.7922],[-155.7416,57.5521],[-156.0205,57.5768],[-156.0607,57.4302],[-156.5446,57.3227],[-156.34,57.2853],[-156.4474,57.2299],[-156.3759,57.1433],[-156.6454,57.0586],[-156.5498,56.9829],[-156.7848,57.0491],[-156.8094,56.9067],[-156.9613,56.9766],[-157.1894,56.7763],[-157.4197,56.8674],[-157.4063,56.7637],[-157.6056,56.7222],[-157.4827,56.6203],[-157.7729,56.6844],[-158.1276,56.5495],[-157.869,56.569],[-157.8771,56.4782],[-158.431,56.4381],[-158.6464,56.2707],[-158.473,56.3428],[-158.2082,56.2839],[-158.4144,56.2021],[-158.1195,56.2362],[-158.4097,56.1808],[-158.5032,56.1016],[-158.4276,56.0065],[-158.6047,56.0523],[-158.4792,56.1915],[-158.6396,56.2021],[-158.6829,55.9584],[-158.8594,56.0129],[-159.4217,55.7905],[-159.545,55.8896],[-159.6265,55.5783],[-159.7569,55.5987],[-159.617,55.6352],[-159.7097,55.6676],[-159.6252,55.8127],[-159.8458,55.8512],[-160.1641,55.6571],[-160.4421,55.6466],[-160.3664,55.6055],[-160.4952,55.4862],[-160.6135,55.6055],[-160.7681,55.5454],[-160.6834,55.4647],[-160.9246,55.5191],[-161.2792,55.3549],[-161.5067,55.3638],[-161.4792,55.4849],[-161.1449,55.535],[-161.6208,55.613],[-161.9024,55.2178],[-162.046,55.2356],[-162.0013,55.0932],[-162.1013,55.1679],[-162.2021,55.0399],[-162.4493,55.0403],[-162.5174,55.1147],[-162.3607,55.1053],[-162.6453,55.3],[-162.7183,55.2179],[-162.5599,54.9612],[-162.6495,55.053],[-162.8776,54.939],[-163.1831,55.1391],[-163.2055,55.019],[-163.0499,54.9418],[-163.3414,54.8111],[-163.246,54.97],[-163.3345,55.1195],[-162.4971,55.374],[-162.6047,55.4299],[-161.8,55.8897],[-161.1553,56.017],[-161.3675,55.9556],[-160.8741,55.9931],[-161.0234,55.8908],[-160.799,55.7154],[-160.6619,55.7328],[-160.7845,55.8877],[-160.2435,55.7768],[-160.5799,55.9897],[-160.1887,56.3869],[-158.8892,56.8896],[-159.0107,56.7888],[-158.6396,56.7637],[-158.6821,57.022],[-158.3124,57.3149],[-157.7578,57.5643],[-157.4138,57.4899],[-157.5954,57.4932],[-157.7099,57.6525],[-157.6055,58.1052],[-157.1395,58.1684],[-157.4827,58.2304],[-157.5621,58.3637],[-156.9409,58.7375],[-157.078,58.7574],[-156.7832,59.1552],[-157.0845,58.8867],[-158.2034,58.613],[-158.5577,58.8065],[-158.4975,58.994],[-157.9954,58.9083],[-158.5441,59.1758],[-158.4621,59.0528],[-158.7295,58.8736],[-158.8253,58.9771],[-158.788,58.7698],[-158.9146,58.7754],[-158.7087,58.4923],[-158.8817,58.3996],[-159.6609,58.8394],[-159.6175,58.9313],[-159.9061,58.7654],[-160.3289,58.9414],[-160.2551,58.9903],[-160.3522,59.0707],[-160.8337,58.8125],[-161.3061,58.8126],[-161.3013,58.6818],[-161.7075,58.5612],[-162.1761,58.6449],[-161.6774,58.7735],[-161.7747,58.7705],[-161.8558,59.0338],[-161.5692,59.1151],[-161.9741,59.1314],[-162.0387,59.2894],[-161.7139,59.5014],[-162.2098,60.0255],[-162.2514,60.2014],[-162.149,60.2452],[-162.2902,60.2425],[-162.2287,60.1456],[-162.3172,60.1131],[-162.4586,60.2951],[-162.2241,60.5878],[-161.8815,60.7039],[-162.1832,60.7311],[-162.1234,60.6589],[-162.416,60.3824],[-162.7033,60.2657],[-162.4503,60.1911],[-162.5258,59.9975],[-163.3165,59.8303],[-164.0983,59.8337],[-164.2123,59.955],[-164.1147,60.005],[-164.4127,60.0918],[-164.6492,60.3339],[-165.1014,60.4067],[-164.9856,60.5468],[-165.4312,60.553],[-164.9992,60.7114],[-164.8749,60.8488],[-164.9374,60.9365],[-164.2708,60.7879],[-164.2184,60.6902],[-164.4204,60.5543],[-163.9556,60.7799],[-163.6865,60.5897],[-163.409,60.7523],[-163.9304,60.8547],[-163.5636,60.9133],[-163.7041,60.9997],[-164.0071,60.8622],[-165.1708,60.9416],[-164.7665,61.1086],[-165.0587,61.0629],[-165.191,61.1365],[-165.0607,61.2185],[-165.1433,61.2594],[-165.1568,61.1557],[-165.3627,61.2128],[-164.7241,61.6256],[-165.2941,61.3345],[-165.2258,61.2731],[-165.3902,61.2246],[-165.3737,61.0716],[-165.6051,61.1245],[-165.61,61.2873],[-165.8768,61.3366],[-165.777,61.5158],[-166.1999,61.5945],[-166.1444,61.7255],[-166.1164,61.6361],[-165.7664,61.6908],[-166.1028,61.8211],[-165.5882,61.8621],[-165.7504,61.9844],[-165.7056,62.1166],[-165.133,62.5157],[-164.5819,62.4262],[-164.858,62.5636],[-164.4791,62.7459],[-164.8132,62.6202],[-164.89,62.7869],[-164.7665,62.8012],[-164.8832,62.8415],[-164.6907,63.0271],[-164.314,63.0141],[-164.5952,63.1301],[-164.4235,63.209],[-163.7292,63.2168],[-163.5418,63.1288],[-163.8069,62.9862],[-163.5286,63.1167],[-163.094,63.0574],[-162.3094,63.5466],[-162.0181,63.4858],[-162.1689,63.4312],[-161.0565,63.5744],[-160.767,63.8241],[-160.9735,64.2505],[-161.1888,64.4181],[-161.5389,64.3976],[-161.4139,64.5375],[-161.035,64.5078],[-160.7916,64.7259],[-161.1553,64.9252],[-161.0201,64.9472],[-161.5458,64.7509],[-161.8064,64.8227],[-162.7813,64.3437],[-162.8275,64.5006],[-163.149,64.6583],[-163.3898,64.5969],[-163.0397,64.5211],[-163.1659,64.4106],[-163.6785,64.5863],[-165.0355,64.4483],[-166.1897,64.5852],[-166.4835,64.7296],[-166.3902,64.8985],[-166.9574,65.1781],[-166.8802,65.282],[-166.9321,65.1689],[-166.7126,65.1129],[-166.3713,65.2725],[-166.0312,65.2431],[-167.3986,65.4011],[-168.1374,65.665],[-167.5312,65.7261],[-167.561,65.8089],[-167.3459,65.8986],[-167.0599,65.8776],[-166.3109,66.1754],[-165.5001,66.1523],[-165.874,66.2256],[-165.7664,66.3236],[-164.2744,66.6023],[-163.6287,66.57],[-163.9301,66.5858],[-163.7624,66.5258],[-163.8547,66.2895],[-164.1911,66.1933],[-163.9175,66.2107],[-163.7591,66.0902],[-161.8207,65.9803],[-161.5059,66.2789],[-161.1057,66.2504],[-161.1826,66.1243],[-161.0933,66.1243],[-160.997,66.241],[-161.2603,66.3692],[-161.7446,66.4055],[-161.9119,66.2789],[-161.8884,66.5244],[-162.5046,66.7498],[-162.6387,66.8996],[-162.4848,66.9604],[-162.3066,66.9529],[-162.0168,66.781],[-162.066,66.6531],[-161.6338,66.458],[-161.2042,66.5386],[-160.7654,66.3704],[-160.2285,66.4121],[-160.275,66.6546],[-161.1361,66.6519],[-161.4954,66.5367],[-161.902,66.7351],[-161.7307,66.9536],[-161.5252,66.9914],[-162.4569,66.9946],[-162.3601,67.1674],[-162.5804,67.015],[-163.725,67.1113],[-163.824,67.3546],[-164.1515,67.6196],[-166.2966,68.2996],[-166.829,68.3514],[-166.3151,68.406],[-166.2226,68.8858],[-164.3464,68.9294],[-163.6225,69.1192],[-163.1258,69.39],[-163.149,69.6058],[-162.9384,69.7112],[-163.0187,69.7458],[-161.9057,70.3206],[-161.7034,70.2637],[-162.1217,70.1539],[-160.9499,70.2904],[-159.9471,70.5972],[-160.2019,70.4766],[-159.922,70.4897],[-160.1337,70.3251],[-159.9485,70.3704],[-159.7712,70.1955],[-159.8873,70.3872],[-159.8258,70.4971],[-159.2914,70.5381],[-159.7159,70.4971],[-160.1274,70.6262],[-159.6682,70.805],[-159.161,70.8869],[-159.449,70.7845],[-159.2225,70.6889],[-159.279,70.7647],[-159.0604,70.8166],[-157.8649,70.8664],[-156.4715,71.4125],[-156.6044,71.3537],[-156.4433,71.2684],[-155.5734,71.1504],[-156.1873,70.9217],[-155.9813,70.8944],[-155.9781,70.7597],[-155.1917,70.9951],[-155.2892,71.0861],[-155.0897,71.1549],[-155.0974,71.0173],[-154.9717,71.1201],[-154.6081,71.021],[-154.81,70.8807],[-154.2303,70.7784],[-153.2557,70.9328],[-152.3275,70.8569],[-152.2192,70.8124],[-152.5091,70.6639],[-152.0753,70.579],[-152.6301,70.5585],[-151.7604,70.5667],[-151.9797,70.4487],[-151.2223,70.3757],[-150.7935,70.5033],[-150.3794,70.497],[-150.4167,70.4145],[-149.4885,70.523],[-147.6796,70.2122],[-145.8802,70.175],[-144.9416,69.978],[-143.2357,70.1182],[-141.4129,69.6504],[-141.0056,69.6509]]],[[[-132.8265,55.0544],[-132.8227,55.1905],[-132.6682,55.0507],[-132.8265,55.0544]]],[[[-132.703,54.7012],[-133.1479,54.9544],[-133.1821,55.2356],[-132.703,54.7012]]],[[[-131.4796,55.0063],[-131.6245,55.0174],[-131.5516,55.2766],[-131.3728,55.2015],[-131.357,55.0325],[-131.4796,55.0063]]],[[[-131.8185,55.4138],[-131.6361,55.2993],[-131.7638,55.2487],[-131.7229,55.1401],[-131.8185,55.4138]]],[[[-133.4496,55.4069],[-133.6073,55.2356],[-133.6892,55.3113],[-133.4496,55.4069]]],[[[-133.3466,55.4479],[-133.4285,55.5441],[-133.2721,55.5305],[-133.3466,55.4479]]],[[[-133.6039,55.4894],[-133.7991,55.4479],[-133.7029,55.5578],[-133.6039,55.4894]]],[[[-133.3057,55.7973],[-133.5421,55.6949],[-133.6824,55.7905],[-133.3057,55.7973]]],[[[-155.6523,55.8867],[-155.5561,55.9146],[-155.5973,55.7604],[-155.7498,55.8177],[-155.6523,55.8867]]],[[[-134.1793,55.9146],[-134.2584,55.8184],[-134.3472,55.911],[-134.1793,55.9146]]],[[[-130.9619,55.5851],[-130.9717,55.3852],[-131.192,55.1857],[-131.3114,55.2356],[-131.2099,55.4063],[-131.2983,55.2766],[-131.4632,55.2934],[-131.2707,55.4473],[-131.3508,55.6456],[-131.3254,55.4468],[-131.4621,55.3319],[-131.4213,55.5305],[-131.5065,55.4994],[-131.5265,55.2994],[-131.8202,55.4638],[-131.5174,55.7291],[-131.7092,55.7397],[-131.4827,55.783],[-131.6877,55.832],[-131.2803,55.9652],[-130.9619,55.5851]]],[[[-133.6073,56.0785],[-133.2853,56.1472],[-133.3111,55.9979],[-133.7027,55.9028],[-133.7949,55.9436],[-133.6073,56.0785]]],[[[-132.5484,56.3044],[-132.3998,56.3504],[-132.4838,56.1946],[-132.0922,56.1064],[-132.202,56.0922],[-132.1335,55.929],[-132.6454,56.0581],[-132.703,56.2225],[-132.5484,56.3044]]],[[[-131.9767,54.8315],[-132.004,54.6938],[-132.2777,54.7148],[-132.2163,54.8037],[-132.3597,54.8037],[-132.2648,54.8445],[-132.3802,55.0234],[-132.4361,54.9166],[-132.5934,54.9682],[-132.465,55.0507],[-132.6129,55.0643],[-132.6409,55.2561],[-132.6961,55.1469],[-132.7991,55.2704],[-133.213,55.2792],[-133.2066,55.3845],[-132.8463,55.3523],[-133.1258,55.4836],[-132.9084,55.6329],[-133.3791,55.6298],[-133.1398,55.8766],[-133.2598,55.9453],[-133.2646,56.1474],[-133.5731,56.185],[-133.6147,56.3529],[-133.1821,56.3323],[-133.0249,56.172],[-133.1405,56.1195],[-133.0791,56.0581],[-132.5084,55.8276],[-132.4348,55.6267],[-132.1406,55.4653],[-132.5235,55.6252],[-132.6818,55.4553],[-132.2769,55.4527],[-132.4838,55.4069],[-132.1549,55.366],[-132.0953,55.2671],[-132.2402,55.1972],[-131.9943,55.2681],[-132.0015,55.1045],[-132.2231,54.9892],[-131.963,55.0302],[-131.9767,54.8315]]],[[[-132.6129,56.4006],[-132.8197,56.2362],[-133.0552,56.3448],[-132.9242,56.452],[-132.6129,56.4006]]],[[[-132.004,56.3392],[-131.9283,56.1946],[-132.0723,56.1195],[-132.3382,56.2578],[-132.3754,56.4885],[-132.004,56.3392]]],[[[-132.9596,56.788],[-132.5334,56.5803],[-132.9186,56.507],[-132.9596,56.788]]],[[[-133.8847,56.4901],[-133.9415,56.1031],[-134.0393,56.1126],[-134.0523,56.3188],[-134.1901,56.1781],[-134.1486,56.0117],[-134.2646,56.2604],[-134.1601,56.3124],[-134.282,56.3628],[-134.0393,56.3734],[-134.0344,56.4859],[-134.3061,56.5583],[-134.0864,56.647],[-134.3576,56.6766],[-134.4057,56.8527],[-134.0127,56.8852],[-133.9049,56.7606],[-133.9938,56.6392],[-133.8624,56.8099],[-133.7172,56.7712],[-133.7359,56.5671],[-133.9226,56.6166],[-133.8847,56.4901]]],[[[-133.9127,57.0827],[-133.2633,56.9253],[-133.2987,57.0102],[-133.0524,56.9829],[-132.9339,56.6416],[-133.3464,56.8376],[-133.0791,56.5303],[-133.6212,56.4422],[-133.6793,56.8537],[-134.0182,57.0176],[-133.9127,57.0827]]],[[[-152.9079,57.1647],[-153.2722,56.9985],[-153.4116,57.079],[-153.2444,57.211],[-152.9079,57.1647]]],[[[-135.6016,57.1716],[-135.6282,57.0102],[-135.8411,56.9897],[-135.7108,57.1684],[-135.8437,57.3247],[-135.6152,57.2845],[-135.6016,57.1716]]],[[[-134.6215,56.7438],[-134.6264,56.2615],[-134.7655,56.2225],[-135.0528,56.5378],[-134.8474,56.6887],[-135.1098,56.6018],[-134.9989,56.7617],[-135.1879,56.6767],[-135.1217,56.832],[-135.3675,56.8289],[-135.35,56.9704],[-135.1654,57.0417],[-135.375,57.0927],[-135.2664,57.161],[-135.4129,57.1579],[-135.3341,57.2504],[-135.675,57.3586],[-135.4753,57.3543],[-135.609,57.3876],[-135.3812,57.5536],[-135.2794,57.5111],[-135.3961,57.4427],[-134.9948,57.3978],[-134.6215,56.7438]]],[[[-152.1609,57.6271],[-152.363,57.4285],[-152.9734,57.5179],[-153.0417,57.4285],[-152.8006,57.4708],[-152.596,57.3739],[-152.6631,57.2995],[-153.1748,57.3514],[-152.9591,57.2571],[-153.5419,57.1758],[-153.4982,57.0743],[-153.7611,57.0517],[-153.5598,56.9865],[-153.9873,56.7438],[-154.1301,56.7865],[-153.7399,57.1337],[-154.0996,56.9648],[-153.9597,57.1201],[-154.4949,57.1136],[-154.1037,57.1138],[-154.3049,56.8558],[-154.5286,56.9916],[-154.6015,57.2589],[-154.81,57.3466],[-154.2203,57.6755],[-154.0186,57.6472],[-153.9733,57.5725],[-154.1105,57.5446],[-153.6307,57.2709],[-153.8498,57.5588],[-153.6785,57.5446],[-153.8846,57.6483],[-153.5846,57.6171],[-153.9246,57.8105],[-153.6655,57.8947],[-153.5072,57.6271],[-153.4991,57.7609],[-153.3213,57.7309],[-153.4492,57.8469],[-153.1788,57.7097],[-153.2403,57.9021],[-153.0485,57.8332],[-153.2842,58.0104],[-152.8083,57.9083],[-152.8856,57.7287],[-152.818,57.8604],[-152.4863,57.9107],[-152.3291,57.8258],[-152.5511,57.7033],[-152.1609,57.6271]]],[[[-136.3898,57.9636],[-136.4513,57.8469],[-136.5428,58.0659],[-136.3898,57.9636]]],[[[-153.4184,58.066],[-153.2778,58.1468],[-152.8908,57.9977],[-153.4184,58.066]]],[[[-135.848,57.3944],[-136.0124,57.5179],[-135.8009,57.4658],[-136.0739,57.6073],[-135.9503,57.6209],[-136.4165,57.8258],[-136.3119,57.9955],[-136.0329,57.8469],[-136.4097,58.0799],[-136.2725,58.1069],[-136.3557,58.2199],[-136.1012,58.0585],[-136.1366,58.223],[-135.5463,58.1963],[-135.5234,58.1024],[-135.7831,58.0421],[-135.6562,57.9493],[-135.3893,58.1411],[-134.9248,58.0275],[-134.9157,57.8469],[-135.2037,57.9431],[-135.0138,57.7859],[-135.8896,57.9977],[-135.3639,57.7262],[-134.9139,57.7558],[-134.8139,57.4975],[-135.0569,57.4666],[-135.8132,57.7643],[-135.5463,57.4661],[-135.848,57.3944]]],[[[-134.5973,58.2373],[-134.6798,58.3093],[-134.5633,58.3445],[-134.2584,58.1963],[-134.5973,58.2373]]],[[[-134.354,57.0927],[-134.6146,57.0102],[-134.6333,57.2242],[-134.457,57.3118],[-134.5563,57.3978],[-134.3061,57.3944],[-134.5692,57.492],[-134.354,57.5446],[-134.6536,57.5982],[-134.8065,58.0554],[-134.7313,58.1789],[-134.9076,58.2012],[-134.961,58.4049],[-134.6932,58.1684],[-134.177,58.1635],[-133.7893,57.5889],[-134.3068,58.0981],[-134.2892,57.8367],[-133.84,57.4626],[-134.0728,57.5111],[-133.865,57.3551],[-134.1759,57.3876],[-134.0848,57.2564],[-134.354,57.0927]]],[[[-151.966,58.3328],[-152.1168,58.1479],[-152.2766,58.2642],[-152.3701,58.2031],[-152.2739,58.1348],[-152.5482,58.0864],[-152.5767,58.2067],[-152.8049,57.9915],[-153.2296,58.1689],[-152.9051,58.1684],[-153.1099,58.2714],[-152.7673,58.2578],[-152.8834,58.4086],[-152.6506,58.4836],[-152.4197,58.3229],[-152.1168,58.4011],[-152.1435,58.2338],[-151.966,58.3328]]],[[[-152.6444,58.5185],[-152.349,58.6283],[-152.502,58.4735],[-152.6444,58.5185]]],[[[-160.9476,58.7376],[-160.6878,58.8187],[-160.8979,58.5703],[-161.0741,58.5469],[-161.1719,58.6908],[-160.9476,58.7376]]],[[[-150.7042,59.3955],[-150.6086,59.3812],[-150.7618,59.3168],[-150.7042,59.3955]]],[[[-148.1594,60.0432],[-148.286,60.0944],[-148.05,60.1957],[-148.1594,60.0432]]],[[[-147.1072,60.2862],[-146.9223,60.3066],[-147.4923,59.8618],[-147.9154,59.7927],[-147.2012,60.2422],[-147.1896,60.3622],[-147.0111,60.3476],[-147.1072,60.2862]]],[[[-145.1744,60.3824],[-145.0951,60.4163],[-145.1233,60.3118],[-145.2843,60.3339],[-145.1744,60.3824]]],[[[-146.1886,60.4022],[-146.6002,60.2452],[-146.682,60.2862],[-146.4903,60.3613],[-146.7226,60.3862],[-146.5881,60.484],[-146.1886,60.4022]]],[[[-147.7714,60.4097],[-147.7082,60.5068],[-147.6144,60.437],[-147.7987,60.1701],[-147.9086,60.293],[-147.7714,60.4097]]],[[[-148.1687,60.6629],[-148.217,60.7591],[-148.1112,60.7381],[-148.1687,60.6629]]],[[[-148.0874,60.8001],[-148.1078,60.923],[-147.9123,60.8254],[-148.0874,60.8001]]],[[[-97.1983,26.2761],[-97.3975,26.831],[-97.3771,27.2078],[-97.1983,26.2761]]],[[[-97.0754,27.8145],[-97.3975,27.2289],[-97.2541,27.6597],[-97.0754,27.8145]]],[[[-91.8021,29.4901],[-92.0354,29.5962],[-91.7202,29.5817],[-91.8021,29.4901]]],[[[-89.1883,30.0797],[-89.3453,30.0661],[-89.1808,30.1685],[-89.1883,30.0797]]],[[[-120.0441,34.0373],[-119.9688,33.9411],[-120.1099,33.8931],[-120.2485,34.0011],[-120.0441,34.0373]]],[[[-119.5294,34.0252],[-119.8172,33.9593],[-119.933,34.0602],[-119.5294,34.0252]]],[[[-75.4761,35.6954],[-75.5156,35.2602],[-75.7357,35.1877],[-75.5163,35.291],[-75.4761,35.6954]]],[[[-71.9189,41.0649],[-73.5818,40.5845],[-74.04,40.6198],[-73.4857,40.9456],[-72.6283,40.9836],[-72.2755,41.1626],[-72.6246,40.9078],[-71.9189,41.0649]]],[[[-70.0541,41.3927],[-69.9671,41.2495],[-70.2781,41.3079],[-70.0819,41.2925],[-70.0541,41.3927]]],[[[-70.5764,41.4278],[-70.5074,41.3626],[-70.8462,41.3467],[-70.5764,41.4278]]],[[[-71.2855,41.5817],[-71.2206,41.6605],[-71.2336,41.4892],[-71.3546,41.4583],[-71.2855,41.5817]]],[[[-122.3594,47.9766],[-122.5392,47.9722],[-122.7441,48.2059],[-122.6566,48.3851],[-122.5176,48.294],[-122.7237,48.2338],[-122.3594,47.9766]]],[[[-176.2647,51.81],[-176.3856,51.7371],[-176.423,51.851],[-176.2647,51.81]]],[[[-177.8003,51.7957],[-177.9335,51.5987],[-178.1014,51.6654],[-177.9554,51.7637],[-178.2138,51.876],[-177.9523,51.9248],[-177.6222,51.8572],[-177.8003,51.7957]]],[[[-177.1222,51.9329],[-177.0468,51.892],[-177.1567,51.7001],[-177.7047,51.7001],[-177.1222,51.9329]]],[[[-176.4372,51.7883],[-176.9779,51.6003],[-176.8203,51.7685],[-176.9048,51.8076],[-176.7042,51.7883],[-176.7588,51.9534],[-176.5459,51.9801],[-176.6415,51.8572],[-176.4372,51.7883]]],[[[-176.1387,51.9944],[-176.1433,52.1071],[-175.9637,52.0353],[-176.1387,51.9944]]],[[[-173.1234,52.108],[-173.4902,52.0217],[-174.0594,52.1247],[-173.1234,52.108]]],[[[-172.4072,52.3854],[-172.3109,52.3165],[-172.633,52.2613],[-172.4072,52.3854]]],[[[-174.052,52.2408],[-174.2028,52.2128],[-174.0989,52.113],[-174.4114,52.0428],[-175.3405,52.0148],[-174.3393,52.1862],[-174.2283,52.2675],[-174.4355,52.3227],[-174.1903,52.4179],[-174.011,52.3581],[-174.052,52.2408]]],[[[-169.6866,52.872],[-169.7234,52.7745],[-170.0111,52.8236],[-169.6866,52.872]]],[[[-167.8575,53.3928],[-169.1113,52.8236],[-168.6234,53.2742],[-168.3608,53.2713],[-168.4066,53.4095],[-168.2368,53.5301],[-167.807,53.5201],[-167.8575,53.3928]]],[[[-166.137,53.8378],[-166.2126,53.7081],[-166.2978,53.7602],[-166.137,53.8378]]],[[[-166.2943,53.728],[-166.5957,53.5362],[-166.6645,53.5982],[-166.6592,53.4909],[-166.7949,53.5703],[-166.7522,53.4509],[-167.5082,53.2599],[-167.85,53.3096],[-166.96,53.5362],[-167.1444,53.5566],[-166.9935,53.6181],[-167.028,53.7048],[-166.8017,53.6318],[-166.7055,53.7211],[-167.1562,53.8298],[-167.0216,53.9612],[-166.6346,54.0046],[-166.6099,53.831],[-166.3704,54.0085],[-166.2249,53.9055],[-166.5751,53.7143],[-166.2943,53.728]]],[[[-165.7391,54.1252],[-165.9007,54.0334],[-166.1227,54.1184],[-165.9455,54.2221],[-165.7391,54.1252]]],[[[-165.4858,54.1737],[-165.61,54.1184],[-165.5746,54.2351],[-165.6798,54.2489],[-165.4943,54.2964],[-165.5473,54.2221],[-165.4045,54.1918],[-165.4858,54.1737]]],[[[-159.3901,55.0234],[-159.4627,54.9482],[-159.4627,55.0643],[-159.3901,55.0234]]],[[[-159.5242,55.0711],[-159.6592,55.0651],[-159.5336,55.251],[-159.5242,55.0711]]],[[[-159.9015,55.1401],[-160.2371,54.8886],[-160.0927,55.0507],[-160.1948,55.1215],[-160.0176,55.1053],[-160.0654,55.2015],[-159.8873,55.2971],[-159.9015,55.1401]]],[[[-154.8996,19.567],[-154.8747,19.4129],[-155.5028,19.1377],[-155.6748,18.9061],[-155.8781,19.0291],[-156.0602,19.7312],[-155.8355,19.9757],[-155.8805,20.252],[-155.168,19.9468],[-154.8996,19.567]]],[[[-156.5618,20.598],[-156.5446,20.5132],[-156.7006,20.5254],[-156.5618,20.598]]],[[[-156.8484,20.8768],[-156.8313,20.7638],[-156.9623,20.7324],[-157.0631,20.8904],[-156.8484,20.8768]]],[[[-156.0017,20.8004],[-156.0484,20.6509],[-156.4077,20.5872],[-156.4643,20.7814],[-156.696,20.9158],[-156.5979,21.0327],[-156.0017,20.8004]]],[[[-156.749,21.171],[-156.8696,21.0534],[-157.3039,21.1096],[-157.2598,21.2219],[-156.749,21.171]]],[[[-157.7068,21.352],[-157.7041,21.2595],[-157.9609,21.3888],[-158.0943,21.2936],[-158.2789,21.5753],[-157.9697,21.7091],[-157.7068,21.352]]],[[[-159.3013,22.151],[-159.4373,21.8688],[-159.7872,22.0193],[-159.5585,22.233],[-159.3013,22.151]]],[[[179.4001,51.4084],[179.243,51.3538],[178.6364,51.6374],[179.4001,51.4084]]],[[[179.7809,51.967],[179.6421,51.8742],[179.4861,51.9739],[179.7809,51.967]]],[[[177.6426,52.1247],[177.6121,51.9279],[177.2243,51.892],[177.6426,52.1247]]],[[[173.7913,52.5015],[173.7434,52.3612],[173.3889,52.4038],[173.7913,52.5015]]],[[[173.3766,52.8305],[172.9443,52.7498],[172.7634,52.7957],[172.811,52.8879],[172.4761,52.9267],[173.1272,52.9949],[173.3766,52.8305]]],[[[-162.3749,54.9544],[-162.2309,54.9073],[-162.3422,54.8395],[-162.3749,54.9544]]],[[[-163.0738,54.6876],[-163.3695,54.7646],[-163.6225,54.6118],[-164.1327,54.6232],[-164.6526,54.392],[-164.9582,54.5851],[-164.4775,54.9189],[-163.7565,55.0604],[-163.5257,55.0438],[-163.3544,54.7769],[-163.0738,54.6876]]],[[[-161.7307,55.1605],[-161.6413,55.1195],[-161.7512,55.0581],[-161.9082,55.1435],[-161.7307,55.1605]]],[[[-160.3254,55.3585],[-160.3363,55.2487],[-160.5315,55.325],[-160.3254,55.3585]]],[[[-160.4974,55.1946],[-160.8189,55.1195],[-160.8536,55.3319],[-160.5593,55.3931],[-160.4974,55.1946]]],[[[-170.2416,57.2163],[-170.1044,57.2504],[-170.29,57.1064],[-170.4121,57.1848],[-170.2416,57.2163]]],[[[-165.5821,59.951],[-166.2467,59.8539],[-166.0817,59.779],[-166.1821,59.7563],[-167.1219,60.0007],[-167.4528,60.2172],[-166.8204,60.2176],[-166.1574,60.437],[-165.6844,60.2998],[-165.7261,60.0665],[-165.5821,59.951]]],[[[-172.2973,60.3513],[-173.0576,60.4984],[-172.925,60.6067],[-172.2973,60.3513]]],[[[-168.7407,63.281],[-168.8508,63.1628],[-169.3511,63.1762],[-169.6662,62.9452],[-169.8175,63.1268],[-170.262,63.1984],[-170.235,63.2835],[-170.4443,63.3592],[-170.8562,63.4604],[-171.4393,63.3198],[-171.8529,63.5212],[-171.728,63.7961],[-171.4872,63.609],[-170.31,63.6987],[-170.0825,63.6152],[-170.0845,63.4858],[-168.7407,63.281]]],[[[-68.2448,44.4245],[-68.1765,44.3283],[-68.4141,44.2586],[-68.2448,44.4245]]]]}},{"type":"Feature","properties":{"name":"Canada"},"geometry":{"type":"MultiPolygon","coordinates":[[[[-95.1606,49.3695],[-95.1771,48.9927],[-122.753,48.9925],[-122.9066,49.0883],[-123.0905,48.9925],[-123.0407,49.151],[-123.212,49.13],[-123.1376,49.1957],[-123.2469,49.2746],[-122.9608,49.2819],[-122.8557,49.4418],[-122.9381,49.3258],[-123.27,49.3354],[-123.171,49.7053],[-123.5336,49.3885],[-124.0611,49.6308],[-123.9393,49.7436],[-123.7771,49.5053],[-123.5335,49.7053],[-123.7945,49.644],[-123.9276,49.7636],[-123.9536,49.9897],[-123.7545,50.0937],[-123.8284,50.1584],[-123.9935,50.2198],[-123.8079,50.1032],[-123.9932,50.0108],[-123.9382,49.8288],[-124.0375,49.925],[-124.283,49.7466],[-124.8289,50.0548],[-124.6849,49.9865],[-124.6029,50.2403],[-124.7134,50.3314],[-124.359,50.5093],[-124.8301,50.3176],[-125.007,50.4321],[-125.0815,50.3247],[-124.8699,50.583],[-124.8138,50.9272],[-124.9865,50.8083],[-124.9082,50.6274],[-125.1278,50.437],[-125.3567,50.5431],[-125.5771,50.4707],[-125.4546,50.7204],[-125.7033,50.4379],[-125.7872,50.5316],[-126.2806,50.5194],[-125.9599,50.6456],[-126.2773,50.6259],[-125.7056,50.6817],[-125.5073,50.9392],[-125.637,51.1037],[-125.5421,50.9392],[-125.6477,50.7824],[-126.1866,50.6719],[-126.0345,50.7951],[-126.5474,50.8374],[-126.1731,50.9388],[-126.4595,50.9517],[-126.5147,51.0764],[-126.6742,50.8782],[-127.1658,50.9392],[-126.926,50.8766],[-127.0423,50.8229],[-127.777,51.1672],[-127.1266,51.3388],[-127.7797,51.3306],[-127.492,51.6206],[-126.6034,51.7138],[-126.6661,51.8026],[-126.6993,51.6654],[-127.4232,51.6719],[-127.3501,51.8702],[-127.6456,51.7001],[-127.4674,51.6623],[-127.7139,51.4577],[-127.8737,51.6734],[-127.8496,51.9201],[-127.1726,52.3165],[-126.9976,52.2975],[-126.6723,51.9875],[-126.9385,52.3059],[-126.753,52.3934],[-127.144,52.3493],[-127.225,52.4561],[-126.9318,52.7128],[-126.9696,52.8294],[-127.0764,52.8851],[-126.9869,52.7109],[-127.6166,52.2985],[-127.7366,52.3544],[-127.8724,52.2195],[-127.8883,52.5151],[-128.0159,52.3467],[-128.0531,52.4852],[-127.8777,52.5841],[-128.3922,52.296],[-128.0288,52.9167],[-128.443,52.8277],[-128.481,53.1457],[-128.8491,53.2786],[-128.831,53.4883],[-128.9745,53.5566],[-128.7895,53.5703],[-128.4939,53.3441],[-128.3519,53.4815],[-128.127,53.4509],[-127.8715,53.2283],[-128.1111,53.4883],[-128.5294,53.4337],[-128.8077,53.6154],[-128.7751,53.7983],[-128.4737,53.8415],[-128.6939,53.8993],[-128.5983,54.0302],[-128.9329,53.7764],[-129.0092,53.8993],[-128.9732,53.7776],[-129.2283,53.6327],[-129.2898,53.3854],[-130.1047,53.9471],[-129.9613,54.1668],[-129.715,53.9538],[-129.9272,54.1873],[-129.4918,54.2515],[-130.1249,54.1609],[-130.2815,54.2144],[-130.2494,54.4064],[-130.4825,54.3737],[-130.3797,54.461],[-130.4312,54.633],[-129.9589,54.3221],[-130.0849,54.3921],[-129.9814,54.5154],[-130.1011,54.4263],[-130.3724,54.6643],[-129.8795,54.6206],[-130.2015,54.7285],[-130.0501,54.893],[-130.1737,54.8445],[-130.022,54.9739],[-129.6413,54.9896],[-130.001,55.0224],[-129.478,55.4835],[-129.713,55.4208],[-129.8248,55.6192],[-129.7862,55.3568],[-130.1248,55.0053],[-129.9494,55.2932],[-130.1306,55.7363],[-129.9613,55.9208],[-130.0715,56.0841],[-131.8256,56.5933],[-131.8716,56.7935],[-132.1074,56.8588],[-132.0319,57.0284],[-132.3412,57.0804],[-132.231,57.1968],[-133.3922,58.4039],[-134.6921,59.2352],[-134.9578,59.281],[-135.0958,59.4189],[-135.0329,59.5731],[-135.4828,59.7925],[-136.2585,59.6216],[-136.3503,59.5924],[-136.275,59.4864],[-136.4676,59.4616],[-136.5695,59.1722],[-137.4869,58.9001],[-137.6114,59.2393],[-139.1821,60.0734],[-139.0795,60.341],[-139.6798,60.3268],[-140.0158,60.1874],[-140.9949,60.3044],[-141.0056,69.6509],[-139.1438,69.5137],[-138.6026,69.2427],[-138.357,69.3047],[-137.2237,68.9509],[-136.0676,68.8853],[-135.149,68.6605],[-135.4803,68.8114],[-135.3409,68.8386],[-136.005,68.9479],[-135.9542,69.0484],[-135.519,69.0298],[-135.9194,69.0935],[-135.9678,69.2222],[-135.4159,69.0987],[-135.8379,69.3091],[-135.1667,69.263],[-135.2843,69.4145],[-135.1554,69.4797],[-134.4763,69.4438],[-134.5945,69.5129],[-134.4055,69.6369],[-134.4809,69.7275],[-134.1209,69.5443],[-133.7513,69.5512],[-134.2765,69.158],[-133.6319,69.3992],[-133.0455,69.4345],[-132.8873,69.6611],[-132.3851,69.6467],[-132.6272,69.6741],[-132.5484,69.743],[-132.1389,69.6879],[-131.4083,69.9615],[-131.1885,69.8249],[-130.8936,70.106],[-130.5153,70.1772],[-129.9317,70.0761],[-129.6739,70.2699],[-129.4065,70.1212],[-129.5998,69.9912],[-130.5271,69.7839],[-130.9412,69.5659],[-131.048,69.6437],[-131.9836,69.5369],[-132.4975,69.1601],[-132.5447,69.2905],[-132.7712,69.2563],[-132.892,68.9827],[-133.1007,69.072],[-133.4913,68.8425],[-132.922,68.694],[-133.3882,68.8454],[-132.4832,68.8054],[-132.3939,68.8659],[-132.5502,68.9201],[-132.7845,68.851],[-132.7098,68.8858],[-132.8109,68.9373],[-132.6756,68.9274],[-132.8622,69.0733],[-132.4153,69.2379],[-132.4696,69.113],[-132.327,69.2337],[-132.2163,69.154],[-131.7154,69.4003],[-131.9112,69.4281],[-131.4759,69.4572],[-131.5149,69.3359],[-131.317,69.4938],[-131.2437,69.4078],[-131.2521,69.5039],[-131.2112,69.3984],[-131.4144,69.2979],[-131.1611,69.3935],[-131.2567,69.5824],[-131.108,69.3912],[-131.0688,69.5144],[-131.1947,69.5921],[-131.1065,69.6195],[-131.0302,69.4618],[-131.1195,69.3253],[-130.9449,69.5319],[-131.0513,69.3389],[-130.9009,69.3856],[-131.0262,69.206],[-130.9278,69.1396],[-130.9451,69.2767],[-130.3797,69.6945],[-129.1229,69.8561],[-128.9254,69.9776],[-128.9329,69.8454],[-129.1737,69.8323],[-129.1536,69.7035],[-128.9415,69.6824],[-128.3104,69.9627],[-128.3372,70.1298],[-127.5152,70.2221],[-128.1782,70.3799],[-127.9915,70.5929],[-127.1365,70.2529],[-126.7748,69.9757],[-126.7018,69.7674],[-126.2452,69.5253],[-125.4488,69.3192],[-125.3701,69.3525],[-125.4595,69.414],[-125.089,69.4543],[-125.624,69.4208],[-125.1169,69.4897],[-125.4384,69.6126],[-125.3701,69.6945],[-124.822,69.715],[-125.2814,69.8112],[-124.6302,69.9863],[-125.2062,70.0031],[-124.5456,70.0189],[-124.4479,70.0796],[-124.7504,70.132],[-124.4081,70.1554],[-124.3703,70.0417],[-124.5409,69.9695],[-124.4037,69.8597],[-124.5067,69.7362],[-124.0344,69.6815],[-124.5211,69.4078],[-124.4228,69.3666],[-123.3827,69.414],[-123.4432,69.4769],[-123.1656,69.5004],[-123.1573,69.7703],[-122.9797,69.8348],[-122.036,69.8187],[-120.8074,69.6235],[-120.0858,69.3636],[-118.6664,69.2255],[-117.1654,68.8939],[-115.9712,68.8093],[-116.3236,68.9548],[-115.7699,68.9404],[-115.9164,69.0102],[-114.9878,68.8674],[-113.9054,68.3998],[-114.0355,68.2412],[-114.9415,68.2913],[-114.7551,68.1943],[-114.8602,68.1566],[-115.2417,68.1869],[-115.2491,68.0429],[-115.112,68.0162],[-115.5434,67.9234],[-115.1182,67.8039],[-111.8855,67.6852],[-110.0596,68.0051],[-109.9669,67.8338],[-109.6984,67.8101],[-109.6226,67.7419],[-109.7167,67.7192],[-109.067,67.7202],[-108.9294,67.5318],[-109.0131,67.4613],[-108.8241,67.3572],[-108.6399,67.6295],[-108.4713,67.3515],[-108.3703,67.4476],[-107.9925,67.2825],[-107.8854,67.0482],[-108.6221,67.1528],[-107.2415,66.3485],[-107.7997,66.7686],[-107.6898,66.7686],[-107.7659,66.9963],[-107.6079,66.9741],[-107.643,67.0771],[-107.4844,66.9194],[-107.6973,66.9536],[-107.563,66.8395],[-107.4093,66.8171],[-107.401,66.9743],[-107.0877,66.8307],[-107.4034,67.0412],[-107.2032,67.1249],[-107.7164,67.4046],[-107.5858,67.5012],[-108.0057,67.7097],[-107.9416,67.8543],[-107.6593,67.9467],[-107.9095,67.9951],[-107.8795,68.093],[-107.6973,68.0776],[-107.7741,67.9886],[-106.7582,68.105],[-106.8134,68.208],[-106.6315,68.2496],[-106.4435,68.1528],[-106.3466,68.1869],[-106.4841,68.2287],[-106.4457,68.3513],[-105.7271,68.4266],[-105.7787,68.5507],[-105.6483,68.6387],[-106.5533,68.5159],[-106.4224,68.5159],[-106.6352,68.4687],[-106.4879,68.4074],[-106.5527,68.2968],[-106.7867,68.4149],[-107.1551,68.2701],[-107.827,68.3445],[-107.889,68.2695],[-107.6147,68.1671],[-108.3892,68.111],[-108.4166,68.3042],[-108.8151,68.2742],[-108.2808,68.6216],[-106.2218,68.946],[-105.4696,68.722],[-105.5392,68.6501],[-105.3241,68.4825],[-105.5439,68.4139],[-105.0392,68.2591],[-104.8942,68.3514],[-104.9352,68.2359],[-104.602,68.2353],[-104.6757,68.1397],[-104.4839,68.0339],[-103.7926,68.0263],[-103.4149,68.1694],[-103.3635,68.0115],[-102.2189,67.6918],[-101.9806,67.7916],[-101.4159,67.6903],[-100.7074,67.8511],[-98.9364,67.6968],[-98.3634,67.7946],[-98.727,67.9578],[-98.7339,68.0709],[-98.5846,68.0964],[-97.9272,67.6969],[-97.2132,67.6246],[-97.0611,67.6804],[-97.2262,67.7145],[-97.1208,67.793],[-97.2496,67.9246],[-97.6932,68.0226],[-98.095,67.8366],[-98.5899,68.1528],[-98.3155,68.1671],[-98.7134,68.3793],[-97.7476,68.3687],[-97.9796,68.5471],[-97.2604,68.4687],[-96.9935,68.3377],[-97.0806,68.2657],[-96.69,68.2864],[-96.621,68.1857],[-96.4038,68.3179],[-96.7645,68.0172],[-95.8967,68.2967],[-96.0817,68.1459],[-96.1819,67.6429],[-96.3439,67.6894],[-96.4652,67.478],[-96.0959,67.4675],[-96.253,67.2477],[-96.1107,67.2219],[-95.5814,67.3848],[-95.8353,67.1658],[-95.4374,67.2006],[-95.3303,67.0104],[-95.9137,66.9478],[-95.9558,67.0745],[-96.1271,66.957],[-96.4557,67.0598],[-95.852,66.7581],[-95.821,66.5911],[-95.6435,66.6693],[-96.0935,66.9202],[-95.2183,66.9741],[-95.3481,67.1527],[-95.1728,67.2786],[-95.4138,67.4566],[-95.3381,67.5522],[-95.7077,67.7333],[-95.5455,67.8083],[-95.4784,68.0634],[-94.7982,68.0381],[-94.2109,68.2695],[-94.1224,68.4223],[-93.3749,68.6387],[-93.7523,68.6121],[-93.5707,68.8441],[-93.6349,68.9621],[-93.9093,68.9957],[-93.8271,69.0692],[-94.0806,68.8523],[-93.8262,68.8793],[-94.0942,68.7629],[-94.6361,68.756],[-94.602,68.9683],[-94.0055,69.1601],[-94.324,69.1558],[-94.2816,69.3221],[-93.5257,69.4414],[-93.8819,69.2495],[-93.8403,69.1687],[-93.3619,69.373],[-93.5878,69.3662],[-93.4506,69.4897],[-94.3222,69.453],[-94.6299,69.6877],[-94.8751,69.5716],[-95.7869,69.743],[-96.2058,69.8658],[-96.1101,69.9565],[-96.5319,70.1362],[-96.546,70.3406],[-96.233,70.5712],[-95.7934,70.5441],[-96.0539,70.607],[-95.8148,70.7156],[-96.1903,70.6247],[-96.6024,70.7913],[-96.376,71.0941],[-96.5615,71.1271],[-96.3759,71.1606],[-96.5069,71.2779],[-96.1335,71.4142],[-95.5364,71.2961],[-95.5882,71.3605],[-95.4374,71.3803],[-95.5462,71.4277],[-95.376,71.5107],[-95.9104,71.6069],[-95.2772,71.7243],[-95.2161,71.8295],[-94.6081,71.8676],[-95.1787,71.8472],[-95.2252,71.9495],[-94.492,71.9904],[-94.3934,71.9393],[-94.4603,71.8574],[-94.6492,71.8198],[-94.3549,71.7987],[-94.4155,71.6655],[-94.2108,71.7923],[-93.7209,71.7653],[-93.8205,71.6553],[-92.9801,71.3474],[-92.8541,70.8596],[-93.0408,70.8624],[-92.1783,70.5963],[-92.2856,70.4896],[-91.9982,70.3941],[-92.0863,70.3047],[-91.7232,70.3558],[-91.6965,70.2023],[-91.5304,70.182],[-91.9955,70.123],[-92.3675,70.2364],[-92.2713,70.1954],[-92.5872,70.0788],[-91.9429,70.0241],[-92.8684,69.7088],[-92.5388,69.7088],[-92.923,69.6741],[-92.3674,69.7087],[-91.7983,69.4897],[-91.4973,69.6611],[-91.1676,69.6557],[-91.5571,69.5118],[-90.3118,69.4543],[-90.7028,69.4543],[-90.5855,69.4208],[-90.7978,69.3662],[-90.8052,69.2563],[-91.4495,69.3525],[-90.6706,69.0882],[-90.6211,68.9163],[-90.4353,68.879],[-90.5998,68.8039],[-90.4421,68.8312],[-90.565,68.6257],[-90.4772,68.5344],[-90.607,68.4439],[-90.3186,68.3793],[-90.4757,68.3377],[-90.2708,68.2421],[-89.8646,68.4883],[-89.9009,68.6605],[-89.7159,68.6462],[-89.7432,68.9683],[-89.3317,69.2495],[-89.0359,69.2672],[-88.0226,68.8087],[-87.7922,68.3312],[-87.9438,68.2009],[-88.1796,68.2453],[-88.1994,68.3834],[-88.3984,68.2908],[-88.2833,68.126],[-88.3736,67.9758],[-88.1405,67.6707],[-87.3629,67.2672],[-87.5162,67.1187],[-86.9607,67.2552],[-87.0777,67.3577],[-86.5019,67.3794],[-86.5293,67.6872],[-86.1306,68.0161],[-85.9017,68.0544],[-85.8441,68.324],[-85.6653,68.4544],[-85.6681,68.727],[-84.7882,68.7356],[-85.1786,68.8472],[-85.0006,68.8858],[-85.1451,68.9479],[-84.5282,69.0236],[-85.1383,69.1267],[-85.0123,69.1805],[-85.2703,69.1379],[-85.4735,69.2768],[-85.337,69.3184],[-85.5083,69.4078],[-85.3444,69.4414],[-85.534,69.4633],[-85.3854,69.5642],[-85.5441,69.6535],[-85.44,69.7119],[-85.5145,69.7703],[-85.3332,69.7914],[-85.5632,69.8581],[-85.0558,69.7771],[-84.3398,69.8597],[-83.7312,69.709],[-82.2534,69.6406],[-82.7537,69.5779],[-82.5161,69.4937],[-83.2938,69.5399],[-82.2816,69.4194],[-82.39,69.4003],[-82.1435,69.2979],[-82.2696,69.2382],[-81.753,69.2679],[-81.2733,69.0987],[-82.0616,68.879],[-81.3788,68.8676],[-81.233,68.7739],[-81.2665,68.6387],[-81.9537,68.4306],[-82.2738,68.537],[-82.2218,68.4581],[-82.6116,68.5302],[-82.4969,68.4639],[-82.6506,68.4339],[-82.2727,68.2916],[-82.3148,68.1466],[-81.9936,68.215],[-82.1776,68.0094],[-82.1016,67.9104],[-81.2379,67.4605],[-81.5029,67.001],[-81.9549,66.9768],[-82.1566,66.714],[-83.5605,66.3494],[-83.6781,66.5253],[-84.0136,66.6321],[-83.8566,66.6867],[-83.9181,66.8859],[-84.2694,66.7279],[-84.4394,66.8307],[-84.2401,66.8375],[-84.5828,66.9815],[-84.3705,66.9741],[-84.9391,67.056],[-84.6374,66.9815],[-85.2152,66.8677],[-84.6033,66.9399],[-84.7473,66.8996],[-84.5084,66.8232],[-84.6927,66.845],[-84.1446,66.6867],[-84.211,66.5945],[-83.6908,66.1992],[-84.5375,66.4052],[-84.6367,66.3439],[-84.4047,66.166],[-85.2416,66.2701],[-85.4655,66.5744],[-86.7825,66.5222],[-86.6206,66.3144],[-85.8567,66.1628],[-86.4263,65.8984],[-86.5498,65.6725],[-87.3808,65.3297],[-88.0639,65.3595],[-88.8314,65.6452],[-88.4137,65.6315],[-89.688,65.9468],[-90.0039,65.9468],[-89.7706,65.8227],[-91.4973,65.9468],[-91.0316,65.8083],[-91.0705,65.9285],[-89.9581,65.7943],[-89.0399,65.3282],[-87.3728,65.2752],[-86.9382,65.142],[-87.3002,64.7644],[-87.8099,64.5161],[-88.1127,64.1409],[-88.7346,63.9724],[-89.2555,64.1599],[-89.0493,63.9464],[-89.7069,64.0317],[-89.8258,64.1096],[-89.7864,64.2502],[-89.8323,64.1414],[-90.1274,64.1301],[-89.9321,64.1175],[-89.8133,63.946],[-90.2777,64.0072],[-89.9659,63.8133],[-90.2206,63.6132],[-90.6482,63.7055],[-90.5578,63.5983],[-90.9101,63.5692],[-91.8883,63.8091],[-92.3738,63.7791],[-93.7795,64.1915],[-93.5556,64.0336],[-93.7659,63.9935],[-93.6473,63.8815],[-93.2172,63.8427],[-93.4006,63.9774],[-92.1,63.6993],[-92.4674,63.5284],[-91.7784,63.7144],[-91.3909,63.4877],[-90.7847,63.3976],[-90.9765,63.4244],[-90.6891,63.3567],[-90.6265,63.0613],[-91.3943,62.7868],[-92.4527,62.8249],[-91.8881,62.6204],[-91.9835,62.5316],[-92.6185,62.6225],[-92.532,62.4449],[-92.8274,62.3555],[-92.4705,62.1501],[-93.252,62.3698],[-92.7647,62.2184],[-93.1152,62.1597],[-92.9298,62.1166],[-93.1702,61.9856],[-93.4165,62.034],[-93.2172,61.9583],[-93.3885,61.9515],[-93.2793,61.8968],[-93.617,61.9523],[-93.2646,61.7445],[-93.4718,61.7665],[-93.3134,61.7324],[-93.985,61.458],[-93.8223,61.3499],[-94.1147,61.3283],[-93.9862,61.1007],[-94.3516,60.8581],[-94.52,60.5468],[-94.8006,60.4984],[-94.6156,60.3923],[-94.8214,59.9481],[-94.7931,59.5258],[-94.6601,59.3588],[-94.7931,59.0938],[-94.9992,59.0528],[-94.804,59.0631],[-94.6833,58.9504],[-94.746,58.8331],[-94.6081,58.8815],[-94.4369,58.7238],[-94.2041,58.8065],[-94.3617,58.223],[-94.1774,58.7791],[-93.1558,58.7444],[-92.7858,57.8394],[-92.4236,57.3544],[-92.5972,57.0483],[-92.882,56.9145],[-91.0311,57.2646],[-90.5855,57.2299],[-89.963,57.004],[-88.8792,56.8599],[-87.9796,56.4429],[-87.6186,56.0028],[-85.6964,55.6038],[-85.1178,55.3284],[-85.4173,54.9992],[-85.0539,55.2941],[-83.9291,55.3265],[-83.5611,55.1332],[-83.6895,55.2849],[-82.321,55.0711],[-82.3309,55.1625],[-82.1986,54.8558],[-82.4309,54.2282],[-82.126,53.8122],[-82.2192,53.6044],[-82.1144,53.289],[-82.3012,52.9676],[-81.4787,52.3035],[-81.8828,52.1936],[-81.512,52.2393],[-80.5949,51.7114],[-80.4298,51.3572],[-81.0126,51.0354],[-80.41,51.3395],[-80.1361,51.3013],[-79.7445,51.1235],[-79.3343,50.7269],[-79.7257,51.1218],[-79.6968,51.3985],[-79.3232,51.667],[-79.2756,51.5316],[-79.0115,51.4674],[-78.847,51.1645],[-78.8822,51.4033],[-78.69,51.4873],[-79.0388,51.7685],[-78.8406,51.8423],[-78.8926,51.9468],[-78.5467,52.2466],[-78.4082,52.2482],[-78.5528,52.2681],[-78.516,52.4768],[-78.7651,52.5704],[-78.8502,52.7574],[-78.69,52.8851],[-78.9842,53.0284],[-78.8954,53.2686],[-79.1146,53.5089],[-78.9231,53.5667],[-79.1561,53.7081],[-78.9017,53.8173],[-79.1351,53.9614],[-78.9796,54.0192],[-79.2926,54.0911],[-79.0463,54.1805],[-79.3821,54.1941],[-79.2859,54.2556],[-79.464,54.3102],[-79.6012,54.5572],[-79.5255,54.5914],[-79.7656,54.6596],[-77.7816,55.2735],[-76.6815,56.0429],[-76.5151,56.4382],[-76.5327,57.1153],[-76.9498,57.8278],[-77.4706,58.212],[-78.5665,58.6208],[-78.4686,58.706],[-78.5657,58.9577],[-78.3164,58.9255],[-78.1066,59.2099],[-77.6752,59.4023],[-77.9154,59.4191],[-77.7303,59.5487],[-77.7782,59.7101],[-77.3127,59.5668],[-77.5455,59.7449],[-77.2916,59.7995],[-77.425,59.9193],[-77.1892,60.0602],[-77.6342,60.0665],[-77.4083,60.1353],[-77.7423,60.4258],[-77.4151,60.5468],[-77.8297,60.6492],[-77.5106,60.841],[-78.1965,60.7927],[-77.6927,61.2073],[-77.7853,61.4547],[-77.4766,61.54],[-77.9897,61.7148],[-78.1549,62.2973],[-77.4718,62.5938],[-75.6586,62.2965],[-75.8938,62.1638],[-75.3277,62.3175],[-74.5581,62.1091],[-74.7235,62.2464],[-73.6707,62.4821],[-72.9474,62.1227],[-72.6291,62.1169],[-72.6078,61.9722],[-72.796,61.8354],[-72.6019,61.8126],[-72.6052,61.9437],[-72.2032,61.8658],[-72.1318,61.8006],[-72.2237,61.7502],[-71.9952,61.6771],[-72.3031,61.5679],[-71.9795,61.6038],[-71.9568,61.7112],[-71.581,61.6138],[-71.8916,61.4307],[-71.5831,61.4102],[-71.8227,61.355],[-71.6656,61.3345],[-71.5729,61.1557],[-71.4977,61.2309],[-70.5354,61.0123],[-70.1553,61.0876],[-70.1512,60.882],[-69.9159,60.81],[-69.6623,60.8852],[-69.5854,61.0881],[-69.3697,60.9168],[-69.3813,60.7999],[-69.829,60.5257],[-69.5956,60.1789],[-69.7949,59.9913],[-71.0351,60.0665],[-69.7351,59.9703],[-69.5615,59.8647],[-69.6577,59.7033],[-69.5162,59.6493],[-69.7485,59.5161],[-69.6321,59.3851],[-69.7551,59.3177],[-69.4226,59.3615],[-69.2325,59.2413],[-69.5426,59.1695],[-69.3424,59.0938],[-69.5035,59.0733],[-69.4517,58.8952],[-69.6652,58.7922],[-69.8631,59.0597],[-69.8017,58.8263],[-70.2542,58.7717],[-69.9212,58.7791],[-69.8135,58.5965],[-69.2563,58.8992],[-68.7734,58.9217],[-68.3616,58.7835],[-68.3487,58.6003],[-68.191,58.5464],[-68.3453,58.1319],[-69.3697,57.7705],[-68.4176,58.0386],[-68.0062,58.5795],[-67.8627,58.3093],[-68.1295,58.083],[-67.7385,58.4692],[-67.7135,57.9271],[-67.5679,58.2304],[-66.9466,58.4984],[-66.6151,58.498],[-66.5954,58.6772],[-66.3824,58.8536],[-65.9442,58.6208],[-66.0534,58.3328],[-65.8275,58.5799],[-66.1086,58.7791],[-65.7995,58.8536],[-65.9822,58.9172],[-65.3197,59.046],[-65.7176,59.1583],[-65.7393,59.2706],[-65.4917,59.2583],[-65.559,59.3767],[-65.3576,59.2822],[-65.5599,59.491],[-64.984,59.3812],[-65.4119,59.5179],[-65.4979,59.7927],[-64.984,59.7648],[-65.2297,59.8924],[-65.0802,59.9299],[-65.1286,60.0466],[-64.8741,60.2042],[-64.9573,60.2589],[-64.8605,60.3613],[-64.3806,60.2452],[-64.7587,60.2383],[-64.3806,60.1701],[-64.8283,59.9912],[-64.3772,60.1297],[-64.5184,59.9025],[-64.1826,60.0323],[-64.2987,59.9435],[-64.1264,59.9075],[-64.2646,59.7648],[-63.922,59.6555],[-64.1206,59.5184],[-64.0073,59.624],[-63.8641,59.6113],[-63.9807,59.5064],[-63.7277,59.52],[-64.0607,59.3873],[-63.7096,59.3681],[-63.8258,59.2446],[-63.6517,59.3681],[-63.5241,59.3231],[-63.629,59.217],[-63.3807,59.2788],[-63.4422,59.1206],[-64.0399,59.0179],[-63.1316,59.0623],[-63.3398,59.0323],[-63.1616,58.9225],[-63.3261,58.861],[-63.0145,58.8974],[-62.9146,58.7512],[-63.0449,58.7102],[-62.8446,58.6852],[-63.1678,58.5048],[-63.4422,58.5246],[-63.5241,58.4775],[-63.3398,58.4632],[-63.593,58.3055],[-63.264,58.47],[-63.0858,58.4564],[-63.1616,58.3676],[-62.5583,58.4775],[-62.6234,58.3093],[-62.9076,58.2143],[-62.6676,58.2715],[-62.6352,58.1868],[-63.0791,58.1553],[-63.3398,57.984],[-62.4621,58.182],[-62.5173,58.0585],[-62.305,58.0312],[-62.675,57.9356],[-62.4211,57.9636],[-62.4208,57.8707],[-62.1409,57.9783],[-62.1187,57.7975],[-61.8867,57.6376],[-62.5337,57.496],[-61.9004,57.4155],[-61.8048,57.3671],[-62.0116,57.243],[-61.3657,57.1069],[-61.3448,56.9555],[-61.9047,56.7938],[-61.8867,56.7023],[-61.6949,56.7296],[-61.8199,56.709],[-61.6881,56.6203],[-62.5031,56.7849],[-62.0887,56.8413],[-62.5856,56.7978],[-61.9141,56.6265],[-62.243,56.6203],[-61.712,56.5754],[-61.6676,56.5033],[-62.1474,56.4553],[-61.6055,56.2839],[-62.0672,56.2855],[-61.3448,56.2225],[-61.4553,56.0581],[-61.235,56.0438],[-61.5031,56.0102],[-60.7468,55.8502],[-60.9439,55.7298],[-60.602,55.8196],[-60.6813,55.5646],[-60.5079,55.804],[-60.3347,55.782],[-60.5254,55.6168],[-60.3995,55.613],[-60.4547,55.5031],[-60.304,55.5305],[-60.4821,55.3523],[-60.3277,55.4948],[-60.1941,55.4274],[-60.5026,55.2704],[-60.6124,55.1679],[-60.36,55.2496],[-60.6876,54.9954],[-60.154,55.2902],[-60.1941,55.1946],[-60.0292,55.2614],[-60.2971,55.0234],[-59.7764,55.3319],[-59.7354,55.2015],[-59.964,55.1171],[-59.43,55.142],[-59.922,54.7432],[-59.1598,55.2387],[-59.3826,54.978],[-59.0274,55.162],[-59.0448,54.9988],[-58.8925,54.9544],[-59.0155,54.893],[-58.9138,54.8482],[-57.3504,54.5894],[-57.707,54.4753],[-57.419,54.461],[-57.6339,54.3834],[-59.5797,54.0504],[-58.3712,54.2282],[-58.6263,54.0443],[-59.0427,54.0302],[-58.9745,53.9715],[-59.4745,53.8281],[-60.1327,53.7831],[-60.0166,53.7081],[-60.1361,53.5294],[-60.8594,53.8351],[-60.9203,53.7143],[-60.0637,53.5089],[-60.4123,53.358],[-60.1813,53.3364],[-60.4206,53.2686],[-60.129,53.2755],[-59.7838,53.4815],[-59.8795,53.5382],[-59.0222,53.7143],[-59.0707,53.7963],[-58.8407,53.9471],[-57.7958,54.0712],[-58.3218,54.0928],[-58.3561,54.2096],[-57.4662,54.2003],[-57.0758,53.8242],[-57.5494,53.5908],[-57.3178,53.5852],[-57.3774,53.4337],[-56.9835,53.7275],[-56.4799,53.79],[-56.4116,53.728],[-56.7091,53.6757],[-55.9796,53.5498],[-56.2635,53.5537],[-55.8165,53.3404],[-55.9114,53.3096],[-55.7469,53.1457],[-56.1652,53.0284],[-55.8021,52.8407],[-56.1625,52.818],[-55.7537,52.625],[-56.5004,52.5977],[-55.6476,52.4432],[-55.7836,52.3387],[-56.1987,52.4468],[-55.7093,52.296],[-55.7947,52.2408],[-55.6165,52.2203],[-55.7804,52.2067],[-55.6848,52.1117],[-56.9665,51.4252],[-57.6859,51.4804],[-58.0402,51.3137],[-58.6227,51.2773],[-58.6256,51.1515],[-59.008,51.015],[-59.008,50.7611],[-59.0878,50.8877],[-59.4195,50.6649],[-59.424,50.54],[-60.1349,50.213],[-60.8026,50.2671],[-61.7179,50.1],[-61.5925,50.1925],[-62.7091,50.3154],[-63.4206,50.219],[-63.809,50.3154],[-65.9642,50.2932],[-66.0875,50.1925],[-66.4682,50.2685],[-66.5495,50.1983],[-66.4349,50.1575],[-66.6356,50.185],[-67.1315,49.8313],[-67.3763,49.3392],[-68.0546,49.2944],[-68.3923,49.0639],[-68.4443,49.1982],[-68.6435,48.9177],[-69.0557,48.7735],[-69.676,48.1499],[-71.0698,48.4446],[-69.736,48.1225],[-70.2369,47.4956],[-70.4869,47.4448],[-70.715,47.1176],[-71.3025,46.7589],[-71.8805,46.6907],[-72.9945,46.2108],[-73.4203,45.7651],[-73.9792,45.4984],[-74.3795,45.5616],[-73.9615,45.3542],[-75.2702,44.8638],[-76.4546,44.0842],[-76.7972,43.6453],[-78.7508,43.6171],[-79.1743,43.4645],[-78.9091,42.9302],[-79.0194,42.8027],[-80.2466,42.3655],[-81.2767,42.2087],[-82.4513,41.6719],[-83.0684,41.8477],[-83.1595,42.0463],[-83.08,42.3051],[-82.5262,42.6199],[-82.1457,43.5764],[-82.5321,45.2935],[-83.6369,45.7739],[-83.4628,46.0078],[-83.6139,46.1156],[-83.9646,46.0632],[-84.1104,46.5265],[-84.5666,46.4612],[-84.8787,46.8979],[-88.3473,48.2987],[-89.3636,47.9796],[-90.7503,48.084],[-90.8738,48.2343],[-91.5748,48.0482],[-92.0705,48.3467],[-92.3719,48.2226],[-92.4906,48.4331],[-92.7189,48.4598],[-92.6486,48.5363],[-92.9797,48.6177],[-93.7568,48.5165],[-93.8749,48.6362],[-94.5929,48.7264],[-94.8391,49.3089],[-95.1606,49.3695]]],[[[-67.176,45.1787],[-67.4713,45.2663],[-67.4313,45.5979],[-67.807,45.7129],[-67.8136,47.0819],[-68.2997,47.3678],[-68.9062,47.1902],[-69.222,47.4597],[-70.0078,46.7041],[-70.2809,46.2119],[-70.2625,45.923],[-70.8924,45.2346],[-70.9932,45.3478],[-71.3343,45.2887],[-71.5041,45.0137],[-74.713,44.9993],[-73.519,45.4263],[-73.1561,46.0497],[-72.1899,46.5262],[-70.5349,47.0106],[-69.4455,47.9919],[-68.8248,48.3658],[-66.6221,49.1226],[-65.5658,49.2665],[-64.5526,49.0974],[-64.2212,48.8944],[-64.1688,48.7618],[-64.5594,48.8829],[-64.175,48.6445],[-64.2821,48.569],[-64.1888,48.5266],[-65.2856,48.0126],[-65.8957,48.2255],[-66.067,48.102],[-66.8479,47.999],[-66.3859,48.0751],[-65.8179,47.9074],[-65.6357,47.6223],[-65.2093,47.8197],[-64.8,47.8093],[-64.6686,47.7321],[-64.8922,47.5615],[-64.9088,47.3553],[-65.3675,47.0878],[-64.7996,47.0816],[-64.8542,46.6763],[-64.7136,46.6872],[-64.6134,46.4193],[-64.704,46.3275],[-64.5585,46.3691],[-64.5594,46.2238],[-63.8131,46.1403],[-64.0839,46.0224],[-63.6697,45.8234],[-63.2298,45.8061],[-63.3807,45.772],[-63.2948,45.7257],[-62.675,45.772],[-62.7497,45.6129],[-62.4704,45.6145],[-61.9115,45.889],[-61.8763,45.6927],[-61.4925,45.6907],[-61.2372,45.5058],[-61.4615,45.3548],[-60.9687,45.2716],[-61.6871,45.1754],[-61.6396,45.0873],[-62.8304,44.7178],[-63.0586,44.7782],[-63.0586,44.6752],[-63.1194,44.7907],[-63.439,44.5963],[-63.6619,44.7168],[-63.5233,44.5181],[-63.6328,44.4407],[-63.9294,44.5113],[-63.8884,44.6964],[-64.066,44.6343],[-64.0758,44.4766],[-64.3055,44.566],[-64.269,44.2671],[-64.4291,44.34],[-64.3602,44.2718],[-64.717,44.0588],[-64.839,43.8297],[-65.0392,43.8323],[-65.025,43.7162],[-65.3675,43.7436],[-65.3408,43.5449],[-65.4569,43.5995],[-65.4748,43.4709],[-65.566,43.574],[-65.7296,43.5135],[-65.8616,43.8056],[-66.1217,43.7436],[-66.1906,44.1654],[-65.8405,44.5734],[-66.1803,44.4344],[-65.7859,44.6964],[-65.6923,44.6207],[-65.4289,44.7782],[-65.7235,44.7274],[-65.3976,44.8949],[-64.4412,45.2558],[-64.4778,45.3411],[-64.3297,45.3096],[-64.3675,45.1078],[-64.1553,44.9837],[-64.1151,45.2161],[-63.3602,45.3611],[-64.5762,45.4156],[-64.9293,45.3263],[-64.3806,45.7924],[-64.2646,45.7651],[-64.3472,45.8887],[-64.5458,45.7316],[-64.5315,45.9022],[-64.7487,46.0899],[-64.5724,45.8607],[-64.7716,45.6143],[-65.7523,45.2444],[-66.136,45.3126],[-66.0098,45.4643],[-66.1968,45.3338],[-66.0602,45.258],[-66.4407,45.0799],[-66.8889,45.0607],[-66.9435,45.1898],[-67.0401,45.0756],[-67.176,45.1787]]],[[[-54.1225,47.6427],[-54.244,47.4077],[-54.3627,47.41],[-54.1225,47.6427]]],[[[-53.5677,48.1908],[-53.6188,48.0821],[-53.9314,48.2084],[-53.5677,48.1908]]],[[[-54.8835,49.5551],[-54.5293,49.6251],[-54.744,49.4938],[-54.8835,49.5551]]],[[[-54.2768,49.5756],[-54.2698,49.7272],[-53.9785,49.6643],[-54.2768,49.5756]]],[[[-52.6288,47.5267],[-53.0669,46.6656],[-53.3553,46.739],[-53.5547,46.6184],[-53.6365,46.7114],[-53.4857,46.9029],[-53.6449,46.8012],[-53.5211,46.9446],[-53.6434,46.9854],[-53.4987,47.1356],[-53.5602,47.2045],[-53.9478,46.8581],[-54.1885,46.8284],[-53.9318,47.2344],[-53.9962,47.3172],[-53.8079,47.4237],[-53.9235,47.4541],[-54.0815,47.8755],[-54.2665,47.9035],[-54.1982,47.8333],[-54.4037,47.4509],[-54.616,47.369],[-54.4173,47.6092],[-54.6644,47.3758],[-54.8379,47.4193],[-55.2509,46.9188],[-55.7394,46.8544],[-55.98,46.9704],[-55.4872,47.1403],[-55.184,47.4604],[-54.6986,47.6706],[-55.0885,47.6017],[-54.9381,47.7873],[-55.1086,47.5854],[-55.4273,47.7195],[-55.4071,47.5015],[-55.5985,47.3993],[-55.6384,47.5453],[-55.9176,47.4372],[-55.7469,47.5881],[-56.1694,47.5037],[-55.6295,47.6775],[-55.9144,47.6592],[-55.7804,47.9581],[-56.0593,47.6995],[-56.151,47.842],[-56.1808,47.6307],[-56.3017,47.6291],[-56.3086,47.7526],[-56.3358,47.616],[-56.7543,47.6365],[-56.7915,47.5301],[-57.8845,47.6973],[-58.3407,47.6427],[-58.2613,47.7526],[-59.1464,47.561],[-59.3085,47.6225],[-59.4058,47.8966],[-58.2722,48.5209],[-59.2624,48.4726],[-58.769,48.7805],[-58.9589,48.6162],[-58.7137,48.5682],[-58.3984,49.1367],[-57.8845,48.9722],[-58.1354,49.1269],[-57.8504,49.1845],[-58.08,49.1468],[-57.9261,49.2466],[-58.1934,49.2431],[-58.2287,49.371],[-58.0012,49.5619],[-57.8974,49.4392],[-57.7003,49.4628],[-57.9481,49.6795],[-57.3553,50.6066],[-57.1548,50.6257],[-57.397,50.7086],[-56.9255,50.9182],[-57.0894,51.0211],[-56.9007,51.0182],[-56.9801,51.0553],[-56.7202,51.3193],[-55.8928,51.6278],[-55.8729,51.4956],[-55.4042,51.563],[-55.5961,51.3091],[-56.0895,51.3706],[-56.0758,51.2334],[-55.7645,51.2175],[-55.7331,51.0831],[-56.0806,50.7206],[-56.1614,50.8782],[-56.1001,50.6686],[-56.5004,50.3911],[-56.4442,50.3044],[-56.9051,49.7537],[-56.7816,49.7294],[-56.8567,49.5482],[-56.1168,50.1584],[-56.1919,49.925],[-55.9591,50.0411],[-55.4651,49.9626],[-56.0019,49.7525],[-56.1654,49.5747],[-55.8356,49.6916],[-56.1307,49.4291],[-55.822,49.522],[-55.6575,49.3837],[-55.5209,49.4936],[-55.5693,49.3627],[-55.3701,49.5067],[-55.4452,49.3559],[-55.2886,49.4008],[-55.3148,49.3149],[-55.3148,49.5346],[-55.1361,49.5408],[-55.3831,49.0473],[-55.1845,49.123],[-55.2884,49.1946],[-55.0821,49.3627],[-55.034,49.2302],[-54.8337,49.4096],[-54.817,49.2756],[-54.4693,49.5461],[-54.4835,49.2676],[-54.3729,49.4223],[-54.2323,49.3627],[-54.0447,49.4818],[-53.4925,49.2875],[-53.5899,49.0521],[-53.8382,49.0337],[-53.7253,49.0139],[-53.8964,48.9805],[-53.8109,48.9313],[-54.1976,48.7742],[-53.8445,48.8391],[-54.0201,48.7463],[-53.9314,48.6296],[-53.8352,48.7504],[-53.6041,48.6767],[-54.1641,48.3907],[-53.8554,48.4752],[-53.856,48.3684],[-53.6568,48.5466],[-53.7253,48.4316],[-53.5819,48.5266],[-53.6154,48.4099],[-53.4372,48.6159],[-53.2435,48.5264],[-53.0768,48.7036],[-52.9848,48.5545],[-53.6395,48.1693],[-53.9253,48.237],[-53.9052,48.0851],[-53.6632,48.0611],[-53.9084,48.0211],[-53.6086,48.0543],[-53.7916,47.7746],[-53.9289,47.8524],[-53.7632,47.6257],[-53.6662,47.684],[-53.67,47.5267],[-53.5539,47.5393],[-53.2765,48.0164],[-52.9233,48.171],[-52.8367,48.1055],[-53.2598,47.5585],[-53.1294,47.4168],[-52.7725,47.801],[-52.6288,47.5267]]],[[[-127.9187,51.522],[-127.8975,51.4298],[-128.0503,51.4599],[-128.1566,51.6279],[-128.0099,51.7237],[-127.9187,51.522]]],[[[-128.1383,51.864],[-128.251,51.8759],[-128.1592,52.0348],[-127.9534,52.049],[-128.0176,51.7722],[-128.1352,51.7473],[-128.1383,51.864]]],[[[-130.9967,52.1117],[-131.024,51.9466],[-131.1268,52.1116],[-130.9967,52.1117]]],[[[-127.9466,52.1657],[-127.9615,52.0828],[-128.123,52.1517],[-127.9466,52.1657]]],[[[-128.2482,52.0217],[-128.2907,52.1247],[-128.1453,52.1936],[-128.2482,52.0217]]],[[[-128.2278,52.2128],[-128.3398,52.0793],[-128.5224,52.1576],[-128.2278,52.2128]]],[[[-128.0974,52.2408],[-127.9853,52.3021],[-127.9077,52.2009],[-128.0974,52.2408]]],[[[-127.2408,52.4264],[-127.238,52.3129],[-127.9022,51.9682],[-127.751,52.2502],[-127.2408,52.4264]]],[[[-128.6182,52.4537],[-128.6796,52.2681],[-128.7638,52.4495],[-128.6182,52.4537]]],[[[-128.563,52.6114],[-128.4979,52.4363],[-128.8175,52.522],[-128.563,52.6114]]],[[[-131.5646,52.7274],[-131.6744,52.7069],[-131.469,52.7343],[-131.4527,52.6452],[-131.619,52.6057],[-131.7024,52.7213],[-131.5646,52.7274]]],[[[-128.3104,52.4294],[-128.4664,52.3827],[-128.3913,52.7965],[-128.3104,52.4294]]],[[[-128.9301,52.6144],[-128.9813,52.4537],[-129.2751,52.8247],[-128.9301,52.6144]]],[[[-128.3104,52.7274],[-128.1732,52.8236],[-128.275,52.6025],[-128.3104,52.7274]]],[[[-131.1127,52.1719],[-131.2772,52.2408],[-131.2797,52.1324],[-131.5584,52.3302],[-131.5116,52.4085],[-132.086,52.7343],[-131.9388,52.7731],[-132.2129,52.8062],[-132.3423,52.9425],[-132.1139,53.0012],[-132.4888,53.0317],[-132.5658,53.1457],[-131.798,53.2556],[-131.5956,53.0419],[-132.004,53.0639],[-131.613,52.9267],[-131.9836,52.8782],[-131.6609,52.8057],[-131.8395,52.7138],[-131.4076,52.3581],[-131.2484,52.4469],[-131.3597,52.3444],[-131.0097,52.2271],[-131.1127,52.1719]]],[[[-128.8038,52.7007],[-129.1212,52.8445],[-128.8773,53.072],[-129.0155,53.1457],[-128.8646,53.0359],[-129.1837,52.9495],[-129.0781,53.3028],[-128.6347,53.1632],[-128.5387,53.0197],[-128.5946,52.6144],[-128.7554,52.6039],[-128.6645,52.9709],[-128.8038,52.7007]]],[[[-129.2935,53.1079],[-129.1978,53.3217],[-129.1396,53.1048],[-129.2935,53.1079]]],[[[-128.9136,53.4064],[-129.1482,53.3637],[-128.9972,53.5439],[-128.9136,53.4064]]],[[[-129.743,53.2353],[-129.9394,53.1689],[-130.5153,53.6304],[-129.974,53.458],[-129.743,53.2353]]],[[[-129.1662,53.3854],[-129.16,53.627],[-128.8236,53.7081],[-129.1662,53.3854]]],[[[-130.4064,53.687],[-130.2609,53.7978],[-130.0917,53.5703],[-130.4064,53.687]]],[[[-130.2528,53.8925],[-129.831,53.7354],[-129.3287,53.2634],[-129.4296,53.3356],[-129.585,53.2237],[-129.913,53.6113],[-130.0496,53.5878],[-129.8719,53.6392],[-130.0917,53.6461],[-130.2528,53.8925]]],[[[-130.4474,53.9818],[-130.7155,53.8577],[-130.4216,54.1],[-130.2315,53.9738],[-130.3518,53.8378],[-130.4786,53.8439],[-130.3313,53.9676],[-130.4474,53.9818]]],[[[-132.5794,53.2072],[-132.7098,53.2618],[-132.5384,53.327],[-132.703,53.3785],[-132.4001,53.3303],[-132.9773,53.5566],[-132.8911,53.6197],[-133.1444,53.8969],[-133.0729,54.1668],[-132.5757,54.1184],[-132.6614,53.9409],[-132.4068,54.0994],[-132.161,54.0085],[-132.117,53.872],[-132.2406,53.777],[-132.6579,53.6907],[-132.3529,53.6728],[-132.4838,53.5771],[-132.1592,53.6999],[-132.0785,53.8925],[-132.1822,54.0439],[-131.6608,54.1668],[-131.9333,53.6186],[-131.963,53.2829],[-132.2777,53.2147],[-132.1959,53.1594],[-132.5794,53.2072]]],[[[-130.7428,54.6056],[-130.9691,54.462],[-130.9312,54.6227],[-130.7428,54.6056]]],[[[-57.8714,54.8179],[-58.1571,54.7639],[-58.2274,54.8714],[-57.9453,54.9266],[-57.9875,54.8037],[-57.8714,54.8179]]],[[[-61.0097,56.0438],[-61.2323,56.0998],[-61.0438,56.1611],[-61.0097,56.0438]]],[[[-61.2157,56.5856],[-61.1649,56.6918],[-61.0575,56.634],[-61.2157,56.5856]]],[[[-61.6298,56.8463],[-61.3387,56.935],[-61.5847,56.7717],[-61.3844,56.7722],[-61.3884,56.6232],[-61.6471,56.7365],[-61.6298,56.8463]]],[[[-61.6129,57.4155],[-61.9004,57.449],[-61.6794,57.5375],[-61.8253,57.4353],[-61.6129,57.4155]]],[[[-61.8526,57.5861],[-61.818,57.4947],[-62.0171,57.5179],[-61.8526,57.5861]]],[[[-61.9314,57.7954],[-62.1058,57.8386],[-61.9314,57.9151],[-61.9314,57.7954]]],[[[-69.102,59.1313],[-69.3635,58.9634],[-69.3542,59.1406],[-69.102,59.1313]]],[[[-64.079,59.7995],[-63.9913,59.7278],[-64.2031,59.7449],[-64.079,59.7995]]],[[[-108.0057,67.372],[-108.1377,67.4228],[-107.8816,67.4675],[-107.9073,67.3168],[-108.0057,67.372]]],[[[-108.1287,67.6457],[-107.9225,67.5495],[-108.1058,67.4682],[-108.1287,67.6457]]],[[[-98.9667,68.0709],[-98.954,67.9851],[-99.0834,68.0572],[-98.9667,68.0709]]],[[[-111.6579,68.3042],[-111.5002,68.3042],[-111.7261,68.2215],[-111.6579,68.3042]]],[[[-110.836,68.5507],[-110.6989,68.4886],[-111.0952,68.48],[-110.836,68.5507]]],[[[-104.4901,68.5159],[-104.4658,68.4169],[-104.6552,68.398],[-105.086,68.5507],[-104.4901,68.5159]]],[[[-101.694,68.7703],[-101.8448,68.5711],[-102.3519,68.6872],[-102.0246,68.8238],[-101.694,68.7703]]],[[[-100.2068,68.8039],[-100.6033,68.7556],[-100.6313,68.9957],[-100.3235,69.0031],[-100.1249,68.9069],[-100.2068,68.8039]]],[[[-100.0423,69.085],[-100.0218,68.9404],[-100.2552,69.0503],[-100.0423,69.085]]],[[[-101.5294,69.1881],[-101.7014,69.0987],[-101.6052,69.1505],[-101.6891,69.2112],[-101.5294,69.1881]]],[[[-100.9814,69.4822],[-101.2425,69.3743],[-101.3035,69.4481],[-101.1868,69.4822],[-101.3815,69.5382],[-100.9814,69.4822]]],[[[-96.5549,69.4792],[-96.7036,69.5865],[-96.1693,69.5705],[-96.1013,69.4673],[-96.1431,69.3525],[-96.5549,69.4792]]],[[[-95.9445,69.4208],[-96.0114,69.4828],[-95.8011,69.6331],[-95.3712,69.5136],[-95.5336,69.3314],[-95.7459,69.3389],[-95.6554,69.4095],[-95.7218,69.5556],[-95.8353,69.5581],[-95.8846,69.3439],[-95.9445,69.4208]]],[[[-139.1134,69.6542],[-138.8701,69.5921],[-139.3356,69.5717],[-139.1134,69.6542]]],[[[-95.2149,68.8622],[-96.5205,68.4476],[-98.1193,68.675],[-98.3638,68.8576],[-98.5224,68.7503],[-98.97,68.9547],[-99.1923,68.8298],[-99.5973,69.0267],[-98.4096,69.3078],[-98.6113,69.4492],[-98.4186,69.4761],[-98.5494,69.5851],[-98.0238,69.4346],[-98.3702,69.6058],[-97.9252,69.8959],[-97.3423,69.7088],[-97.4932,69.6741],[-97.3907,69.6002],[-97.284,69.697],[-96.2198,69.314],[-96.2256,69.0544],[-96.1234,69.0334],[-96.0482,69.2297],[-95.8282,68.8759],[-95.2149,68.8622]]],[[[-128.2346,70.661],[-128.0837,70.6132],[-128.3445,70.5449],[-128.2346,70.661]]],[[[-100.3514,70.4897],[-100.6556,70.5516],[-100.7145,70.6815],[-100.1938,70.579],[-100.3924,70.5853],[-100.2292,70.4645],[-100.3514,70.4897]]],[[[-100.8722,69.8078],[-100.9643,69.6645],[-101.2948,69.6705],[-101.4574,69.9062],[-101.6735,69.6467],[-102.225,69.9205],[-102.3359,69.767],[-102.6726,69.7694],[-102.4872,69.6907],[-102.5096,69.5642],[-102.7838,69.5369],[-103.4896,69.6945],[-103.1256,69.4399],[-103.0167,69.4822],[-103.1835,69.1159],[-102.8429,69.3847],[-102.2826,69.5036],[-101.9391,69.4206],[-102.2215,69.2291],[-101.7716,69.1938],[-101.8221,68.996],[-102.9659,68.7987],[-104.2642,68.9479],[-105.123,68.8964],[-105.2778,68.9547],[-104.941,69.0861],[-106.4121,69.1881],[-106.2742,69.2881],[-106.3175,69.4013],[-106.5839,69.5036],[-106.9634,69.3627],[-106.9374,69.2156],[-107.3348,69.0256],[-108.5395,68.947],[-109.0286,68.7268],[-113.244,68.4544],[-113.0516,68.5096],[-113.6681,68.8154],[-113.5497,69.0441],[-113.6931,69.1949],[-113.5411,69.1907],[-115.9748,69.3002],[-116.6327,69.4618],[-116.5961,69.564],[-117.236,69.756],[-117.442,69.9894],[-115.6371,70.248],[-114.1847,70.3157],[-112.5509,70.2004],[-111.5156,70.3524],[-113.9884,70.7162],[-115.5607,70.579],[-117.5854,70.6064],[-118.3865,71.0222],[-115.7646,71.3677],[-116.1903,71.4445],[-115.0568,71.525],[-117.3902,71.3872],[-117.5649,71.5039],[-117.5513,71.3742],[-118.162,71.379],[-118.3083,71.4699],[-117.6721,71.5587],[-117.9693,71.6217],[-117.6953,71.6684],[-118.8886,71.583],[-119.1376,71.7744],[-118.6782,72.1423],[-118.1278,72.2272],[-118.1745,72.3384],[-118.5934,72.4287],[-118.1898,72.6354],[-117.3693,72.9178],[-114.5843,73.3846],[-113.9584,73.1401],[-114.0568,72.8886],[-113.9811,72.8091],[-114.3367,72.7556],[-114.248,72.6894],[-114.558,72.571],[-113.5088,72.703],[-113.6596,72.6131],[-113.4398,72.6852],[-113.604,72.7775],[-113.3909,72.9116],[-112.8589,73.0047],[-111.2196,72.7241],[-111.2893,72.566],[-111.8875,72.3677],[-111.6588,72.3595],[-111.7533,72.2071],[-111.2952,72.4707],[-111.3767,72.3542],[-111.0279,72.2853],[-111.0863,72.4083],[-110.7041,72.5788],[-110.3343,72.4273],[-110.5344,72.5044],[-110.3805,72.5595],[-109.7803,72.4362],[-110.2594,72.559],[-109.7877,72.5044],[-110.2943,72.6757],[-109.7734,72.7167],[-110.2545,72.739],[-110.2303,72.8243],[-110.7357,73.0014],[-109.6226,72.916],[-109.7523,72.8812],[-109.4042,72.752],[-108.946,72.6738],[-109.0472,72.5733],[-108.6334,72.5656],[-108.5402,72.1487],[-108.4024,72.1487],[-108.3409,71.9359],[-108.1915,71.963],[-108.2943,71.8815],[-108.1703,71.7541],[-108.246,71.723],[-107.741,71.6181],[-107.8011,71.7344],[-107.2516,71.8061],[-107.4725,71.8703],[-107.2516,71.9017],[-107.7792,72.1413],[-107.8649,72.2958],[-107.7178,72.3027],[-107.8719,72.4348],[-107.786,72.4634],[-107.9852,72.5181],[-107.8754,72.5733],[-108.0132,72.6205],[-108.1566,73.0525],[-108.2983,73.1338],[-107.8679,73.1896],[-108.1187,73.2688],[-108.0132,73.3132],[-108.0876,73.3542],[-107.0732,73.178],[-107.0877,73.2858],[-106.8734,73.3156],[-105.8501,73.06],[-105.3672,72.7924],[-105.5106,72.7788],[-104.9663,72.1935],[-105.0246,72.073],[-104.3653,71.5772],[-104.2813,71.3502],[-104.487,71.3476],[-104.5912,71.0732],[-103.5718,70.6055],[-102.9278,70.4991],[-103.1252,70.5761],[-103.0869,70.6775],[-102.1922,70.3334],[-101.595,70.2773],[-101.5294,70.1129],[-101.0223,70.1862],[-100.8722,69.8078]]],[[[-72.949,66.7346],[-73.0058,66.8177],[-72.8035,67.043],[-72.3509,67.1195],[-72.1933,67.2757],[-72.663,67.6848],[-72.6082,67.7863],[-72.944,67.9323],[-72.9946,68.2359],[-73.4949,68.2769],[-73.2791,68.3997],[-73.6191,68.2496],[-73.8444,68.3496],[-73.9474,68.4135],[-73.7386,68.5192],[-73.7556,68.6872],[-74.1876,68.7294],[-73.8852,68.5549],[-74.22,68.5158],[-74.7208,68.7355],[-74.5745,68.8419],[-74.9827,68.8113],[-74.6848,68.8798],[-75.0441,68.9069],[-74.6401,69.0236],[-74.8091,69.0833],[-75.116,68.893],[-75.4864,69.022],[-75.6065,68.8858],[-76.625,68.6824],[-76.5338,68.8814],[-76.6381,69.0159],[-75.621,69.088],[-75.6019,69.2357],[-76.6296,69.546],[-76.1819,69.6679],[-76.6221,69.6887],[-76.517,69.6679],[-76.703,69.565],[-77.2029,69.6467],[-76.7948,69.7225],[-76.9012,69.7771],[-76.7767,69.8361],[-77.3128,69.842],[-76.9764,69.9422],[-77.6343,69.8249],[-77.4425,69.7908],[-77.6144,69.743],[-77.7039,70.2012],[-78.4083,70.2159],[-78.5393,70.3122],[-78.3884,70.3388],[-79.0737,70.4766],[-78.8818,70.6008],[-78.7174,70.5517],[-78.8399,70.6357],[-79.1555,70.6318],[-79.0032,70.6186],[-79.2134,70.4208],[-79.3468,70.4487],[-79.2307,70.5585],[-79.5913,70.4113],[-78.9254,70.3021],[-78.6651,70.0138],[-78.7999,69.8795],[-79.6809,69.8486],[-79.9061,69.9831],[-81.732,70.134],[-80.7782,69.7932],[-80.9512,69.715],[-83.0479,70.3122],[-81.7386,69.9518],[-82.1384,69.786],[-83.0516,70.0105],[-84.6948,70.0066],[-84.8117,70.1187],[-85.8004,70.0998],[-85.2346,69.9962],[-85.7829,69.9952],[-86.5499,70.2365],[-86.5908,70.3668],[-86.297,70.4774],[-86.3709,70.5266],[-86.6392,70.3251],[-86.8835,70.3356],[-86.7416,70.3872],[-86.9746,70.4727],[-87.2487,70.3941],[-86.9744,70.2904],[-87.7797,70.332],[-87.6119,70.2842],[-87.8525,70.238],[-88.9072,70.5449],[-89.4491,70.908],[-89.1884,70.9626],[-89.5577,71.093],[-87.893,70.9353],[-87.0023,70.9968],[-87.749,71.1408],[-87.8641,71.2748],[-89.8531,71.3393],[-90.0449,71.5967],[-89.7979,71.7646],[-90.1186,71.9289],[-89.9925,72.0716],[-89.5782,72.1624],[-89.9009,72.1898],[-89.913,72.426],[-89.7875,72.4243],[-89.8877,72.4491],[-89.7351,72.6212],[-89.4683,72.6689],[-89.5782,72.7924],[-89.2766,72.7582],[-89.4136,72.8309],[-89.3607,72.9802],[-89.1475,73.1862],[-88.8867,73.217],[-89.0512,73.2517],[-88.6192,73.2858],[-88.8594,73.3337],[-88.6875,73.423],[-87.1341,73.8027],[-85.1057,73.812],[-84.8777,73.7104],[-86.0303,73.3024],[-86.7375,72.7309],[-86.242,72.4225],[-86.4325,72.2768],[-86.4082,72.0058],[-84.8376,71.2866],[-86.8236,70.9905],[-84.9726,71.1962],[-84.8777,71.0725],[-85.1452,71.0861],[-84.7992,70.9279],[-84.7971,71.1849],[-84.6648,71.2233],[-84.7987,71.2877],[-84.7613,71.4077],[-84.5283,71.4731],[-84.6224,71.6658],[-85.2579,71.6684],[-85.5834,71.7918],[-85.4378,71.8148],[-85.5555,71.9017],[-86.0506,72.0146],[-85.4978,72.0799],[-85.3985,72.1345],[-85.4764,72.2663],[-84.862,72.2197],[-84.2066,71.9385],[-84.1645,72.0246],[-84.9392,72.2921],[-84.4321,72.3815],[-84.8647,72.3672],[-84.7801,72.4617],[-85.1319,72.3539],[-85.5145,72.4634],[-85.6182,72.5454],[-85.4736,72.5795],[-85.7064,72.6385],[-85.6821,72.8936],[-85.3179,72.9631],[-83.9529,72.7582],[-85.5356,73.0258],[-85.4636,73.1119],[-83.6376,72.9848],[-85.1581,73.2091],[-85.1134,73.3218],[-84.7972,73.3909],[-84.3426,73.2313],[-84.658,73.3951],[-84.1822,73.4777],[-83.6052,73.3015],[-83.6652,73.4561],[-84.0075,73.5049],[-83.6412,73.5951],[-82.8311,73.7367],[-81.5284,73.7162],[-81.2291,73.5397],[-81.1876,73.2646],[-80.6197,73.1601],[-80.6403,72.9279],[-80.2455,72.7378],[-81.3826,72.2443],[-80.5062,72.4976],[-80.5124,72.3815],[-80.9718,72.2034],[-80.5669,72.0823],[-81.0263,72.0935],[-80.8004,72.0178],[-80.9853,71.8881],[-80.3967,72.0501],[-80.4829,72.1807],[-80.2381,72.2096],[-80.2452,72.2999],[-79.6764,72.1276],[-80.1698,72.3263],[-79.8188,72.5064],[-79.5938,72.3405],[-79.768,72.2224],[-79.4504,72.1959],[-79.546,72.2921],[-79.3316,72.4023],[-78.9572,72.2831],[-79.2307,71.9763],[-78.5045,71.8745],[-78.9144,72.0141],[-78.8304,72.1727],[-78.5045,72.1003],[-78.209,71.8238],[-77.9086,71.7714],[-78.2988,71.9172],[-78.1536,71.9724],[-77.7476,71.7517],[-78.8751,72.2307],[-78.8144,72.3317],[-78.5367,72.3459],[-78.4276,72.1794],[-78.4088,72.329],[-77.6914,72.2166],[-77.661,72.1003],[-76.9974,72.1345],[-78.2271,72.3376],[-78.5591,72.5106],[-77.601,72.7558],[-76.8891,72.7435],[-76.1695,72.5911],[-76.103,72.4797],[-75.9399,72.5922],[-75.1984,72.4976],[-74.9417,72.2574],[-76.0684,72.0759],[-76.385,71.8515],[-76.0051,72.0594],[-75.2223,72.0693],[-75.5854,72.0041],[-75.8045,71.7578],[-76.0999,71.6963],[-75.8051,71.7264],[-75.5506,71.9835],[-75.0632,72.1282],[-74.1739,72.0314],[-74.2524,71.8225],[-75.3778,71.6918],[-74.9398,71.6617],[-75.3947,71.5192],[-74.6401,71.6684],[-75.1337,71.4924],[-74.8437,71.5233],[-74.9281,71.456],[-74.7047,71.3949],[-75.0768,71.1837],[-74.631,71.3902],[-74.7425,71.5141],[-74.5227,71.6626],[-74.1083,71.7379],[-74.2495,71.6088],[-74.146,71.5386],[-74.2168,71.6209],[-73.996,71.7542],[-73.7215,71.7782],[-73.6082,71.7335],[-73.9962,71.4618],[-74.3179,71.4151],[-74.03,71.4424],[-74.2423,71.2028],[-73.8662,71.5353],[-73.5638,71.5585],[-73.6389,71.3605],[-73.3789,71.3872],[-73.8808,71.0533],[-73.315,71.3404],[-73.0499,71.2705],[-73.2764,71.2233],[-73.4546,71.0316],[-73.3789,70.9831],[-72.9954,71.2542],[-72.9946,71.4077],[-72.7551,71.4356],[-72.8376,71.5107],[-72.5494,71.6651],[-71.5443,71.5051],[-71.1171,71.2705],[-71.4705,71.0657],[-72.0451,71.0848],[-72.3563,70.8787],[-72.7761,70.818],[-72.1654,70.8397],[-72.5707,70.6132],[-71.5906,70.8732],[-71.1744,70.8572],[-71.289,70.908],[-71.1509,71.0377],[-70.6379,71.0787],[-70.5212,70.9143],[-70.8055,70.7244],[-71.2122,70.5819],[-71.5764,70.6132],[-71.9674,70.4214],[-71.7298,70.4255],[-71.8237,70.2937],[-71.5149,70.579],[-71.1689,70.5351],[-71.5422,70.0241],[-71.248,70.2221],[-70.9853,70.6337],[-69.915,70.8799],[-69.8072,70.8148],[-70.4487,70.6352],[-70.4744,70.4777],[-70.3095,70.5033],[-70.3936,70.6147],[-70.0409,70.5966],[-69.4735,70.7913],[-68.3623,70.5843],[-68.2805,70.5176],[-68.4586,70.373],[-68.5913,70.467],[-68.72,70.3223],[-69.8083,70.1667],[-70.1799,70.0205],[-69.8322,69.9831],[-70.4728,69.8454],[-69.7585,69.9729],[-69.6832,70.1396],[-68.6783,70.2023],[-68.7906,70.0412],[-69.4082,69.8293],[-69.7882,69.8323],[-69.982,69.6178],[-69.7469,69.8044],[-68.6492,69.9429],[-68.1911,70.1266],[-68.3487,70.1887],[-68.0546,70.3251],[-67.4112,70.0717],[-67.1155,69.7287],[-68.0131,69.7761],[-68.3492,69.6331],[-70.0172,69.5261],[-68.5875,69.591],[-67.2276,69.4643],[-66.654,69.1998],[-67.5095,69.1608],[-69.0135,69.3594],[-69.2351,69.2649],[-68.9525,69.3389],[-68.0825,69.2197],[-68.9641,69.2235],[-68.507,69.2011],[-69.0699,69.1137],[-68.9248,69.1055],[-69.0183,68.9684],[-68.3734,69.1796],[-67.7045,69.0236],[-68.5512,68.9841],[-68.0403,68.9479],[-67.999,68.8559],[-68.4928,68.8995],[-67.7734,68.784],[-69.3835,68.8175],[-68.0477,68.6872],[-68.9043,68.6052],[-67.9334,68.56],[-67.9584,68.3998],[-67.859,68.5502],[-67.6641,68.5647],[-67.4923,68.5301],[-67.63,68.4931],[-67.6063,68.3841],[-67.5486,68.4923],[-66.6636,68.4408],[-67.8688,68.2677],[-67.0325,68.3266],[-67.6021,68.1671],[-66.7882,68.2494],[-66.9714,68.0367],[-66.6932,68.1455],[-66.7387,67.989],[-66.5814,68.1484],[-66.3135,68.1291],[-66.478,68.0776],[-66.1832,68.0162],[-66.4136,67.8691],[-66.7456,67.8791],[-66.3887,67.7815],[-65.9282,68.1648],[-65.8548,68.081],[-66.0323,67.961],[-65.9442,67.8996],[-66.0118,67.6366],[-65.8096,67.9749],[-65.4519,67.9986],[-65.6145,67.7895],[-65.3612,67.5979],[-65.5495,67.793],[-65.4194,67.9138],[-65.025,68.0572],[-64.7497,68.0007],[-65.0666,67.9343],[-64.9431,67.9138],[-65.1088,67.8666],[-65.1491,67.7965],[-65.012,67.793],[-65.1948,67.6437],[-64.9132,67.7943],[-64.8264,67.6942],[-64.7587,67.8244],[-64.5035,67.8065],[-64.3946,67.7161],[-64.6414,67.6667],[-64.3124,67.7351],[-64.042,67.5365],[-64.4434,67.4811],[-63.9971,67.4538],[-63.9084,67.3068],[-64.7997,67.3515],[-64.2305,67.2962],[-64.7727,67.1983],[-63.963,67.2757],[-64.6091,67.1403],[-64.7004,67.0089],[-64.4965,67.1386],[-63.5675,67.2441],[-63.4559,67.1767],[-63.7712,66.9604],[-63.1636,67.3376],[-62.9769,67.2219],[-63.2808,67.1108],[-63.2368,66.9741],[-63.8197,66.8171],[-63.4425,66.9108],[-63.4285,66.7078],[-63.3491,66.8907],[-62.8653,66.9691],[-62.9016,66.6383],[-62.7471,66.9431],[-62.5552,66.9385],[-62.3113,66.7277],[-62.425,66.9282],[-62.09,67.0598],[-62.0041,67.0368],[-62.1059,66.9194],[-61.7536,66.9512],[-61.9996,66.8721],[-61.6056,66.8716],[-61.7297,66.8307],[-61.2764,66.6542],[-61.4382,66.5465],[-61.9993,66.6989],[-62.1884,66.6321],[-61.8215,66.6286],[-61.582,66.4779],[-61.9898,66.4123],[-61.5646,66.3441],[-61.9346,66.2895],[-62.6267,66.4403],[-62.3188,66.3031],[-62.6643,66.2196],[-62.8942,66.3372],[-61.9542,66.0198],[-63.0655,66.1243],[-62.4289,65.9787],[-62.2915,65.8227],[-62.8708,65.9081],[-62.5718,65.7626],[-62.8464,65.7687],[-62.598,65.6749],[-62.6572,65.5888],[-62.9321,65.7606],[-62.9597,65.59],[-63.1962,65.6337],[-63.5101,65.9365],[-63.3467,65.6725],[-63.7214,65.6793],[-63.3666,65.6335],[-63.3666,65.5383],[-63.6204,65.549],[-63.2914,65.4323],[-63.6551,65.467],[-63.3876,65.3981],[-63.5242,65.3851],[-63.3133,65.2098],[-63.5179,65.1927],[-63.3398,65.1449],[-63.535,64.8985],[-63.8258,64.9866],[-63.6551,65.0419],[-63.871,65.0445],[-63.8091,65.1859],[-64.2783,65.1039],[-64.079,65.2001],[-64.3743,65.1793],[-64.4086,65.2883],[-64.2374,65.4323],[-64.5571,65.0932],[-64.7308,65.1592],[-64.6489,65.2541],[-64.9089,65.3088],[-64.6824,65.3435],[-64.9151,65.3435],[-64.4086,65.4807],[-65.0102,65.3694],[-65.1696,65.4875],[-64.7103,65.6588],[-65.3409,65.5832],[-64.7922,65.7277],[-65.184,65.6567],[-65.5054,65.7551],[-65.3358,65.9213],[-64.7376,65.9742],[-64.8543,66.0356],[-64.7172,66.2246],[-64.354,66.3503],[-64.7103,66.2826],[-64.9636,66.0759],[-65.8994,65.9537],[-65.9604,66.0527],[-65.6392,66.1728],[-65.4775,66.3918],[-65.6819,66.1914],[-66.0119,66.1175],[-66.2573,66.2236],[-66.1496,66.2895],[-66.5208,66.2187],[-66.4718,66.3503],[-66.5742,66.3714],[-66.4432,66.4143],[-66.766,66.3851],[-66.6772,66.4601],[-66.8616,66.5427],[-66.725,66.5911],[-67.0603,66.6457],[-66.8827,66.57],[-67.1294,66.4872],[-67.5278,66.6245],[-67.7461,66.57],[-67.2862,66.5262],[-67.1556,66.3685],[-67.4103,66.4328],[-67.146,66.3028],[-67.9925,66.5085],[-67.7529,66.2547],[-67.1633,66.0424],[-67.3142,66.0015],[-67.1871,65.9162],[-67.9228,65.9032],[-68.0334,66.0015],[-67.9726,66.0834],[-68.5135,66.3031],[-68.4966,66.2129],[-68.8497,66.1933],[-68.0273,66.0759],[-68.2116,66.0076],[-68.116,65.9667],[-68.3479,66.0398],[-68.1911,65.953],[-68.3124,65.9128],[-68.1368,65.9266],[-68.0823,65.8328],[-68.2054,65.796],[-67.8143,65.8159],[-68.0334,65.4875],[-67.7355,65.6384],[-67.2731,65.6452],[-67.2595,65.5353],[-67.4587,65.5012],[-67.0599,65.4241],[-67.4171,65.351],[-66.9373,65.2412],[-67.1086,65.0623],[-66.725,65.1859],[-66.9168,65.0493],[-66.7592,65.0692],[-66.8343,64.9456],[-66.7052,64.7688],[-66.6822,65.0442],[-66.1496,64.8706],[-66.3415,64.7744],[-66.218,64.6924],[-66.0187,64.8576],[-66.0414,64.7194],[-65.8074,64.6374],[-65.9521,64.8845],[-65.6892,64.83],[-65.7103,64.6924],[-65.56,64.7129],[-65.7524,64.59],[-65.7069,64.4901],[-65.1144,64.515],[-65.227,64.3005],[-65.6579,64.3092],[-65.2623,64.2189],[-65.3955,64.1512],[-65.0529,64.0687],[-65.2134,64.0279],[-64.6352,63.983],[-64.9914,63.8284],[-64.5223,63.6691],[-64.5076,63.4221],[-64.6352,63.4182],[-64.5368,63.2552],[-64.7171,63.281],[-64.9427,63.6327],[-65.3024,63.8127],[-64.9842,63.5937],[-65.1491,63.4312],[-64.9021,63.2394],[-65.1491,63.2878],[-64.7513,63.1022],[-64.8679,63.096],[-64.765,63.0551],[-64.8475,62.9731],[-64.6278,62.9111],[-65.272,63.0067],[-64.9395,62.631],[-65.211,62.5788],[-65.3546,62.6845],[-65.2447,62.7801],[-65.3751,62.7869],[-65.2515,62.8354],[-65.3273,62.9179],[-65.6038,62.8251],[-65.7524,62.9248],[-65.7242,63.0551],[-65.7882,62.8732],[-65.9635,62.9375],[-65.8343,63.0334],[-66.0294,62.9862],[-66.2574,63.1315],[-66.1039,62.9516],[-66.4184,63.0075],[-66.6884,63.2814],[-66.6437,63.3746],[-66.7387,63.294],[-66.5438,63.0041],[-66.6751,63.0287],[-66.807,63.2748],[-66.8343,63.1507],[-67.0199,63.2394],[-66.974,63.3959],[-67.0124,63.2878],[-67.2011,63.2885],[-67.9242,63.7676],[-67.6977,63.3697],[-68.2889,63.6991],[-68.993,63.7607],[-68.2298,63.1993],[-67.9174,63.1432],[-67.9857,63.0755],[-67.6113,63.0971],[-67.7734,62.9588],[-67.5369,63.045],[-67.6567,62.9179],[-67.4238,62.9794],[-67.2452,62.89],[-67.3687,62.8558],[-66.91,62.6982],[-67.0062,62.6572],[-66.7597,62.6839],[-66.5122,62.4238],[-66.3582,62.4517],[-66.4739,62.3367],[-65.93,62.2047],[-66.04,62.0753],[-66.2043,62.1166],[-65.9504,61.8969],[-66.2745,61.8581],[-69.0272,62.3798],[-69.2883,62.4936],[-69.2811,62.6237],[-69.3773,62.5337],[-69.5868,62.6577],[-69.3902,62.767],[-70.2403,62.7541],[-71.0419,62.9588],[-70.9462,63.0328],[-71.1421,62.9848],[-70.8228,63.1301],[-70.9265,63.1726],[-71.2371,63.0072],[-71.7135,63.1779],[-71.6487,63.2639],[-71.7687,63.2605],[-71.7613,63.4027],[-72.1423,63.4483],[-71.6145,63.4269],[-71.2269,63.6025],[-71.5619,63.5815],[-71.5354,63.7123],[-71.6555,63.6577],[-71.9228,63.8196],[-72.0084,63.754],[-71.8445,63.7607],[-71.9298,63.655],[-72.2006,63.7804],[-72.3176,63.6789],[-72.3646,63.7607],[-72.0903,63.911],[-72.2418,63.9594],[-72.3782,63.7825],[-72.6662,63.8564],[-72.6632,64.0839],[-72.7342,63.9699],[-73.1045,64.2815],[-73.3863,64.2815],[-73.2656,64.3703],[-73.4819,64.4051],[-73.1672,64.59],[-73.3031,64.6657],[-73.314,64.5382],[-73.4642,64.508],[-73.4272,64.603],[-73.6464,64.6657],[-73.7519,64.5416],[-73.9217,64.6093],[-73.7829,64.4802],[-73.9617,64.4802],[-74.0777,64.3293],[-74.1739,64.3703],[-74.079,64.4206],[-74.1739,64.4659],[-74.0436,64.446],[-74.1262,64.5416],[-73.9548,64.515],[-74.1671,64.5695],[-74.0026,64.5826],[-74.0498,64.7259],[-74.2423,64.5826],[-74.4204,64.6657],[-74.3945,64.5768],[-74.7084,64.7402],[-74.4866,64.8367],[-74.6463,64.9047],[-74.7314,64.7722],[-74.9889,64.8023],[-74.4687,64.5621],[-74.6463,64.5347],[-74.5057,64.4617],[-74.681,64.3778],[-75.82,64.6222],[-75.6332,64.4597],[-75.9218,64.487],[-75.736,64.3725],[-76.7109,64.3054],[-76.689,64.1916],[-78.011,64.4282],[-78.1556,64.6993],[-78.299,64.7067],[-78.0731,64.8159],[-78.1206,64.9742],[-77.3128,65.2001],[-77.5142,65.3261],[-77.2917,65.3814],[-77.3916,65.4731],[-75.7979,65.2323],[-75.4407,65.0657],[-75.4253,64.9725],[-75.6679,64.9456],[-75.3787,64.7216],[-75.3458,64.9252],[-75.5717,64.8842],[-75.2626,64.957],[-75.1987,65.1057],[-75.3631,65.0076],[-75.9491,65.3225],[-75.1932,65.2563],[-75.1051,65.3961],[-74.7152,65.4398],[-74.5512,65.3334],[-74.1184,65.5371],[-73.4744,65.4596],[-73.7178,65.7746],[-74.4722,66.1486],[-72.949,66.7346]]],[[[-115.3236,73.5087],[-119.1639,72.6298],[-119.3402,72.3467],[-120.2548,72.2608],[-120.1581,72.1284],[-120.434,71.9643],[-120.3824,71.6917],[-120.6352,71.4914],[-121.4232,71.3803],[-121.7006,71.4681],[-122.7978,71.0878],[-123.2553,71.1304],[-123.9395,71.6533],[-125.2323,71.9413],[-124.9589,71.9666],[-125.8776,71.964],[-125.4384,72.4157],[-124.9524,72.5696],[-125.1026,72.6347],[-124.9455,72.703],[-125.1134,72.8675],[-124.476,72.9331],[-124.8599,73.0903],[-123.7738,73.7656],[-124.2132,73.8792],[-124.7557,74.3486],[-121.5808,74.5559],[-119.5183,74.2311],[-119.818,74.1043],[-119.7652,74.0353],[-119.4799,74.2261],[-119.1444,74.2091],[-119.0692,74.0905],[-119.1893,73.9922],[-118.9519,74.0176],[-118.7254,74.2208],[-117.4165,74.2325],[-115.3236,73.5087]]],[[[-123.369,48.7742],[-123.5311,48.7344],[-123.5956,48.9518],[-123.369,48.7742]]],[[[-126.0833,49.3149],[-126.2235,49.2771],[-126.2314,49.3786],[-126.0833,49.3149]]],[[[-124.1095,49.678],[-124.2051,49.7053],[-124.0201,49.781],[-124.1095,49.678]]],[[[-124.6644,49.7469],[-124.3479,49.7042],[-124.1232,49.4998],[-124.6644,49.7469]]],[[[-126.6587,49.7878],[-126.6794,49.5918],[-126.987,49.8151],[-126.7685,49.8835],[-126.6587,49.7878]]],[[[-125.0275,50.1441],[-124.9957,50.2321],[-124.891,50.069],[-125.0055,50.0176],[-125.0275,50.1441]]],[[[-125.1988,50.0411],[-125.336,50.2745],[-125.1715,50.219],[-125.1988,50.0411]]],[[[-124.891,50.1925],[-124.9171,50.3035],[-124.7538,50.1683],[-124.891,50.1925]]],[[[-125.336,50.3017],[-125.288,50.4374],[-125.048,50.2056],[-125.1422,50.1258],[-125.2125,50.3223],[-125.336,50.3017]]],[[[-126.6177,50.6723],[-126.2895,50.8286],[-126.1789,50.7508],[-126.6177,50.6723]]],[[[-123.3212,48.4958],[-123.3025,48.4143],[-123.6539,48.3143],[-125.094,48.73],[-125.1852,48.801],[-124.847,49.0205],[-124.8084,49.2466],[-124.9077,49.0064],[-125.6066,48.9619],[-125.8717,49.0902],[-125.6129,49.2064],[-125.7467,49.1481],[-125.7748,49.3701],[-126.0281,49.2739],[-125.912,49.4384],[-126.0144,49.3223],[-126.0551,49.4453],[-126.5727,49.4143],[-126.5488,49.596],[-126.1075,49.6833],[-126.4532,49.6743],[-126.4674,49.7923],[-126.5731,49.7069],[-126.6497,49.898],[-126.8436,49.9735],[-126.8395,49.8882],[-126.9193,49.9735],[-126.9361,49.8666],[-127.1419,49.8666],[-127.2375,49.9618],[-127.0969,50.1509],[-127.3625,50.0325],[-127.4634,50.187],[-127.8981,50.1141],[-127.747,50.2432],[-127.9681,50.3422],[-127.9258,50.4621],[-127.5912,50.4857],[-127.4469,50.3769],[-127.5625,50.5211],[-127.419,50.6035],[-127.8777,50.6301],[-127.5926,50.5436],[-128.0602,50.4526],[-128.4172,50.7719],[-127.8825,50.8669],[-126.8642,50.5301],[-125.4767,50.339],[-124.8821,49.7249],[-124.9762,49.668],[-124.7947,49.4726],[-123.9549,49.2292],[-123.5799,48.8216],[-123.6508,48.7531],[-123.5355,48.5401],[-123.4168,48.6911],[-123.3212,48.4958]]],[[[-64.4774,60.3339],[-64.8616,60.4655],[-64.6413,60.4923],[-64.4225,60.3976],[-64.4774,60.3339]]],[[[-67.8808,60.4968],[-67.9728,60.2903],[-68.4194,60.2097],[-68.2413,60.5856],[-67.8808,60.4968]]],[[[-64.8406,61.3515],[-65.4842,61.6225],[-64.717,61.6635],[-64.7921,61.6225],[-64.65,61.6047],[-64.6793,61.4953],[-64.8406,61.3515]]],[[[-93.0255,61.9167],[-93.0589,61.8299],[-93.2247,61.9064],[-93.0255,61.9167]]],[[[-65.2412,61.9204],[-64.8279,61.7612],[-65.1473,61.7839],[-65.2412,61.9204]]],[[[-79.2825,62.2699],[-79.326,61.9884],[-79.7589,61.5822],[-80.2611,61.8563],[-80.215,62.1377],[-79.9346,62.3781],[-79.5397,62.4176],[-79.2825,62.2699]]],[[[-64.3806,62.5275],[-64.5941,62.3698],[-64.9635,62.4648],[-64.8013,62.5685],[-64.3806,62.5275]]],[[[-70.2406,62.6156],[-70.7279,62.5534],[-70.9252,62.7459],[-70.774,62.7713],[-71.236,62.8864],[-70.2406,62.6156]]],[[[-82.1913,62.9862],[-81.8624,62.9248],[-81.9398,62.7116],[-83.0662,62.1872],[-83.7052,62.1435],[-83.9398,62.4238],[-83.4187,62.8923],[-82.1913,62.9862]]],[[[-77.538,63.2878],[-77.5597,63.1848],[-77.9408,63.0871],[-78.5443,63.4492],[-77.8443,63.4725],[-77.538,63.2878]]],[[[-64.0864,63.335],[-64.2792,63.3411],[-64.4979,63.6168],[-64.3549,63.6688],[-64.2926,63.4387],[-64.0864,63.335]]],[[[-76.6889,63.4858],[-76.5449,63.4665],[-76.702,63.3697],[-76.9821,63.4073],[-77.4461,63.6611],[-77.1203,63.685],[-76.6889,63.4858]]],[[[-64.8883,63.7949],[-64.5626,63.9086],[-64.6134,63.7875],[-64.3881,63.7329],[-64.8883,63.7949]]],[[[-73.5296,64.5041],[-73.5153,64.3703],[-73.6542,64.3232],[-73.578,64.4931],[-73.6842,64.5248],[-73.5296,64.5041]]],[[[-65.5463,64.5484],[-65.6881,64.5476],[-65.4119,64.7398],[-65.2098,64.644],[-65.5463,64.5484]]],[[[-62.2572,65.7482],[-62.1269,65.6793],[-62.2089,65.6095],[-62.4857,65.7237],[-62.2572,65.7482]]],[[[-80.1833,63.7676],[-81.1249,63.4638],[-82.4818,63.6852],[-82.5509,63.7573],[-82.3709,63.913],[-83.0845,63.9582],[-82.9658,64.137],[-83.0843,64.1898],[-83.6853,64.0141],[-83.6338,63.771],[-84.2843,63.6268],[-84.5902,63.3151],[-85.2739,63.1234],[-85.6352,63.2431],[-85.5902,63.6133],[-85.7137,63.7744],[-86.8682,63.5618],[-87.2238,63.6601],[-86.8959,63.9302],[-86.1929,64.1034],[-86.4194,64.5969],[-86.173,64.8296],[-86.1515,65.3961],[-85.9389,65.7632],[-85.4865,65.9241],[-85.4883,65.7966],[-85.1719,65.7891],[-85.0524,65.6142],[-85.3165,65.5415],[-85.0076,65.4157],[-84.9318,65.2182],[-84.5547,65.4859],[-84.16,65.347],[-84.2303,65.2676],[-84.0985,65.2095],[-83.3977,65.1366],[-83.2084,64.9477],[-81.7713,64.512],[-81.7746,64.3092],[-81.6066,64.1341],[-81.9916,63.9987],[-81.3988,64.1015],[-80.9307,63.9935],[-80.8888,64.1226],[-80.5219,63.9697],[-80.6746,63.894],[-80.1833,63.7676]]],[[[-85.0011,66.0076],[-84.5741,65.6356],[-84.8009,65.5671],[-85.1127,65.7621],[-85.1793,65.9878],[-85.0011,66.0076]]],[[[-84.4735,66.0902],[-84.0214,66.0877],[-83.6927,65.9257],[-83.7864,65.8128],[-83.2123,65.706],[-83.8389,65.6522],[-83.6853,65.7551],[-84.1427,65.7668],[-84.1246,65.9067],[-84.4735,66.0902]]],[[[-83.2738,66.3093],[-82.9044,66.2684],[-83.0776,66.1978],[-83.2738,66.3093]]],[[[-62.4075,67.187],[-62.7469,67.0181],[-62.9015,67.0634],[-62.4075,67.187]]],[[[-63.7575,67.5228],[-64.038,67.5296],[-63.9547,67.655],[-63.7575,67.5228]]],[[[-73.3583,67.8381],[-74.4023,67.7789],[-74.7752,68.0294],[-74.3384,68.1807],[-74.2554,68.0635],[-73.4462,67.993],[-73.3583,67.8381]]],[[[-66.2964,68.2695],[-66.1831,68.2626],[-66.2706,68.1614],[-66.6611,68.2095],[-66.2964,68.2695]]],[[[-86.5771,68.2906],[-86.4078,68.2078],[-86.3725,67.9366],[-86.6801,67.7351],[-86.9204,67.8614],[-86.8371,67.992],[-86.9874,68.0843],[-86.5771,68.2906]]],[[[-75.0335,68.1733],[-75.1614,67.9531],[-75.0441,67.817],[-75.0651,67.5524],[-75.5959,67.3111],[-76.9816,67.2433],[-77.2506,67.4538],[-77.3227,67.708],[-76.6889,68.2626],[-75.9112,68.3445],[-75.0335,68.1733]]],[[[-78.909,68.324],[-78.83,68.2527],[-79.0084,68.1769],[-79.1835,68.2217],[-79.1561,68.3445],[-78.909,68.324]]],[[[-74.3688,68.3892],[-74.2978,68.4644],[-74.0807,68.3327],[-74.2217,68.2496],[-74.3688,68.3892]]],[[[-78.6142,68.5063],[-78.9706,68.4749],[-78.6689,68.5848],[-78.8425,68.6673],[-78.4634,68.6195],[-78.6142,68.5063]]],[[[-74.8448,68.5786],[-74.7926,68.6757],[-74.5171,68.5643],[-74.8448,68.5786]]],[[[-74.838,68.4202],[-74.8113,68.324],[-74.9962,68.3377],[-75.4004,68.6087],[-75.2389,68.7248],[-75.0199,68.681],[-74.7738,68.4855],[-74.838,68.4202]]],[[[-90.4974,69.2427],[-90.777,69.3287],[-90.619,69.3764],[-90.4974,69.2427]]],[[[-79.0798,68.879],[-79.423,68.9274],[-78.6217,69.2631],[-78.7223,69.3371],[-78.214,69.3029],[-79.0798,68.879]]],[[[-90.2504,69.2979],[-90.5067,69.3666],[-90.2019,69.4481],[-90.2504,69.2979]]],[[[-76.6923,69.4109],[-76.6752,69.311],[-76.9436,69.208],[-76.9012,69.1055],[-77.3872,69.2665],[-77.2501,69.4351],[-76.6923,69.4109]]],[[[-67.4443,69.5921],[-67.3078,69.5581],[-67.5058,69.4959],[-67.7528,69.5233],[-67.4443,69.5921]]],[[[-67.9099,69.5338],[-68.3077,69.5921],[-67.8806,69.7105],[-67.7249,69.6467],[-67.9099,69.5338]]],[[[-78.3945,69.6467],[-78.1554,69.7539],[-77.942,69.6467],[-78.0923,69.5783],[-78.8807,69.4807],[-78.3945,69.6467]]],[[[-79.9711,69.6331],[-80.0775,69.6369],[-79.9986,69.5001],[-80.814,69.6945],[-79.6724,69.8204],[-79.3481,69.6945],[-79.9711,69.6331]]],[[[-83.8361,69.7498],[-83.8556,69.8317],[-83.5277,69.7908],[-83.8361,69.7498]]],[[[-91.4631,69.7771],[-91.7375,69.7976],[-91.4253,69.8861],[-91.4631,69.7771]]],[[[-87.0842,69.9894],[-87.379,70.106],[-87.1165,70.1611],[-86.4604,70.0168],[-87.0842,69.9894]]],[[[-71.508,71.0173],[-71.3435,71.0076],[-71.4061,70.9166],[-72.0021,70.8119],[-72.228,70.9217],[-71.8597,71.0786],[-71.508,71.0173]]],[[[-72.9536,71.5175],[-72.817,71.4486],[-73.0242,71.4123],[-73.0536,71.2964],[-73.3788,71.5175],[-73.1009,71.5533],[-73.1393,71.4208],[-72.9536,71.5175]]],[[[-72.7379,71.6615],[-72.6588,71.6],[-72.7653,71.529],[-73.0436,71.5864],[-72.7379,71.6615]]],[[[-95.3275,71.8471],[-95.3185,71.7425],[-95.4921,71.7435],[-95.3275,71.8471]]],[[[-96.9177,72.7378],[-97.014,72.7788],[-96.7594,72.8962],[-96.6483,72.8009],[-96.9177,72.7378]]],[[[-97.072,73.1381],[-96.8092,73.1921],[-96.5683,73.0525],[-96.973,72.9296],[-97.1407,73.0589],[-97.072,73.1381]]],[[[-104.6809,73.6298],[-104.5008,73.5672],[-104.5727,73.3322],[-105.0158,73.0139],[-105.3597,72.9501],[-105.285,72.8514],[-106.1207,73.2927],[-107.0393,73.4844],[-106.5996,73.7106],[-105.3814,73.7707],[-104.6809,73.6298]]],[[[-80.9034,73.6074],[-80.8618,73.7514],[-80.5602,73.7725],[-79.4503,73.6353],[-78.1138,73.6657],[-77.2135,73.5108],[-77.0399,73.3588],[-76.7144,73.3225],[-76.6343,73.1698],[-76.2433,73.0935],[-76.3326,72.9705],[-76.0583,72.9017],[-76.319,72.8167],[-78.1709,72.8986],[-79.5684,72.7598],[-80.0018,72.8712],[-80.1761,73.0456],[-80.1638,73.2334],[-80.8601,73.319],[-80.8498,73.4753],[-80.6973,73.4844],[-80.9034,73.6074]]],[[[-96.3213,72.4669],[-96.8768,72.3263],[-96.5342,72.2443],[-96.5,72.0935],[-96.8693,72.0451],[-96.4932,72.028],[-96.7669,71.9223],[-96.5013,71.9315],[-96.5888,71.8207],[-97.6853,71.6184],[-98.2528,71.67],[-98.3593,71.7344],[-98.2131,71.8813],[-98.295,71.9017],[-98.5005,71.723],[-98.0418,71.5312],[-98.73,71.2717],[-99.2351,71.3496],[-99.3852,71.5858],[-100.6365,72.1865],[-100.9678,72.1754],[-101.2162,72.3347],[-101.4486,72.2421],[-101.782,72.3088],[-101.934,72.4865],[-102.6142,72.6613],[-102.756,72.8123],[-102.2829,73.0872],[-101.9478,73.0935],[-101.2955,72.7914],[-101.4134,72.752],[-101.056,72.6909],[-100.348,72.7766],[-100.5023,72.9637],[-100.4203,73.0395],[-100.3104,73.0327],[-100.4166,72.9783],[-100.2688,72.96],[-100.3166,72.8774],[-100.0718,72.8886],[-100.1112,73.0327],[-100.3235,73.1009],[-100.2279,73.1344],[-100.5295,73.0935],[-100.6115,73.1481],[-100.4674,73.2033],[-100.5563,73.2313],[-99.7686,73.2108],[-100.3629,73.3996],[-100.8579,73.2628],[-101.6256,73.4914],[-100.9186,73.603],[-100.44,73.4081],[-100.6043,73.4988],[-100.5494,73.6005],[-101.1186,73.7241],[-100.8858,73.8321],[-100.0233,73.7378],[-99.8461,73.8883],[-100.2787,73.8896],[-99.8027,73.937],[-99.1912,73.6903],[-97.7739,73.9189],[-97.1937,73.8475],[-96.9382,73.6868],[-97.6439,73.5397],[-97.1832,73.4724],[-97.1727,73.359],[-97.8283,73.2783],[-98.5148,73.0047],[-98.4462,72.8725],[-97.9852,73.0441],[-97.256,72.9621],[-97.4186,72.8607],[-97.0256,72.7295],[-97.1939,72.6151],[-96.5376,72.752],[-96.3213,72.4669]]],[[[-99.2474,73.855],[-99.4403,73.909],[-98.7525,74.0336],[-97.6432,74.0722],[-98.1434,73.8784],[-99.2474,73.855]]],[[[-90.291,73.9233],[-90.1957,73.9022],[-90.5107,73.6979],[-90.996,73.5512],[-90.9213,73.4981],[-91.2577,73.2722],[-91.6339,73.2313],[-91.3763,73.2032],[-92.0958,72.7462],[-94.3208,72.7651],[-93.7874,72.7407],[-93.8168,72.6453],[-93.4642,72.4634],[-94.2184,72.0526],[-94.0266,72.0656],[-94.0601,71.9836],[-95.2115,71.9942],[-95.0886,72.1003],[-95.2012,72.1109],[-94.7904,72.1599],[-95.1767,72.155],[-95.2353,72.4395],[-95.1357,72.4634],[-95.5927,72.6994],[-95.5131,72.7378],[-95.6689,72.8022],[-95.7174,72.9971],[-95.5133,73.1337],[-95.7049,73.5596],[-95.5404,73.5807],[-95.7192,73.6906],[-95.4117,73.7764],[-94.6224,73.6557],[-95.3309,73.9175],[-94.7206,74.1014],[-93.2726,74.178],[-92.4302,74.0624],[-92.334,73.9432],[-91.5724,74.0331],[-90.291,73.9233]]],[[[-97.7368,74.4714],[-97.503,74.623],[-97.2604,74.598],[-97.7368,74.4714]]],[[[-95.3623,74.5908],[-95.2556,74.5188],[-95.3496,74.4959],[-95.87,74.5812],[-95.3623,74.5908]]],[[[-103.6384,75.1995],[-104.2295,75.0189],[-104.9296,75.1411],[-104.4032,75.4326],[-103.8205,75.3667],[-103.6384,75.1995]]],[[[-93.4369,74.9443],[-93.5331,74.6706],[-94.7242,74.6318],[-95.8976,74.8259],[-96.1369,74.9369],[-96.0646,75.0236],[-96.2667,74.9096],[-96.6161,74.9915],[-96.4694,75.1944],[-95.78,75.3825],[-96.1555,75.408],[-95.7049,75.403],[-95.7915,75.501],[-94.8995,75.6447],[-93.6765,75.362],[-93.8,75.3074],[-93.4994,75.268],[-93.5803,75.205],[-93.4916,75.074],[-93.6424,75.0399],[-93.4369,74.9443]]],[[[-96.5751,75.4377],[-96.8727,75.3574],[-97.0549,75.4992],[-96.3751,75.66],[-95.9104,75.5607],[-96.2057,75.458],[-96.4243,75.5812],[-96.5751,75.4377]]],[[[-120.998,75.9306],[-120.8683,75.9169],[-120.9911,75.763],[-121.2934,75.76],[-121.0226,75.8235],[-120.998,75.9306]]],[[[-102.8733,75.7661],[-103.3866,75.7661],[-103.0449,75.9062],[-101.9813,75.9517],[-102.8733,75.7661]]],[[[-94.4853,75.9784],[-94.3165,75.7643],[-94.7438,75.7615],[-94.9105,75.9374],[-94.4853,75.9784]]],[[[-102.5716,75.9927],[-103.9762,75.9443],[-102.4438,76.0899],[-102.3268,76.0228],[-102.5716,75.9927]]],[[[-117.7847,75.8965],[-118.2024,75.6016],[-118.6139,75.5037],[-119.409,75.6016],[-117.7987,76.1116],[-117.4625,76.0883],[-117.7847,75.8965]]],[[[-78.8954,76.123],[-78.8256,76.0622],[-79.176,75.958],[-78.8965,75.8426],[-79.752,75.8828],[-78.8954,76.123]]],[[[-103.8114,76.0336],[-104.3945,76.0815],[-104.4659,76.1606],[-104.2025,76.2254],[-102.7266,76.3156],[-102.5306,76.1572],[-103.8114,76.0336]]],[[[-83.9923,76.4254],[-84.1378,76.5141],[-83.9112,76.4719],[-83.9923,76.4254]]],[[[-104.398,76.4687],[-104.6813,76.6022],[-104.0246,76.6705],[-103.9247,76.6401],[-104.0582,76.5681],[-103.7961,76.6231],[-103.0104,76.4235],[-104.3777,76.3249],[-104.398,76.4687]]],[[[-97.4249,75.5197],[-97.305,75.3952],[-97.7242,75.5722],[-97.8563,75.5477],[-97.7738,75.4601],[-98.0418,75.4849],[-97.7743,75.4241],[-98.0353,75.4155],[-97.88,75.3743],[-98.1167,75.298],[-97.9305,75.3395],[-98.0008,75.2795],[-97.5688,75.1498],[-98.1033,75.2255],[-97.9758,75.0145],[-99.3743,74.9892],[-99.3058,75.1313],[-99.6454,74.976],[-100.3688,75.0231],[-100.5494,75.205],[-99.987,75.2386],[-100.7485,75.3447],[-100.4265,75.3825],[-100.7213,75.4377],[-100.0412,75.4572],[-100.2825,75.5272],[-99.83,75.5477],[-100.0423,75.5607],[-99.7037,75.5952],[-99.8232,75.6562],[-98.9067,75.7097],[-102.6334,75.4981],[-102.8817,75.6178],[-102.0093,75.7047],[-102.3457,75.7873],[-102.2623,75.8698],[-101.833,75.9058],[-101.2758,75.7457],[-100.9132,75.8145],[-101.5506,75.8698],[-101.3035,76.0207],[-101.71,75.9897],[-101.9029,76.1059],[-101.3855,76.2534],[-102.1028,76.2208],[-102.1948,76.2943],[-101.9547,76.3695],[-102.0351,76.4128],[-101.3216,76.4145],[-101.0571,76.3284],[-101.1321,76.2452],[-100.7172,76.174],[-100.6251,76.123],[-100.7412,76.0957],[-100.4203,76.123],[-100.6251,76.0815],[-99.9471,75.8752],[-99.4403,75.9722],[-99.8641,75.9374],[-100.2211,76.1361],[-99.4185,76.164],[-100.4787,76.2338],[-99.8437,76.2869],[-100.9882,76.5066],[-99.6409,76.6374],[-99.0703,76.4042],[-98.8506,76.4377],[-99.0287,76.6022],[-98.4553,76.6821],[-98.151,76.5886],[-98.3679,76.5705],[-97.6651,76.4862],[-97.7886,76.3223],[-97.5067,76.1907],[-97.6545,75.9821],[-97.5702,75.8652],[-97.9394,75.7457],[-97.3775,75.6798],[-97.4249,75.5197]]],[[[-101.1597,76.5817],[-101.6871,76.5886],[-100.9725,76.7355],[-100.2477,76.7394],[-101.1597,76.5817]]],[[[-89.675,76.7326],[-89.8593,76.6164],[-89.675,76.5066],[-89.9774,76.4777],[-90.5945,76.7509],[-89.9822,76.8424],[-89.675,76.7326]]],[[[-105.3951,75.6743],[-105.7508,75.4924],[-105.5931,75.4651],[-106.0089,75.0566],[-107.231,74.9201],[-107.6863,74.9822],[-107.7717,75.1014],[-107.9914,75.0126],[-107.9442,74.9369],[-108.4166,74.9171],[-108.8242,75.0715],[-112.4374,74.4135],[-113.693,74.4445],[-114.4224,74.7031],[-112.7978,74.9851],[-111.5858,75.0064],[-110.9508,75.2516],[-112.3461,75.1215],[-112.4735,75.1498],[-112.3369,75.2255],[-112.5895,75.1833],[-112.6789,75.2795],[-112.6994,75.1423],[-112.8571,75.1098],[-113.8866,75.0582],[-113.929,75.1443],[-113.6453,75.1907],[-113.9395,75.1833],[-113.813,75.3239],[-113.3231,75.4241],[-113.8739,75.3738],[-114.0707,75.4749],[-114.1958,75.2252],[-114.6151,75.2833],[-114.3033,75.1818],[-114.4408,75.0679],[-115.0577,74.9667],[-115.2628,75.1833],[-115.6666,75.1485],[-115.5372,75.0399],[-115.7154,74.9704],[-116.2559,75.0604],[-116.0437,75.1287],[-116.3085,75.1026],[-116.2565,75.2112],[-116.7672,75.1222],[-117.6885,75.2597],[-117.2022,75.4808],[-116.0419,75.4848],[-115.0021,75.6985],[-117.249,75.6091],[-116.8854,75.789],[-114.8274,75.8794],[-116.7363,75.9374],[-116.4613,75.9784],[-116.7016,76.0405],[-116.6303,76.1204],[-116.1627,76.2038],[-114.667,76.164],[-115.927,76.2869],[-114.8724,76.5202],[-114.1593,76.4588],[-113.963,76.1906],[-112.9942,76.2733],[-112.4256,76.1708],[-112.5257,76.121],[-112.4188,76.0507],[-111.7268,75.9169],[-112.227,75.8145],[-111.4591,75.8419],[-111.5964,75.8145],[-111.3699,75.7326],[-111.4108,75.6159],[-111.2508,75.5219],[-108.91,75.4787],[-109.0336,75.5539],[-108.8555,75.5607],[-108.9374,75.678],[-108.8281,75.6911],[-110.0546,75.8965],[-109.2974,76.0391],[-109.3231,76.1154],[-110.3836,76.3005],[-110.3972,76.3967],[-108.7756,76.8642],[-108.4508,76.7326],[-108.7319,76.6432],[-108.5387,76.5618],[-108.6289,76.5202],[-108.4849,76.4588],[-108.6159,76.4235],[-108.0809,76.2869],[-108.4992,76.0405],[-107.6503,76.0058],[-108.0262,75.7873],[-107.076,75.8994],[-106.8809,75.6492],[-106.8823,75.7661],[-106.6148,75.8009],[-106.8859,75.8382],[-106.8749,75.9654],[-106.3398,76.0616],[-105.6068,75.9374],[-105.3951,75.6743]]],[[[-114.837,76.7598],[-113.8461,76.8989],[-113.4535,76.7735],[-114.837,76.7598]]],[[[-79.5602,74.9915],[-79.3563,74.8856],[-79.909,74.814],[-80.3994,74.9143],[-80.1008,74.8276],[-80.2454,74.7587],[-80.1288,74.7178],[-80.2175,74.5875],[-81.7887,74.4584],[-82.92,74.5515],[-83.1173,74.6694],[-83.0785,74.8158],[-83.4917,74.9095],[-83.3222,74.7622],[-83.4935,74.5778],[-84.2583,74.5065],[-84.9149,74.5124],[-85.008,74.7041],[-85.0353,74.539],[-85.1849,74.4931],[-85.5337,74.6901],[-85.4823,74.5454],[-85.6039,74.498],[-86.1246,74.4844],[-86.1793,74.6222],[-86.38,74.4875],[-86.803,74.6222],[-86.6037,74.4714],[-88.5178,74.5012],[-88.4342,74.7656],[-88.297,74.7799],[-88.5395,74.9038],[-88.8476,74.665],[-89.0989,74.8407],[-89.0603,74.7222],[-89.2703,74.7587],[-89.0989,74.6871],[-89.1474,74.6079],[-89.4344,74.5533],[-91.025,74.7041],[-90.7868,74.8896],[-91.2304,74.7383],[-91.0994,74.6291],[-91.3304,74.7209],[-91.5135,74.6447],[-92.0627,74.8034],[-92.0118,74.9096],[-92.2303,75.074],[-92.0559,75.1532],[-92.504,75.218],[-92.3265,75.3757],[-92.463,75.3757],[-92.3808,75.4561],[-92.0044,75.6016],[-92.1757,75.7525],[-92.1268,75.8738],[-92.6197,76.0146],[-93.0602,76.349],[-95.3902,76.2391],[-94.8006,76.3284],[-95.9738,76.4359],[-96.0819,76.5176],[-95.5882,76.6096],[-96.027,76.555],[-96.9656,76.7394],[-96.3082,76.7598],[-96.8196,76.872],[-96.6577,76.9523],[-96.8184,76.9834],[-95.7707,77.0767],[-93.6702,76.9146],[-93.179,76.7199],[-93.2991,76.555],[-93.6561,76.4451],[-93.5607,76.3952],[-93.0793,76.6276],[-90.9211,76.6433],[-90.4927,76.4683],[-91.4011,76.4588],[-89.1944,76.2482],[-90.4564,76.1777],[-90.0937,76.125],[-91.6134,76.267],[-91.2737,76.2117],[-91.4085,76.1497],[-90.6907,76.1234],[-90.8667,76.0678],[-90.1882,76.0678],[-91.1615,76.0207],[-90.943,76.0063],[-91.1288,75.8361],[-90.7978,75.9988],[-90.4285,75.9722],[-90.5185,75.8988],[-89.9638,76.016],[-89.688,75.9033],[-89.7773,75.7941],[-89.1625,75.7652],[-89.2572,75.6358],[-89.7631,75.5812],[-89.2085,75.586],[-88.9174,75.4304],[-88.7638,75.4377],[-88.9003,75.6091],[-88.7224,75.6861],[-88.2281,75.4713],[-87.7508,75.5809],[-87.4669,75.456],[-87.5075,75.5613],[-87.2657,75.623],[-86.3648,75.4304],[-86.618,75.3689],[-85.5219,75.403],[-86.1388,75.5129],[-84.5761,75.6243],[-84.6647,75.6911],[-84.0006,75.8288],[-81.1131,75.7791],[-81.2521,75.654],[-79.95,75.5402],[-80.3758,75.4651],[-79.5738,75.4515],[-79.6831,75.4377],[-79.4913,75.3825],[-79.6149,75.3037],[-79.4435,75.287],[-79.5169,75.2292],[-80.4434,75.0399],[-79.5602,74.9915]]],[[[-119.3175,76.1999],[-119.4863,76.3611],[-119.7169,76.3353],[-119.5646,76.1718],[-119.7032,76.164],[-119.5524,76.123],[-119.8057,76.1156],[-119.486,75.9749],[-120.3874,75.8067],[-120.489,75.8471],[-120.3885,75.9722],[-120.6837,76.0062],[-120.6492,76.1025],[-120.7516,76.1025],[-120.6622,76.1435],[-120.865,76.201],[-121.0112,76.1389],[-120.9535,75.9582],[-121.2997,75.9108],[-121.8471,76.0452],[-122.6189,75.942],[-122.7316,75.9784],[-122.5603,76.0268],[-122.6981,76.0207],[-122.483,76.1024],[-122.7049,76.1156],[-122.4926,76.1435],[-122.6058,76.1743],[-123.0407,76.0883],[-122.4032,76.4042],[-121.5119,76.4482],[-121.1873,76.6882],[-120.368,76.8145],[-119.1956,77.3176],[-117.8524,77.3904],[-117.0392,77.2928],[-117.1737,77.3597],[-116.647,77.3904],[-117.1334,77.4682],[-116.4067,77.5624],[-115.3926,77.3079],[-116.4005,77.1373],[-115.732,76.9486],[-116.3658,76.9318],[-115.8928,76.6984],[-117.0079,76.5522],[-116.9343,76.3558],[-117.1363,76.2902],[-118.0584,76.4104],[-117.9076,76.5334],[-117.9186,76.6933],[-117.7362,76.7803],[-117.8658,76.8233],[-118.4967,76.7189],[-118.3054,76.555],[-118.9463,76.5229],[-118.569,76.3452],[-118.8997,76.2751],[-118.9635,76.1357],[-119.3175,76.1999]]],[[[-85.1622,77.4587],[-85.5424,77.5407],[-85.0184,77.5835],[-84.8162,77.4997],[-85.1622,77.4587]]],[[[-89.6613,77.3564],[-90.405,77.2032],[-91.1795,77.3942],[-91.2093,77.5754],[-90.3041,77.6294],[-89.6613,77.3564]]],[[[-104.3945,77.1925],[-105.2246,77.1645],[-106.0937,77.7296],[-105.503,77.7211],[-104.9961,77.5371],[-105.0159,77.4146],[-104.4213,77.3079],[-104.3945,77.1925]]],[[[-93.252,77.6444],[-93.7845,77.4377],[-95.9876,77.4791],[-96.3287,77.6096],[-95.5065,77.8107],[-93.608,77.7815],[-93.2079,77.723],[-93.1011,77.6642],[-93.252,77.6444]]],[[[-102.4487,77.7399],[-102.5306,77.8361],[-102.4485,77.8813],[-101.7252,77.9065],[-100.932,77.7445],[-102.4487,77.7399]]],[[[-113.6863,77.8666],[-113.577,77.815],[-113.7225,77.7692],[-114.3007,77.7133],[-115.1182,77.9597],[-114.3273,78.0808],[-113.6863,77.8666]]],[[[-109.6037,78.0739],[-109.7869,77.9498],[-110.9037,77.8532],[-110.1079,77.7762],[-110.041,77.6444],[-110.2354,77.5042],[-111.9908,77.3293],[-113.1659,77.5151],[-113.2413,77.5823],[-113.0898,77.6232],[-113.3231,77.8082],[-113.1411,77.9225],[-111.8241,78.0526],[-109.6037,78.0739]]],[[[-102.9005,78.2744],[-102.7838,78.2067],[-103.0472,78.127],[-103.2842,78.1614],[-102.9005,78.2744]]],[[[-109.2595,78.4593],[-109.4087,78.3099],[-109.8232,78.2954],[-113.3362,78.3364],[-110.741,78.758],[-109.8873,78.6759],[-109.2595,78.4593]]],[[[-96.9103,77.7952],[-97.1033,77.8082],[-96.9935,77.9249],[-97.7743,78.0416],[-96.8693,78.1372],[-97.9195,78.2203],[-97.7668,78.247],[-98.0685,78.3085],[-98.035,78.3985],[-98.4073,78.4882],[-98.025,78.5526],[-98.3292,78.6549],[-98.3559,78.7739],[-97.451,78.7971],[-94.8279,78.3637],[-95.4032,78.2333],[-94.8893,78.1093],[-95.0607,77.9726],[-96.9103,77.7952]]],[[[-105.6068,79.1036],[-105.4569,79.3293],[-103.7216,79.3633],[-102.8795,79.2333],[-102.6188,79.0967],[-102.7764,78.9459],[-102.5989,78.8776],[-102.4208,79.0142],[-101.6484,79.081],[-101.0142,78.9505],[-101.1852,78.8074],[-100.3498,78.8237],[-99.8921,78.6989],[-100.0634,78.6381],[-99.5579,78.5987],[-99.8717,78.4389],[-99.7481,78.3808],[-99.8027,78.3085],[-98.9462,78.0689],[-99.1038,77.9659],[-99.029,77.8827],[-99.9386,77.7829],[-100.61,77.864],[-100.8307,78.0153],[-100.7621,78.083],[-101.0597,78.2055],[-102.5925,78.2445],[-102.8022,78.2878],[-102.7441,78.3806],[-104.4657,78.2746],[-105.0177,78.5245],[-103.5395,78.5004],[-103.4002,78.6169],[-104.0445,78.6306],[-103.3258,78.7475],[-104.1881,78.7767],[-103.8322,78.905],[-104.2472,78.9971],[-104.9554,78.7982],[-104.7084,79.0311],[-105.6068,79.1036]]],[[[-100.1522,79.998],[-99.7794,80.1508],[-99.1197,80.1337],[-98.706,79.967],[-98.7751,79.9047],[-98.6514,79.7922],[-98.8402,79.6699],[-99.5836,79.8987],[-100.0702,79.8782],[-100.1522,79.998]]],[[[-96.6231,80.0443],[-96.748,80.1401],[-96.3639,80.1415],[-94.3822,79.988],[-94.8074,80.0973],[-94.1068,80.1871],[-95.4015,80.1267],[-95.6981,80.1799],[-95.2636,80.251],[-95.9691,80.2014],[-96.685,80.3437],[-95.4374,80.3437],[-96.1022,80.4946],[-95.9036,80.5429],[-96.027,80.5839],[-93.7858,80.5293],[-94.656,80.652],[-94.1288,80.7282],[-95.4997,80.808],[-95.15,80.8856],[-95.4852,80.9061],[-94.903,81.0637],[-93.9366,81.0228],[-94.3024,81.1227],[-93.1558,81.0978],[-93.2172,81.2145],[-94.3959,81.2617],[-94.1885,81.3666],[-93.2577,81.3734],[-91.7983,81.1592],[-91.915,81.0774],[-90.5929,80.6528],[-90.7311,80.5667],[-89.058,80.4678],[-89.2572,80.399],[-89.0785,80.399],[-89.2353,80.2738],[-88.5384,80.0991],[-88.1461,80.1035],[-88.7086,80.2897],[-88.6442,80.3967],[-87.7006,80.4126],[-87.5677,80.1833],[-88.0636,80.1252],[-87.2394,80.0704],[-87.0085,79.9533],[-87.4883,79.8372],[-86.962,79.9088],[-87.1358,79.6495],[-87.4609,79.5356],[-86.3091,79.6481],[-86.0421,79.5691],[-86.1662,79.4599],[-86.0675,79.4362],[-85.6987,79.618],[-84.9126,79.2707],[-86.7467,78.9591],[-86.9683,79.0642],[-86.9402,78.9186],[-87.6492,78.643],[-87.9975,78.8112],[-87.9847,78.9643],[-87.7284,79.0831],[-88.1737,78.9956],[-88.1362,78.6869],[-88.3585,78.6579],[-87.9097,78.5524],[-88.2285,78.4636],[-88.8048,78.6102],[-88.54,78.4169],[-88.8113,78.1654],[-90.0062,78.6138],[-90.0587,78.5092],[-89.4957,78.1561],[-90.332,78.3364],[-90.7506,78.3227],[-90.3254,78.2744],[-90.3527,78.1446],[-92.0245,78.2107],[-92.9691,78.4896],[-91.6492,78.565],[-93.2817,78.5947],[-93.8131,78.7678],[-93.0384,78.7678],[-94.2935,78.9869],[-93.3305,79.171],[-90.3664,79.2475],[-92.6273,79.2454],[-91.1205,79.3916],[-92.4954,79.3654],[-92.2875,79.4575],[-93.0867,79.4871],[-93.005,79.3916],[-93.3885,79.3432],[-93.2344,79.4182],[-93.321,79.4521],[-93.9298,79.2592],[-94.2109,79.2749],[-93.841,79.399],[-94.4801,79.4267],[-95.211,79.281],[-95.2804,79.4052],[-95.7554,79.4062],[-95.7391,79.5424],[-94.7277,79.6105],[-94.3003,79.7752],[-95.8537,79.6524],[-96.5888,79.8571],[-96.1369,79.9117],[-96.6231,80.0443]]],[[[-61.0855,82.3312],[-62.2576,82.0235],[-64.3261,81.8309],[-64.1206,81.7695],[-64.3726,81.725],[-68.2132,81.5632],[-69.3083,81.7217],[-68.3894,81.5666],[-68.8559,81.5504],[-68.5806,81.5161],[-66.6083,81.5162],[-70.1648,81.1937],[-69.6373,81.1799],[-70.0203,81.1059],[-65.7357,81.4933],[-64.5461,81.5504],[-64.4359,81.4815],[-64.6921,81.3908],[-67.563,80.946],[-69.666,80.3552],[-70.3095,80.358],[-70.2695,80.4535],[-70.8077,80.5709],[-70.3704,80.4127],[-70.4529,80.3437],[-69.9595,80.2618],[-70.1591,80.1925],[-71.7346,80.1179],[-72.3795,80.2278],[-71.8985,80.1179],[-72.342,80.0626],[-70.5143,80.1035],[-71.4488,79.9161],[-70.9116,79.8926],[-71.1424,79.7895],[-72.2317,79.6626],[-74.2278,79.8957],[-74.8449,79.8503],[-73.3833,79.7756],[-73.1271,79.5743],[-73.3169,79.5091],[-74.9964,79.5134],[-74.8886,79.4156],[-75.028,79.3733],[-77.1338,79.5487],[-75.9141,79.347],[-76.8733,79.35],[-77.1245,79.4689],[-77.4015,79.4531],[-77.1619,79.3302],[-78.0594,79.3569],[-77.4971,79.2476],[-74.4687,79.2272],[-74.825,79.1793],[-74.4923,79.0367],[-75.7572,79.0842],[-76.0888,79.2047],[-78.2574,79.1719],[-76.1687,79.0773],[-78.8955,79.0694],[-77.7322,79.0247],[-78.2268,78.7722],[-77.718,78.9697],[-75.7808,78.982],[-76.4592,78.8494],[-74.7738,78.8348],[-74.9063,78.7883],[-74.722,78.7126],[-74.8728,78.6443],[-74.6326,78.5897],[-76.6616,78.5283],[-75.0298,78.3364],[-75.6262,78.1998],[-76.8883,78.2233],[-75.6176,78.131],[-75.934,77.9586],[-78.2166,78.0025],[-78.43,77.9113],[-77.9807,77.8167],[-78.0799,77.6785],[-77.7162,77.6096],[-78.6897,77.3191],[-80.5514,77.3098],[-81.9375,77.6854],[-81.673,77.5237],[-81.7372,77.4348],[-81.1709,77.3325],[-82.1519,77.3159],[-81.8577,77.1705],[-81.103,77.2875],[-80.1151,77.2056],[-80.3725,77.0747],[-79.4324,77.2386],[-79.0065,77.1047],[-79.3756,76.9256],[-78.7204,76.8276],[-78.0909,77.0228],[-77.7162,76.822],[-77.7708,76.6643],[-78.3673,76.4657],[-78.7742,76.5773],[-79.2932,76.3024],[-81.0725,76.1291],[-80.958,76.1982],[-81.0952,76.2186],[-80.7725,76.42],[-81.2069,76.5636],[-82.0557,76.5165],[-82.0616,76.6165],[-81.7832,76.6885],[-82.2763,76.6349],[-82.7298,76.821],[-82.0821,76.5681],[-82.282,76.4005],[-83.1025,76.4657],[-83.4014,76.7615],[-83.5196,76.6921],[-83.2516,76.5773],[-83.2237,76.4114],[-83.7128,76.435],[-84.293,76.6638],[-84.1973,76.6181],[-84.235,76.4468],[-85.0558,76.5203],[-84.3881,76.3151],[-85.2034,76.2843],[-86.3474,76.3885],[-86.4176,76.4717],[-86.2072,76.5272],[-86.578,76.6417],[-86.3029,76.5277],[-86.6427,76.4772],[-86.722,76.3484],[-87.4331,76.4657],[-87.563,76.6202],[-87.4271,76.3494],[-88.4036,76.3937],[-88.507,76.8237],[-88.7086,76.7121],[-88.4963,76.5476],[-88.5987,76.4105],[-88.6958,76.4153],[-88.6129,76.4862],[-88.7105,76.6008],[-88.8079,76.4474],[-89.1702,76.4242],[-89.6812,76.5749],[-89.3864,76.7327],[-89.5372,76.8568],[-88.2936,77.1363],[-86.6038,77.1782],[-87.2146,77.2124],[-86.9129,77.267],[-87.2487,77.308],[-86.8504,77.3639],[-87.721,77.3701],[-87.7006,77.5408],[-88.2115,77.6503],[-88.235,77.7741],[-88.1053,77.815],[-88.222,77.8629],[-86.4522,77.8364],[-85.9744,77.7133],[-85.7185,77.4745],[-85.7957,77.4253],[-85.5081,77.4791],[-84.4661,77.3017],[-84.5733,77.4067],[-83.4662,77.3489],[-83.8362,77.4588],[-82.9861,77.6785],[-82.5408,77.9249],[-82.596,78.0212],[-82.3211,78.0826],[-82.7649,78.0277],[-82.736,77.9283],[-83.4225,77.6073],[-83.9182,77.4935],[-84.8454,77.5432],[-84.4988,77.7547],[-84.943,77.6027],[-85.3072,77.6711],[-85.3506,77.74],[-84.946,77.8287],[-85.3202,77.8721],[-84.3153,77.8976],[-85.6796,77.9352],[-84.2886,78.0826],[-84.852,78.0577],[-85.0974,78.1031],[-85.0353,78.1788],[-84.028,78.1788],[-84.9683,78.2141],[-84.576,78.3535],[-84.8709,78.37],[-84.647,78.5994],[-85.4915,78.1061],[-86.2894,78.0834],[-85.8603,78.3856],[-86.7698,78.1204],[-87.5167,78.1335],[-87.0911,78.2068],[-87.523,78.2334],[-87.5113,78.4354],[-86.8583,78.5488],[-87.1184,78.5935],[-86.6099,78.8093],[-85.0311,78.9219],[-83.7456,78.8389],[-82.3428,78.5692],[-82.596,78.7064],[-82.2625,78.7513],[-83.2602,78.8367],[-81.7537,78.843],[-81.4788,79.049],[-82.5346,78.8851],[-84.7521,79.0389],[-84.4529,79.1483],[-83.3632,79.0552],[-84.3296,79.1924],[-84.4866,79.4127],[-85.021,79.6175],[-86.4747,79.761],[-86.3963,79.963],[-85.2538,79.926],[-86.5347,80.0309],[-86.6538,80.1369],[-86.5039,80.3091],[-83.7879,80.2509],[-82.1709,79.8689],[-81.6706,79.6933],[-81.616,79.6244],[-81.7873,79.6114],[-80.5875,79.5692],[-79.752,79.707],[-81.5234,79.718],[-81.6617,79.9076],[-81.4037,79.9397],[-82.1687,80.0183],[-83.2056,80.3232],[-78.0523,80.5691],[-79.9643,80.6175],[-76.5153,80.8561],[-78.9364,80.8788],[-78.9091,81.0017],[-78.4442,81.1705],[-76.7442,81.4405],[-78.1917,81.3052],[-78.7368,81.1136],[-79.505,81.2003],[-79.0662,81.0911],[-79.3321,81.0187],[-79.195,80.9594],[-80.8756,80.6629],[-83.1204,80.5478],[-83.087,80.6472],[-81.76,80.8167],[-83.499,80.7012],[-83.1236,80.831],[-83.2737,80.8465],[-83.8628,80.7621],[-83.7195,80.6318],[-83.846,80.5441],[-85.1214,80.5041],[-85.8645,80.543],[-85.5629,80.6249],[-86.7491,80.6045],[-85.7985,80.9463],[-82.3848,81.1854],[-85.781,81.034],[-87.276,80.6318],[-87.7065,80.6455],[-89.4344,80.9284],[-86.6992,81.0054],[-84.7487,81.296],[-89.8262,81.013],[-90.2981,81.1935],[-88.9339,81.2487],[-89.9245,81.3422],[-88.8889,81.5005],[-87.3135,81.5179],[-88.3427,81.5905],[-90.4214,81.3685],[-90.8336,81.4643],[-89.5856,81.6323],[-90.2987,81.7041],[-91.47,81.5299],[-91.9566,81.6602],[-90.2429,81.8998],[-89.3354,81.809],[-89.1475,81.8856],[-89.3891,81.9374],[-88.0705,82.1073],[-87.3728,82.0774],[-87.1736,82.0159],[-87.2896,81.9645],[-86.7279,81.893],[-87.1314,81.9756],[-86.6289,82.0587],[-85.3993,81.8569],[-85.6837,82.0078],[-84.6033,81.893],[-86.8787,82.2083],[-85.401,82.277],[-85.5009,82.4001],[-85.9012,82.4447],[-84.7084,82.483],[-84.946,82.4274],[-83.4268,82.303],[-82.9517,82.1258],[-83.1304,82.0712],[-81.8766,82.0438],[-82.627,82.1037],[-82.9699,82.2984],[-79.2306,81.8179],[-79.8637,82.0269],[-82.7116,82.3815],[-82.4973,82.5094],[-81.4788,82.5025],[-82.371,82.6461],[-80.5806,82.5434],[-81.4739,82.8303],[-80.3154,82.7864],[-79.847,82.6438],[-78.5479,82.676],[-80.4012,82.8796],[-79.3405,82.9755],[-79.009,82.8747],[-78.606,82.9436],[-78.5187,82.8461],[-77.1387,82.8669],[-75.8938,82.5987],[-76.2183,82.4521],[-75.4004,82.6192],[-77.3872,82.9897],[-77.134,83.037],[-74.2,83.0021],[-72.5911,82.7012],[-73.6531,82.9271],[-72.9722,83.073],[-71.6276,83.1033],[-71.7961,83.0201],[-71.5832,82.9482],[-70.8371,82.8861],[-71.5012,83.0096],[-71.1244,83.0996],[-69.6875,83.1165],[-69.7744,83.0512],[-69.4517,83.037],[-69.617,82.9899],[-66.2998,82.9345],[-68.6177,82.6304],[-65.8516,82.8424],[-65.1553,82.77],[-65.3545,82.8036],[-65.1007,82.852],[-65.3061,82.8724],[-64.6967,82.9098],[-64.9368,82.8724],[-64.4429,82.7605],[-63.408,82.8182],[-63.8531,82.7216],[-62.9283,82.5708],[-63.3733,82.441],[-62.1747,82.5299],[-61.0855,82.3312]]],[[[-79.95,53.3518],[-79.9471,53.2659],[-80.086,53.3304],[-79.95,53.3518]]],[[[-79.9779,56.2021],[-80.105,56.2005],[-80.0599,56.3044],[-79.6744,56.3845],[-79.5459,56.5303],[-79.9779,56.2021]]],[[[-79.5937,56.7712],[-79.4833,56.7394],[-79.5649,56.6206],[-79.5937,56.7712]]],[[[-79.9028,56.8941],[-79.795,56.9516],[-79.7309,56.8019],[-79.9028,56.8941]]],[[[-80.225,59.7313],[-80.1561,59.6828],[-80.3422,59.6196],[-80.225,59.7313]]],[[[-66.8615,44.7268],[-66.7432,44.782],[-66.6904,44.62],[-66.906,44.6062],[-66.8615,44.7268]]],[[[-60.9141,45.5666],[-61.0035,45.4608],[-61.1117,45.5488],[-60.9141,45.5666]]],[[[-73.4993,45.7099],[-73.5887,45.4479],[-73.9736,45.4446],[-73.4993,45.7099]]],[[[-60.0809,45.7924],[-60.6718,45.5737],[-60.8711,45.6457],[-61.2846,45.5477],[-61.5515,46.0218],[-60.6421,47.0037],[-60.3961,47.0264],[-60.4958,46.8955],[-60.3108,46.8544],[-60.3518,46.6013],[-60.6058,46.2113],[-60.4269,46.284],[-61.1186,45.9494],[-60.736,46.0566],[-61.0712,45.8955],[-60.9141,45.8545],[-61.1476,45.7079],[-60.7325,45.6844],[-60.3995,45.998],[-60.7816,45.9543],[-60.2835,46.3275],[-60.2047,46.2418],[-60.2903,46.1562],[-60.1361,46.2518],[-59.8105,46.1699],[-59.9579,46.0275],[-59.8053,45.9355],[-60.1273,45.8695],[-60.0809,45.7924]]],[[[-62.004,46.4641],[-62.5764,46.239],[-62.4532,46.1076],[-62.5719,46.0327],[-62.4559,46.0252],[-62.7507,45.9508],[-63.0306,46.0668],[-62.8782,46.1556],[-63.1168,46.2158],[-62.963,46.32],[-63.1957,46.2723],[-63.2334,46.1455],[-63.6021,46.2169],[-63.8,46.3319],[-63.7369,46.3964],[-64.1343,46.4156],[-64.0727,46.6422],[-64.4168,46.6828],[-63.9971,47.0673],[-64.0933,46.78],[-63.8336,46.6124],[-63.9356,46.4783],[-63.7089,46.4442],[-63.6769,46.5681],[-63.2381,46.4074],[-62.004,46.4641]]],[[[-61.671,47.5465],[-61.9656,47.283],[-61.793,47.2403],[-62.0106,47.2248],[-61.9255,47.4132],[-61.3887,47.6257],[-61.671,47.5465]]],[[[-64.3192,49.7912],[-64.5106,49.8681],[-64.2137,49.9523],[-63.1241,49.7839],[-61.8826,49.3545],[-61.6608,49.151],[-62.2482,49.0679],[-63.0933,49.2329],[-64.3192,49.7912]]],[[[-79.3951,52.0837],[-79.2517,52.0769],[-79.3365,51.9633],[-79.6204,51.9205],[-79.6353,52.0217],[-79.3951,52.0837]]],[[[-80.7593,52.9192],[-80.7177,52.695],[-82.0627,53.0228],[-81.8578,53.1852],[-81.1742,53.2123],[-80.7593,52.9192]]],[[[-78.7576,56.1679],[-78.9249,56.161],[-78.6708,56.4431],[-78.7576,56.1679]]],[[[-79.5459,56.0438],[-79.909,55.8253],[-80.0257,55.9003],[-79.5254,56.2936],[-79.4708,56.5521],[-79.6073,56.1345],[-79.4093,56.2225],[-79.204,56.685],[-79.1327,56.6151],[-79.247,56.5621],[-78.8818,56.3256],[-79.2033,55.8594],[-78.9802,56.392],[-79.2859,55.8663],[-79.141,56.2268],[-79.4694,55.8794],[-79.7861,55.7905],[-79.5459,56.0438]]],[[[-79.9059,56.8668],[-79.8174,56.8316],[-79.8881,56.7491],[-79.9059,56.8668]]],[[[-67.5583,58.411],[-67.5308,58.2969],[-67.6359,58.291],[-67.5583,58.411]]],[[[-64.0434,63.5631],[-64.0912,63.4865],[-64.1687,63.6046],[-64.0434,63.5631]]],[[[-64.2172,63.8426],[-64.2611,63.7239],[-64.3429,63.7693],[-64.2172,63.8426]]],[[[-64.9654,64.3097],[-64.8783,64.2296],[-64.9913,64.1932],[-65.0755,64.307],[-64.9654,64.3097]]],[[[-135.706,69.5088],[-135.5952,69.4484],[-135.8409,69.4814],[-135.706,69.5088]]]]}},{"type":"Feature","properties":{"name":"Mexico"},"geometry":{"type":"MultiPolygon","coordinates":[[[[-97.1393,25.9658],[-97.6514,24.5159],[-97.7252,23.8056],[-97.8221,23.7884],[-97.7606,23.6519],[-97.7222,23.7393],[-97.7423,22.9721],[-97.891,22.5961],[-97.7606,22.0959],[-97.3162,21.5609],[-97.4186,21.2734],[-97.4722,21.4378],[-97.3702,21.5375],[-97.777,22.0731],[-97.1505,20.647],[-96.4561,19.8688],[-96.2904,19.3326],[-95.7528,18.8],[-95.9589,18.8564],[-95.852,18.7168],[-95.585,18.6697],[-95.7328,18.8],[-95.1901,18.7051],[-94.7869,18.5119],[-94.4669,18.1442],[-93.7811,18.2728],[-93.5524,18.4294],[-93.1558,18.4431],[-93.1285,18.3406],[-93.1376,18.4289],[-92.7169,18.5922],[-92.6691,18.4294],[-92.6959,18.6156],[-92.4051,18.6711],[-91.9481,18.6912],[-91.8666,18.5984],[-92.0528,18.5467],[-91.902,18.5808],[-91.8143,18.3887],[-91.7983,18.4914],[-91.4865,18.4364],[-91.182,18.6566],[-91.2987,18.6286],[-91.2655,18.7357],[-91.4147,18.8136],[-91.2372,18.9576],[-91.5053,18.8166],[-90.7424,19.343],[-90.7028,19.7111],[-90.4639,19.9779],[-90.4899,20.5341],[-90.3391,20.9724],[-90.4421,20.7943],[-90.1995,21.1142],[-88.1295,21.616],[-87.2569,21.4406],[-87.1383,21.5631],[-87.3722,21.5692],[-87.0433,21.6021],[-86.828,21.4333],[-86.7416,21.1641],[-87.4305,20.221],[-87.4798,19.7843],[-87.485,19.9623],[-87.6673,19.6338],[-87.7412,19.6717],[-87.6738,19.5057],[-87.4128,19.5776],[-87.6759,19.3112],[-87.6491,19.2206],[-87.4609,19.3139],[-87.8446,18.1967],[-88.0778,18.4986],[-88.0363,18.875],[-88.2478,18.6963],[-88.1507,18.6986],[-88.2833,18.4914],[-88.5278,18.4541],[-88.8714,17.891],[-89.0494,17.9992],[-89.1605,17.8143],[-90.9909,17.802],[-90.992,17.2519],[-91.4425,17.238],[-90.797,16.8054],[-90.6331,16.4833],[-90.3949,16.4192],[-90.4374,16.0989],[-91.7398,16.061],[-92.2113,15.2721],[-92.0738,15.0737],[-92.2261,14.5493],[-92.7684,15.1715],[-93.9434,16.0106],[-93.8981,16.0889],[-94.3993,16.2986],[-94.4369,16.2228],[-93.9639,15.9975],[-94.7224,16.1997],[-94.5808,16.3265],[-94.7931,16.2576],[-94.8521,16.4289],[-95.0638,16.2683],[-94.767,16.1987],[-95.2332,16.1582],[-96.2366,15.6833],[-96.556,15.659],[-97.266,15.9359],[-97.7727,15.9795],[-98.0685,16.2023],[-98.5528,16.3148],[-98.7769,16.5551],[-99.6633,16.6982],[-101.059,17.2642],[-101.9899,17.9748],[-102.1906,17.916],[-103.3616,18.2668],[-103.98,18.8749],[-104.9936,19.3422],[-105.6987,20.4069],[-105.2436,20.5836],[-105.3415,20.7546],[-105.5449,20.7681],[-105.2343,21.061],[-105.185,21.443],[-105.6323,21.9557],[-105.7325,22.5414],[-106.4298,23.1851],[-107.0359,23.9808],[-107.7923,24.494],[-107.498,24.3439],[-107.5297,24.5219],[-107.6241,24.4585],[-107.9952,24.6484],[-107.9852,24.9534],[-108.0876,24.8231],[-108.3279,25.1112],[-108.1833,24.9814],[-108.0035,25.0314],[-108.7319,25.3581],[-108.5941,25.3513],[-108.7657,25.3809],[-108.769,25.5402],[-109.1161,25.5363],[-108.9805,25.5446],[-108.838,25.8046],[-109.0621,25.5903],[-109.2502,25.6862],[-109.1565,25.5568],[-109.4103,25.6461],[-109.2869,25.7107],[-109.4103,25.6933],[-109.4333,26.0217],[-109.2167,26.344],[-109.0882,26.2904],[-109.2496,26.3345],[-109.4834,26.7426],[-109.7846,26.7194],[-109.9662,27.1089],[-110.5223,27.2904],[-110.4256,27.3019],[-110.6271,27.6411],[-110.5133,27.8732],[-110.8491,27.9067],[-110.8389,27.9894],[-110.8863,27.8389],[-111.105,27.9354],[-111.4381,28.3871],[-111.7084,28.4601],[-111.9494,28.7565],[-111.8682,28.8031],[-112.1665,28.9667],[-112.2395,29.3153],[-112.4112,29.3447],[-112.3778,29.4857],[-112.7463,29.9105],[-112.7532,30.1859],[-113.1288,30.8124],[-113.0487,31.1567],[-113.2329,31.288],[-113.6223,31.3256],[-113.6596,31.4975],[-113.9777,31.6631],[-114.0289,31.4915],[-114.2089,31.5123],[-115.0294,31.9709],[-114.7806,31.6558],[-114.8887,31.1629],[-114.7105,30.9184],[-114.6603,30.1833],[-114.3922,29.783],[-113.6363,29.2822],[-113.5249,28.8916],[-113.3879,28.9398],[-113.103,28.5046],[-112.8463,28.4411],[-112.7732,27.8639],[-112.3547,27.5473],[-112.2128,27.2105],[-111.9504,27.0933],[-112.0172,26.9785],[-111.7843,26.5718],[-111.6768,26.5819],[-111.8514,26.8803],[-111.5601,26.6957],[-111.3071,25.7792],[-111.0193,25.5153],[-110.6839,24.883],[-110.7386,24.5546],[-110.6099,24.2537],[-110.3609,24.1111],[-110.3325,24.3288],[-110.2326,24.3432],[-109.9877,24.0463],[-109.8283,24.0628],[-109.6963,23.6655],[-109.468,23.5551],[-109.5162,23.1253],[-109.8954,22.8742],[-110.0275,22.9162],[-110.3074,23.541],[-111.679,24.5863],[-111.8129,24.5059],[-112.0084,24.8746],[-111.9667,24.7442],[-112.088,24.7734],[-112.0969,24.9996],[-112.1658,24.9539],[-112.0308,25.4736],[-112.1789,25.9552],[-112.4027,26.2402],[-113.0607,26.5991],[-113.119,26.7941],[-113.2158,26.7445],[-113.1457,26.9701],[-113.2705,26.7525],[-113.6371,26.7255],[-113.8164,26.949],[-114.4351,27.1764],[-114.5065,27.4062],[-115.0227,27.7403],[-115.0559,27.8603],[-114.4991,27.7741],[-114.3163,27.8747],[-114.1029,27.6019],[-113.9533,27.6557],[-114.0592,27.8012],[-114.141,27.7309],[-114.1534,27.945],[-114.2765,27.9011],[-114.1344,28.0839],[-114.1064,27.928],[-114.0397,28.0277],[-114.0682,28.518],[-114.972,29.3778],[-115.6976,29.7558],[-115.8373,30.3465],[-116.0493,30.4796],[-116.0579,30.8025],[-116.3354,30.9563],[-116.3415,31.2196],[-116.7504,31.7524],[-116.6118,31.8429],[-116.8654,32.013],[-117.1251,32.5317],[-114.7243,32.7128],[-114.8221,32.5002],[-111.0063,31.3272],[-108.2148,31.3274],[-108.2151,31.7778],[-106.429,31.7585],[-106.2092,31.4773],[-104.9343,30.6105],[-104.5166,29.6543],[-103.3866,29.0288],[-103.1228,28.9965],[-102.8588,29.2291],[-102.691,29.7368],[-102.321,29.8939],[-101.4051,29.7784],[-100.669,29.1162],[-100.2751,28.2772],[-99.515,27.5886],[-99.4617,27.057],[-99.1064,26.423],[-98.2227,26.0754],[-97.6599,26.0307],[-97.4254,25.8549],[-97.1393,25.9658]]],[[[-111.7535,24.447],[-111.7081,24.2999],[-112.0068,24.5144],[-111.7535,24.447]]],[[[-110.3249,24.5159],[-110.348,24.4025],[-110.4157,24.5696],[-110.3249,24.5159]]],[[[-112.1035,24.6172],[-112.3046,24.7922],[-112.1253,25.2658],[-112.2137,24.8475],[-112.1035,24.6172]]],[[[-111.0812,25.9987],[-111.205,25.8038],[-111.176,26.0433],[-111.0812,25.9987]]],[[[-115.195,28.3414],[-115.2281,28.0283],[-115.3581,28.0826],[-115.195,28.3414]]],[[[-112.2747,28.7684],[-112.583,28.8754],[-112.4647,29.1818],[-112.2643,29.2469],[-112.2747,28.7684]]],[[[-113.1382,29.0649],[-113.4961,29.2852],[-113.5711,29.54],[-113.3703,29.31],[-113.1685,29.2761],[-113.1382,29.0649]]],[[[-86.749,20.5922],[-86.9953,20.2608],[-86.9681,20.5063],[-86.749,20.5922]]],[[[-118.2515,29.0894],[-118.2888,28.8681],[-118.3688,29.1144],[-118.2738,29.1896],[-118.2515,29.0894]]],[[[-89.6642,22.3711],[-89.7457,22.5772],[-89.6102,22.4611],[-89.6642,22.3711]]]]}},{"type":"Feature","properties":{"name":"Belize"},"geometry":{"type":"MultiPolygon","coordinates":[[[[-89.1931,16.3926],[-89.1539,17.9411],[-88.8714,17.891],[-88.5278,18.4541],[-88.3038,18.4813],[-88.358,18.3037],[-88.0968,18.3754],[-88.0836,18.2101],[-88.2877,17.6042],[-88.1673,17.512],[-88.2863,17.3397],[-88.2151,16.9671],[-88.3448,16.5246],[-88.3376,16.6492],[-88.5366,16.2713],[-88.7401,16.2302],[-88.9519,15.8797],[-89.2365,15.8939],[-89.1931,16.3926]]]]}},{"type":"Feature","properties":{"name":"Panama"},"geometry":{"type":"MultiPolygon","coordinates":[[[[-82.5736,9.5762],[-82.3428,9.4325],[-82.3506,9.2073],[-82.1708,9.1998],[-82.243,9.0045],[-81.7755,8.9403],[-81.8828,9.1795],[-81.5391,8.8129],[-81.3045,8.7819],[-79.793,9.3494],[-79.6303,9.6085],[-78.9706,9.5733],[-79.0581,9.4579],[-78.4526,9.4088],[-77.8601,9.1104],[-77.3735,8.6647],[-77.4887,8.4736],[-77.1633,7.9393],[-77.58,7.5284],[-77.7642,7.7057],[-77.7312,7.5303],[-77.9188,7.2416],[-78.4361,8.0583],[-78.2522,8.1175],[-78.3058,8.2539],[-78.1325,8.4053],[-77.7372,8.1303],[-78.0232,8.2905],[-78.1344,8.5617],[-78.0941,8.4109],[-78.2406,8.3835],[-78.2233,8.5418],[-78.2233,8.4382],[-78.3673,8.4245],[-78.4082,8.548],[-78.4156,8.3563],[-78.6142,8.7746],[-79.083,8.9888],[-79.0525,9.1308],[-79.1161,8.9941],[-79.5664,8.9595],[-79.752,8.8156],[-79.7744,8.5795],[-80.4702,8.2206],[-80.4844,8.0825],[-80.0524,7.6371],[-80.0179,7.4568],[-80.3069,7.4246],[-80.4372,7.2465],[-80.8618,7.2057],[-81.0536,7.9112],[-81.218,7.8975],[-81.218,7.609],[-81.4241,7.671],[-81.5749,7.7604],[-81.7462,8.1918],[-82.1565,8.1577],[-82.1844,8.3432],[-82.8087,8.2957],[-82.8976,8.0347],[-83.0521,8.3276],[-82.8483,8.4652],[-82.923,8.7562],[-82.7194,8.9215],[-82.9394,9.0596],[-82.9417,9.4563],[-82.8475,9.6007],[-82.6321,9.4847],[-82.5736,9.5762]]],[[[-81.6644,7.3973],[-81.8751,7.4904],[-81.7599,7.6443],[-81.6644,7.3973]]],[[[-78.8922,8.458],[-78.904,8.2192],[-78.9747,8.4444],[-78.8922,8.458]]]]}},{"type":"Feature","properties":{"name":"Venezuela"},"geometry":{"type":"MultiPolygon","coordinates":[[[[-60.021,8.558],[-59.8293,8.2451],[-60.5258,7.8134],[-60.7306,7.5254],[-60.6284,7.1911],[-60.372,7.1723],[-60.3036,7.0541],[-60.7003,6.7671],[-61.1298,6.7158],[-61.212,6.5614],[-61.1216,6.1867],[-61.3967,5.9456],[-60.6643,5.1703],[-60.6126,4.9006],[-60.9773,4.535],[-61.3156,4.5208],[-61.5673,4.2485],[-62.1536,4.0903],[-62.4281,4.1832],[-62.7444,4.034],[-62.7496,3.6604],[-62.8894,3.5608],[-63.3517,3.9587],[-63.5107,3.8545],[-63.6716,3.9462],[-64.0377,3.8825],[-64.1467,4.1106],[-64.5897,4.1189],[-64.7916,4.2844],[-64.6429,3.973],[-64.203,3.5947],[-64.2229,3.124],[-63.9976,2.7149],[-64.048,2.4713],[-63.3848,2.4206],[-63.3726,2.2668],[-63.4118,2.1494],[-64.0366,1.9273],[-64.093,1.6226],[-64.3529,1.3658],[-64.409,1.5075],[-64.7309,1.2476],[-65.1368,1.1269],[-65.203,0.9238],[-65.5427,0.6493],[-65.596,0.9836],[-66.2851,0.7458],[-66.8751,1.2225],[-67.1897,2.3944],[-67.6266,2.8134],[-67.8559,2.7898],[-67.3095,3.3839],[-67.6318,3.7619],[-67.8751,4.5326],[-67.8346,5.3393],[-67.617,5.5416],[-67.6251,5.7845],[-67.4225,5.9782],[-67.45,6.1979],[-67.8272,6.3134],[-68.6353,6.1359],[-69.0611,6.2178],[-69.2461,6.0807],[-69.4436,6.1222],[-70.1292,6.9725],[-70.7033,7.0999],[-71.184,6.9626],[-71.9938,7.0129],[-72.2062,7.3819],[-72.4787,7.4845],[-72.4912,7.9375],[-72.3358,8.1039],[-72.3935,8.3554],[-72.6754,8.6515],[-72.791,9.1139],[-72.9553,9.104],[-73.0097,9.2954],[-73.3908,9.1945],[-72.9855,9.8122],[-72.9149,10.4329],[-72.4993,11.1208],[-72.2671,11.1549],[-71.9711,11.6619],[-71.3576,11.8508],[-71.9605,11.5913],[-71.5763,10.7211],[-71.6295,10.454],[-72.1244,9.8261],[-71.9952,9.4592],[-71.7345,9.3847],[-71.8165,9.2333],[-71.7086,9.0767],[-71.241,9.1557],[-71.0624,9.3266],[-71.0356,9.7441],[-71.4694,10.4018],[-71.5831,10.8092],[-71.4459,10.7962],[-71.5011,10.96],[-70.0365,11.4409],[-70.1616,11.5685],[-69.7949,11.4367],[-69.816,11.6937],[-70.2118,11.6091],[-70.302,11.8581],[-70.2058,12.112],[-70.0177,12.1989],[-69.6236,11.4678],[-68.8632,11.4529],[-68.4033,11.2003],[-68.2784,10.9255],[-68.3766,10.9191],[-68.2388,10.885],[-68.2871,10.6579],[-68.1295,10.4877],[-66.2759,10.6522],[-66.0465,10.5765],[-66.1222,10.507],[-65.923,10.2822],[-65.084,10.0475],[-64.7766,10.0904],[-64.717,10.2276],[-64.4684,10.2486],[-64.1885,10.4776],[-63.655,10.4945],[-64.0319,10.5901],[-64.2339,10.515],[-64.2707,10.6727],[-61.8458,10.741],[-62.3349,10.5302],[-62.9233,10.5308],[-63.0108,10.4536],[-62.857,10.5316],[-62.8311,10.4068],[-62.9952,10.4079],[-63.004,10.2754],[-62.9425,10.4052],[-62.7645,10.3953],[-62.6266,10.1308],[-63.01,10.0932],[-62.8011,9.996],[-62.5799,10.2244],[-62.3187,9.7062],[-62.222,9.9384],[-62.2157,9.6379],[-62.1952,9.9328],[-62.0273,9.8744],[-62.1965,10.0197],[-61.8315,9.7919],[-61.8458,9.651],[-61.7801,9.7592],[-61.7433,9.5964],[-61.8282,9.8272],[-61.5925,9.782],[-61.6367,9.8988],[-60.8623,9.4561],[-60.7854,9.3135],[-61.0854,9.1024],[-60.9551,9.165],[-61.2095,8.609],[-61.5987,8.5555],[-61.284,8.3972],[-61.0486,8.5018],[-61.0719,8.4033],[-60.9756,8.576],[-60.021,8.558]]],[[[-60.9203,9.0285],[-60.865,8.9412],[-61.0916,8.8224],[-60.9203,9.0285]]],[[[-60.8179,9.206],[-60.7285,9.1929],[-60.8452,9.1166],[-60.8179,9.206]]],[[[-63.8468,11.1354],[-63.7877,10.9738],[-63.8981,10.885],[-64.4086,10.9675],[-64.2201,11.0915],[-64.0491,10.9907],[-63.8468,11.1354]]],[[[-61.3903,8.5806],[-61.2637,8.4561],[-61.5401,8.5654],[-61.3903,8.5806]]],[[[-60.745,8.7194],[-60.6177,8.6367],[-60.8081,8.6329],[-60.745,8.7194]]],[[[-60.9514,8.8278],[-60.7324,8.8922],[-60.686,8.789],[-60.8466,8.6377],[-61.1699,8.5953],[-60.9514,8.8278]]]]}},{"type":"Feature","properties":{"name":"Papua New Guinea"},"geometry":{"type":"MultiPolygon","coordinates":[[[[140.9745,-2.6005],[142.0628,-3.0602],[143.523,-3.436],[144.0215,-3.803],[144.5134,-3.8176],[144.5578,-3.9794],[144.8678,-4.0992],[145.0778,-4.3566],[145.3457,-4.3902],[145.8014,-4.8425],[145.7596,-5.477],[146.4609,-5.5993],[147.1165,-5.969],[147.5114,-6.0003],[147.8267,-6.3354],[147.854,-6.691],[146.9627,-6.747],[147.1885,-7.4626],[147.4873,-7.6163],[147.7268,-7.9321],[148.1463,-8.0457],[148.2295,-8.5546],[148.4453,-8.6747],[148.5856,-9.0641],[149.3093,-9.017],[149.2266,-9.4867],[150.0488,-9.6845],[149.731,-9.8093],[149.8545,-10.0149],[150.6272,-10.2779],[150.874,-10.2247],[150.3665,-10.3269],[150.6873,-10.5676],[150.2113,-10.7013],[149.8545,-10.5505],[150.0816,-10.4611],[149.9233,-10.4885],[149.7484,-10.3383],[148.7478,-10.2346],[148.6893,-10.1049],[148.402,-10.2005],[148.155,-10.0707],[147.9774,-10.1663],[147.8675,-10.0434],[147.7168,-10.0981],[147.3101,-9.5388],[146.8949,-9.2682],[146.9754,-9.0335],[146.8728,-9.1065],[146.6018,-9.006],[146.6065,-8.802],[146.0999,-8.0833],[145.7913,-7.9119],[145.4419,-7.9441],[144.8796,-7.7817],[144.8523,-7.5694],[144.825,-7.6825],[144.6536,-7.5613],[144.604,-7.6569],[144.5223,-7.4962],[144.5139,-7.672],[144.4072,-7.5141],[144.5078,-7.798],[144.311,-7.6103],[144.2149,-7.796],[143.6463,-7.4384],[143.9568,-7.9723],[143.804,-7.9325],[143.9138,-8.0076],[143.7673,-8.0402],[143.364,-7.8964],[143.6125,-8.2392],[142.4945,-8.3333],[142.36,-8.1671],[142.1462,-8.2174],[142.354,-8.1887],[142.4522,-8.3733],[142.7283,-8.3167],[143.1021,-8.4672],[143.3953,-8.7687],[143.3726,-8.9998],[142.6526,-9.3303],[142.2107,-9.1589],[141.1526,-9.2322],[140.977,-9.1061],[140.9772,-6.8966],[140.8492,-6.7028],[140.9769,-6.3351],[140.9745,-2.6005]]],[[[153.7616,-11.5859],[153.2881,-11.5231],[153.2056,-11.3171],[153.7616,-11.5859]]],[[[150.8755,-10.5363],[150.8919,-10.6471],[150.7935,-10.6399],[150.8755,-10.5363]]],[[[151.177,-9.9547],[151.3006,-9.9677],[151.2323,-10.2005],[150.958,-10.1049],[150.7639,-9.7028],[151.0897,-10.0279],[151.177,-9.9547]]],[[[150.801,-9.6524],[150.4336,-9.6313],[150.5137,-9.547],[150.4321,-9.3653],[150.7983,-9.4257],[150.9309,-9.6524],[150.801,-9.6524]]],[[[150.3689,-9.3718],[150.3123,-9.5195],[150.1128,-9.2994],[150.2145,-9.2058],[150.3689,-9.3718]]],[[[152.9955,-9.1413],[152.9674,-9.2565],[152.7359,-9.2604],[152.3886,-8.9912],[152.7942,-9.0035],[152.9955,-9.1413]]],[[[151.1126,-8.7686],[151.1224,-8.5829],[150.999,-8.5182],[151.1292,-8.4191],[151.1126,-8.7686]]],[[[143.3794,-8.426],[143.5737,-8.3737],[143.6106,-8.475],[143.3794,-8.426]]],[[[148.0492,-5.6061],[147.9911,-5.8562],[147.7713,-5.5069],[148.0492,-5.6061]]],[[[155.9334,-6.6408],[155.9302,-6.7936],[155.697,-6.8766],[155.3301,-6.7197],[155.1731,-6.5279],[155.2149,-6.3171],[154.7559,-5.9478],[154.7002,-5.4311],[155.065,-5.5478],[155.2134,-5.8699],[155.8133,-6.3648],[155.9334,-6.6408]]],[[[147.2096,-5.27],[147.1619,-5.4448],[147.0051,-5.3194],[147.1126,-5.1918],[147.2096,-5.27]]],[[[154.7274,-5.2114],[154.6318,-5.4591],[154.5415,-5.1033],[154.6571,-5.0197],[154.7274,-5.2114]]],[[[149.5193,-4.6435],[149.5602,-4.718],[149.4546,-4.6925],[149.5193,-4.6435]]],[[[145.9968,-4.5343],[146.0552,-4.6599],[145.9392,-4.7609],[145.8807,-4.6496],[145.9968,-4.5343]]],[[[152.418,-4.3453],[152.2918,-4.9355],[151.9744,-4.9841],[152.0989,-5.4557],[151.8342,-5.593],[151.4641,-5.5343],[151.5326,-5.6647],[151.1828,-5.9643],[150.8215,-6.0139],[150.4651,-6.274],[149.6354,-6.3082],[149.3206,-6.0549],[149.0529,-6.1617],[149.0531,-6.0065],[148.3289,-5.6838],[148.4299,-5.4448],[148.5564,-5.54],[148.978,-5.4653],[149.2244,-5.5993],[149.9115,-5.5151],[150.1126,-5.0077],[150.2024,-5.0621],[150.0321,-5.2952],[150.1613,-5.5466],[150.917,-5.4864],[151.3689,-4.9035],[151.679,-4.9002],[151.5403,-4.1767],[151.9647,-4.3312],[152.1851,-4.1425],[152.1857,-4.3085],[152.418,-4.3453]]],[[[152.6506,-3.1147],[152.6438,-3.2245],[152.5316,-3.0753],[152.6506,-3.1147]]],[[[152.0715,-2.9167],[152.0254,-2.9961],[151.9719,-2.8478],[152.0715,-2.9167]]],[[[152.0132,-2.8068],[151.9158,-2.8443],[151.913,-2.7054],[152.0132,-2.8068]]],[[[153.1372,-4.2695],[152.8977,-4.8483],[152.6898,-4.5478],[152.6878,-4.1638],[152.2886,-3.5698],[151.0906,-2.8327],[150.7598,-2.7688],[150.8924,-2.6975],[150.8127,-2.5558],[152.0525,-3.2467],[153.1372,-4.2695]]],[[[150.4651,-2.5325],[150.4513,-2.6584],[150.1868,-2.6795],[149.9588,-2.463],[150.2079,-2.3748],[150.4651,-2.5325]]],[[[147.8267,-2.2376],[147.8582,-2.3245],[147.7305,-2.3264],[147.8267,-2.2376]]],[[[147.4328,-1.9838],[147.2057,-2.1861],[146.5202,-2.1496],[146.6579,-1.9633],[147.4328,-1.9838]]],[[[149.735,-1.4736],[149.793,-1.5803],[149.6834,-1.5813],[149.5398,-1.4255],[149.6187,-1.3538],[149.735,-1.4736]]]]}},{"type":"Feature","properties":{"name":"Egypt"},"geometry":{"type":"MultiPolygon","coordinates":[[[[34.2484,31.2114],[34.8867,29.4901],[34.4102,28.32],[34.4349,27.9756],[34.2573,27.7286],[33.7634,28.024],[33.2287,28.5694],[33.1779,28.9896],[32.715,29.456],[32.5778,30.0114],[32.3377,29.5925],[32.5812,29.3691],[32.6255,28.9727],[32.8689,28.5789],[33.5544,27.8965],[33.5921,27.7912],[33.4735,27.8232],[33.5921,27.6466],[33.4963,27.6466],[33.9961,26.8966],[33.9414,26.6535],[35.1446,24.5002],[35.7925,23.9023],[35.4912,23.9476],[35.6211,23.1393],[35.2121,22.7863],[35.6211,23.1393],[35.8475,22.763],[36.2261,22.6354],[36.8836,21.9957],[31.4355,21.9954],[31.4233,22.227],[31.2484,21.9944],[24.9812,21.9954],[24.9812,29.1814],[24.6887,30.1828],[24.9949,30.7851],[24.849,31.3486],[25.0884,31.6135],[25.4019,31.5032],[25.9668,31.6166],[27.3206,31.381],[27.4463,31.2232],[27.8529,31.2403],[27.9269,31.099],[28.4243,31.0834],[29.0281,30.8271],[29.5033,30.9567],[30.0696,31.3335],[30.2887,31.2379],[30.1795,31.2783],[30.3622,31.5087],[30.9739,31.5867],[30.5579,31.4222],[30.7344,31.3881],[31.1192,31.4931],[30.978,31.5843],[31.0974,31.6079],[31.5568,31.4433],[31.9448,31.5209],[32.1996,31.2951],[31.8895,31.5321],[31.7669,31.2847],[32.0371,31.2168],[32.1065,31.0534],[32.2835,31.1365],[32.207,31.2951],[32.6016,31.061],[32.9273,31.1554],[32.7007,31.0387],[33.0099,31.0563],[33.1094,31.1964],[33.1333,31.0456],[34.2003,31.3143],[34.2484,31.2114]]]]}},{"type":"Feature","properties":{"name":"Yemen"},"geometry":{"type":"MultiPolygon","coordinates":[[[[51.9786,18.9956],[53.0903,16.6424],[52.2927,16.2638],[52.1555,15.9839],[52.2284,15.6161],[51.3678,15.2297],[49.3724,14.6498],[49.0928,14.5196],[48.6958,14.0436],[48.1887,13.9691],[48.0169,14.0573],[47.3982,13.6549],[46.7007,13.4303],[45.6658,13.342],[45.1182,12.9617],[45.0586,12.762],[45.0151,12.8587],[44.8814,12.7299],[44.6106,12.8196],[44.4155,12.6702],[43.9463,12.598],[43.6006,12.7563],[43.468,12.6839],[43.2263,13.2839],[43.2809,13.7221],[42.9593,14.5135],[42.9373,14.9485],[42.864,15.1364],[42.6101,15.2436],[42.7124,15.3663],[42.7949,15.2093],[42.6919,15.7021],[42.8348,15.9154],[42.7895,16.371],[43.18,16.6646],[43.1184,17.0862],[43.3031,17.459],[43.5034,17.5135],[43.9151,17.3018],[45.1654,17.4284],[45.4304,17.312],[46.7101,17.2754],[46.9703,16.9568],[47.1613,16.9474],[47.4276,17.0918],[48.1619,18.1489],[49.0358,18.5797],[51.9786,18.9956]]],[[[54.4707,12.5436],[53.7312,12.3004],[53.3069,12.5434],[53.5189,12.7144],[53.8461,12.5986],[54.1194,12.7011],[54.4707,12.5436]]]]}},{"type":"Feature","properties":{"name":"Mauritania"},"geometry":{"type":"MultiPolygon","coordinates":[[[[-8.6824,27.2854],[-4.8216,24.9951],[-6.5931,24.9941],[-5.6233,16.5278],[-5.3533,16.312],[-5.511,15.4942],[-9.3492,15.4956],[-9.3565,15.6979],[-9.4239,15.4405],[-10.7254,15.4331],[-10.9152,15.1029],[-11.5244,15.6435],[-11.7271,15.5412],[-11.8204,14.9],[-12.0704,14.7344],[-12.8884,15.2509],[-12.9643,15.5092],[-13.2378,15.6234],[-13.4849,16.155],[-13.8358,16.1206],[-14.4066,16.6608],[-14.9743,16.6914],[-15.6722,16.4814],[-16.2738,16.5232],[-16.5423,15.8088],[-16.5293,16.3327],[-16.079,17.5448],[-16.0352,18.1414],[-16.2046,18.9827],[-16.5355,19.3808],[-16.2849,19.5293],[-16.4685,19.4557],[-16.2338,19.7936],[-16.3133,19.8897],[-16.2023,20.2333],[-16.4087,20.675],[-16.5293,20.739],[-16.5423,20.5609],[-16.6727,20.6776],[-16.9176,21.1592],[-17.0569,20.7669],[-16.9683,21.3246],[-13.0152,21.3334],[-13.1523,22.82],[-12.6194,23.2708],[-12.0193,23.461],[-12.0153,25.9949],[-8.6877,26.0],[-8.6824,27.2854]]]]}},{"type":"Feature","properties":{"name":"Eq. Guinea"},"geometry":{"type":"MultiPolygon","coordinates":[[[[9.7996,2.3417],[9.991,2.1656],[11.3221,2.1658],[11.3363,0.9992],[9.9441,0.9249],[9.7178,1.1333],[9.5843,1.043],[9.3965,1.1115],[9.4653,1.4145],[9.7445,1.6],[9.6073,1.6444],[9.8097,1.935],[9.7996,2.3417]]],[[[8.9227,3.7507],[8.6862,3.1973],[8.4502,3.2729],[8.6672,3.7263],[8.9227,3.7507]]]]}},{"type":"Feature","properties":{"name":"Gambia"},"geometry":{"type":"Polygon","coordinates":[[[-16.7537,13.065],[-16.8297,13.3385],[-16.6788,13.4962],[-16.4194,13.2082],[-16.1513,13.2764],[-16.1612,13.4287],[-15.3048,13.4553],[-15.5561,13.5283],[-16.412,13.3385],[-16.5218,13.359],[-16.5614,13.5869],[-15.5182,13.5831],[-15.3941,13.7715],[-15.0977,13.82],[-14.7409,13.6154],[-14.5426,13.6408],[-14.3656,13.4548],[-13.9885,13.5791],[-13.8187,13.4294],[-13.9006,13.3146],[-14.3688,13.2357],[-15.1377,13.59],[-15.2771,13.3803],[-15.8187,13.3335],[-15.8333,13.1568],[-16.6735,13.1643],[-16.7537,13.065]]]}},{"type":"Feature","properties":{"name":"Hong Kong"},"geometry":{"type":"MultiPolygon","coordinates":[[[[114.2298,22.5558],[114.3351,22.5064],[114.2093,22.3987],[114.3997,22.4361],[114.2584,22.3621],[114.2967,22.2583],[113.897,22.4088],[114.2298,22.5558]]],[[[114.2156,22.2856],[114.2077,22.1896],[114.1126,22.2715],[114.2156,22.2856]]]]}},{"type":"Feature","properties":{"name":"N. Cyprus"},"geometry":{"type":"MultiPolygon","coordinates":[[[[34.0123,35.0638],[33.4768,35.0027],[33.4135,35.1994],[32.8549,35.0792],[32.7106,35.1753],[32.8926,35.175],[32.9204,35.3978],[33.6603,35.3593],[34.5925,35.692],[33.9517,35.3115],[33.8999,35.1645],[34.0123,35.0638]]]]}},{"type":"Feature","properties":{"name":"Cyprus U.N. Buffer Zone"},"geometry":{"type":"MultiPolygon","coordinates":[[[[33.6794,35.0339],[33.4588,34.9778],[33.4159,35.1603],[32.826,35.0589],[32.6915,35.1837],[32.8549,35.0792],[33.4135,35.1994],[33.4666,35.0051],[33.6794,35.0339]]]]}},{"type":"Feature","properties":{"name":"Siachen Glacier"},"geometry":{"type":"Polygon","coordinates":[[[77.049,35.1104],[76.7774,35.6461],[77.3837,35.472],[77.8003,35.4954],[77.049,35.1104]]]}},{"type":"Feature","properties":{"name":"Baikonur"},"geometry":{"type":"Polygon","coordinates":[[[63.3839,45.5658],[63.0129,45.66],[62.8036,45.9362],[62.9003,46.209],[63.2664,46.3824],[63.7099,46.3204],[63.9641,46.0205],[63.834,45.7159],[63.3839,45.5658]]]}},{"type":"Feature","properties":{"name":"Southern Patagonian Ice Field"},"geometry":{"type":"Polygon","coordinates":[[[-73.4651,-49.76],[-73.588,-49.5405],[-73.4711,-49.3172],[-73.0982,-49.2728],[-73.0597,-49.555],[-73.4651,-49.76]]]}},{"type":"Feature","properties":{"name":"Bir Tawil"},"geometry":{"type":"Polygon","coordinates":[[[33.1811,21.9954],[34.0842,21.9955],[33.9991,21.7674],[33.5584,21.711],[33.1811,21.9954]]]}},{"type":"Feature","properties":{"name":"Antarctica"},"geometry":{"type":"MultiPolygon","coordinates":[[[[-51.7306,-82.0626],[-48.3804,-81.8903],[-47.3804,-81.9235],[-47.2638,-81.97],[-47.5846,-82.0204],[-47.2555,-82.0722],[-46.2792,-81.9098],[-45.9488,-82.1257],[-46.6888,-82.4055],[-46.0536,-82.5549],[-45.7194,-82.4436],[-45.5204,-82.5266],[-44.1371,-82.2447],[-44.0135,-82.263],[-44.153,-82.3893],[-44.0111,-82.3912],[-43.1598,-82.1247],[-43.2558,-82.0475],[-43.1656,-81.886],[-41.9414,-81.6114],[-41.5879,-81.3401],[-38.7911,-80.8596],[-37.2303,-81.0893],[-36.0332,-80.9207],[-35.215,-80.6954],[-35.4668,-80.6481],[-35.3584,-80.6153],[-33.4762,-80.6154],[-33.1776,-80.5546],[-33.4648,-80.4977],[-32.0305,-80.4352],[-30.3502,-80.4999],[-31.3195,-80.3089],[-29.9242,-80.2844],[-29.7209,-80.262],[-29.8638,-80.2154],[-29.7608,-80.1756],[-24.2541,-80.0759],[-22.5325,-79.9171],[-24.262,-79.8224],[-24.2562,-79.7151],[-30.6732,-79.5881],[-29.5414,-79.28],[-30.5247,-79.2864],[-29.9418,-79.1114],[-30.2392,-79.0343],[-32.8202,-79.2439],[-36.2513,-78.8517],[-36.4412,-78.6113],[-36.0218,-78.2159],[-35.581,-78.1505],[-35.3129,-77.8444],[-34.4997,-77.852],[-34.7739,-77.6874],[-34.3205,-77.4664],[-32.5006,-77.1262],[-31.915,-77.1508],[-31.6961,-76.9767],[-30.6614,-76.8517],[-28.8591,-76.3533],[-24.2137,-75.7564],[-22.5334,-75.642],[-21.2696,-75.7143],[-20.3995,-75.4721],[-19.2405,-75.5484],[-18.9871,-75.4428],[-18.2514,-75.4602],[-18.8649,-75.2289],[-17.8022,-74.7765],[-17.9657,-74.6379],[-17.6232,-74.5852],[-17.5708,-74.3696],[-15.1955,-74.3605],[-15.3021,-74.2214],[-14.3618,-73.8577],[-14.7176,-73.7805],[-15.6863,-73.9485],[-16.517,-73.8852],[-15.8258,-73.7887],[-16.5832,-73.6863],[-16.5436,-73.4687],[-15.5666,-73.0793],[-13.9364,-73.1137],[-14.0146,-73.0663],[-13.8953,-72.9867],[-14.3907,-72.7131],[-13.3794,-72.8361],[-12.579,-72.5846],[-11.3875,-72.4181],[-11.24,-72.1765],[-11.383,-72.1721],[-11.0323,-72.0489],[-10.8472,-71.7809],[-12.1503,-71.6364],[-12.3492,-71.3564],[-11.6601,-71.2765],[-11.6511,-71.4098],[-10.7581,-71.5774],[-10.6003,-71.527],[-10.7331,-71.4096],[-10.6535,-71.325],[-9.9888,-71.1193],[-10.4501,-70.991],[-10.0697,-70.9119],[-9.8852,-71.0842],[-9.0545,-71.2067],[-8.9879,-71.2765],[-9.1345,-71.4057],[-8.7507,-71.4736],[-8.8298,-71.5333],[-8.7186,-71.7048],[-8.4097,-71.7299],[-8.1626,-71.5766],[-7.6039,-71.634],[-7.7792,-71.4941],[-7.5685,-71.3346],[-7.5642,-71.1506],[-7.8756,-70.9899],[-7.9122,-70.8437],[-7.2843,-70.7912],[-6.6183,-70.924],[-6.4298,-70.7379],[-6.0136,-70.6798],[-5.5666,-70.8417],[-6.2811,-71.3106],[-6.1498,-71.3663],[-3.9372,-71.2941],[-3.4922,-71.5227],[-3.2902,-71.2872],[-2.9912,-71.3611],[-2.6775,-71.2574],[-2.1068,-71.4854],[-1.3954,-71.4435],[-1.1376,-71.2553],[-0.8128,-71.3775],[-0.9521,-71.6236],[-0.5185,-71.7652],[0.2322,-71.3499],[2.5197,-70.9006],[7.6683,-70.5182],[7.4392,-70.3375],[7.479,-70.1899],[7.8936,-70.1774],[7.8342,-70.3661],[7.9304,-70.4723],[8.4431,-70.4824],[9.1367,-70.3754],[8.8984,-70.1855],[9.2943,-70.0788],[9.9793,-70.4535],[11.2376,-70.757],[11.8535,-70.7815],[12.322,-70.3703],[13.041,-70.2345],[12.4446,-70.0702],[12.9692,-70.0462],[13.3428,-70.2727],[13.8488,-70.3478],[15.8269,-70.3776],[15.9626,-70.1896],[16.5773,-70.1314],[16.6502,-70.2208],[16.5051,-70.4542],[18.0938,-70.5424],[18.4982,-70.5025],[18.2528,-70.3259],[18.9417,-70.171],[19.2905,-70.2481],[19.1735,-70.2739],[19.2966,-70.3681],[18.9152,-70.634],[18.9309,-70.736],[19.5674,-70.9461],[21.2012,-70.8122],[21.2085,-70.5764],[21.7456,-70.2262],[22.5793,-70.5402],[21.8264,-70.655],[22.3269,-70.7595],[23.2927,-70.8212],[23.7525,-70.4026],[24.1089,-70.4094],[24.4194,-70.5449],[24.3193,-70.7403],[24.968,-70.9455],[27.2751,-70.9897],[27.2028,-70.845],[28.4517,-70.694],[29.8412,-70.3113],[32.7453,-70.0134],[33.0005,-69.5048],[32.952,-69.3595],[32.4876,-69.0816],[32.5057,-68.9031],[33.216,-68.6696],[34.3006,-68.6882],[34.3713,-68.8063],[33.6037,-69.0524],[34.62,-69.0707],[35.1255,-69.2595],[35.1047,-69.4596],[35.2288,-69.5367],[35.0794,-69.6706],[35.244,-69.7356],[36.7057,-69.6298],[37.0363,-69.8867],[37.281,-69.7284],[37.7863,-69.6819],[38.2407,-69.7665],[38.0202,-69.8494],[38.2559,-69.9492],[38.2197,-70.024],[38.9403,-70.2047],[39.0752,-70.1546],[38.8036,-69.9877],[39.1926,-69.8925],[39.1615,-69.7267],[39.7787,-69.6114],[39.686,-69.5411],[39.8479,-69.3847],[39.7017,-69.3068],[39.8148,-69.28],[39.709,-69.0212],[39.8579,-68.8295],[42.5361,-68.3796],[42.5603,-68.2237],[42.8286,-68.0964],[44.8032,-67.9763],[44.618,-67.8604],[44.9732,-67.7311],[45.4038,-67.6951],[45.5828,-67.8244],[45.8193,-67.6652],[46.217,-67.653],[46.4016,-67.7454],[46.406,-67.6194],[46.6227,-67.59],[46.2345,-67.4487],[46.48,-67.2753],[47.4411,-67.4094],[46.9196,-67.5065],[47.3272,-67.5665],[47.0938,-67.7052],[47.6345,-67.6603],[47.3587,-67.7731],[47.9113,-67.649],[48.4546,-67.7302],[48.1712,-67.8888],[48.3827,-68.0234],[48.7181,-67.7293],[48.582,-67.4748],[49.4053,-67.2233],[48.4758,-67.1881],[48.3611,-67.0164],[49.2165,-66.8189],[49.3475,-66.9547],[49.1599,-67.0009],[49.8828,-67.0782],[49.6975,-67.2885],[50.1477,-67.1153],[50.8812,-67.2162],[50.9554,-67.114],[50.4593,-67.0688],[50.5236,-66.9949],[50.4277,-66.9626],[50.8298,-66.7747],[50.2395,-66.7431],[50.1936,-66.5705],[50.4245,-66.3378],[51.3523,-66.2218],[51.7721,-66.0372],[53.7902,-65.8454],[55.1834,-65.9309],[55.8613,-66.1198],[56.3991,-66.4627],[56.8078,-66.4055],[57.2378,-66.5475],[57.2814,-66.7088],[57.0147,-66.7293],[55.9919,-66.5857],[56.7068,-66.8997],[56.2717,-66.8757],[56.1541,-66.9518],[56.3672,-67.0102],[55.7622,-67.2076],[56.1535,-67.1961],[56.1707,-67.4089],[56.5584,-67.1098],[57.5935,-66.9899],[58.1365,-67.0984],[58.0469,-67.225],[58.9159,-67.1775],[59.0938,-67.2447],[59.0199,-67.3049],[58.5938,-67.2985],[59.5129,-67.6064],[59.6575,-67.3972],[60.4666,-67.3698],[61.2432,-67.5905],[62.6174,-67.6601],[63.6509,-67.5034],[68.3767,-67.8952],[69.639,-67.7633],[69.6348,-68.1222],[70.1797,-68.4948],[69.6316,-68.5886],[69.672,-68.7136],[69.2813,-68.8313],[69.8576,-68.8725],[69.3039,-69.0473],[69.7264,-69.1697],[69.7401,-69.2961],[68.742,-69.3893],[68.8977,-69.4547],[68.7334,-69.5509],[69.3552,-69.6171],[68.8827,-69.7409],[69.2069,-69.7979],[69.0222,-69.9485],[68.5726,-70.0209],[68.177,-69.7197],[67.9136,-69.9789],[67.5713,-70.0245],[67.4787,-70.2018],[67.2179,-70.2628],[67.7127,-70.2755],[67.9761,-70.4542],[68.5627,-70.4724],[68.9235,-70.3046],[69.2575,-70.4316],[69.2054,-70.6931],[68.8965,-71.0362],[68.055,-71.3547],[67.8325,-71.5385],[67.8706,-71.6822],[67.5334,-71.7975],[67.6112,-71.8268],[67.4491,-71.8959],[67.507,-71.9933],[67.2622,-72.0812],[67.3151,-72.3279],[66.9774,-72.9264],[66.3259,-73.1314],[67.1006,-73.1978],[67.0164,-73.2709],[67.2232,-73.3124],[68.0223,-73.1467],[68.1174,-72.9527],[67.9211,-72.693],[68.3328,-72.5075],[69.5593,-72.464],[69.6688,-72.3032],[69.9505,-72.2581],[69.8049,-72.1877],[69.8569,-72.1193],[70.7295,-71.9461],[70.447,-71.8302],[71.5398,-71.6103],[71.1582,-71.4561],[71.2025,-71.3351],[71.5359,-71.2455],[71.3416,-71.1821],[71.8276,-70.8668],[71.7268,-70.774],[72.8528,-70.4448],[72.6395,-70.1603],[73.2307,-69.9789],[73.4055,-69.7975],[73.7048,-69.8625],[74.0749,-69.7127],[74.3169,-69.8068],[74.3027,-69.9196],[74.7175,-69.8354],[75.0911,-69.9371],[75.2752,-69.8105],[75.4382,-69.9374],[75.9163,-69.7828],[75.7539,-69.6218],[75.8205,-69.5251],[76.406,-69.475],[77.0005,-69.2117],[77.8416,-69.1301],[78.044,-69.0026],[77.9478,-68.9776],[77.9856,-68.8201],[78.6699,-68.6985],[78.4583,-68.6501],[78.5446,-68.601],[78.4617,-68.4855],[78.7466,-68.2625],[82.5862,-67.6034],[83.616,-67.6384],[83.4168,-67.4282],[84.4915,-67.1101],[85.6165,-67.1882],[87.9657,-66.7703],[88.2512,-66.8596],[90.3987,-66.8196],[91.0861,-66.5781],[91.9601,-66.4982],[92.7603,-66.6339],[93.6235,-66.5826],[93.7393,-66.7472],[94.9172,-66.4754],[95.5562,-66.7106],[97.0807,-66.4923],[97.6953,-66.6786],[98.5276,-66.449],[98.5398,-66.6227],[99.0693,-66.4899],[98.7165,-66.6428],[98.8262,-66.9099],[99.0173,-66.6945],[99.1694,-66.7531],[99.5296,-66.5574],[99.5602,-66.6721],[100.2796,-66.4311],[100.5,-66.5187],[100.6439,-66.4577],[100.4706,-66.3974],[100.855,-66.3797],[101.4762,-66.0584],[101.1687,-66.0295],[101.3364,-65.944],[102.7137,-65.8613],[107.7791,-66.5517],[107.8792,-66.6331],[107.7098,-66.8476],[108.207,-66.6267],[108.8587,-66.9714],[109.6099,-66.9197],[110.4177,-66.6559],[110.7442,-66.7145],[110.6019,-66.5295],[110.7249,-66.4055],[110.489,-66.3088],[110.9271,-66.0546],[113.2036,-65.7654],[114.4299,-66.226],[114.3094,-66.357],[114.4834,-66.4152],[114.3224,-66.509],[115.1135,-66.4781],[115.6494,-66.6145],[115.7808,-66.7883],[115.3874,-67.0038],[114.0301,-67.1907],[113.6465,-67.4836],[114.6701,-67.3434],[114.5825,-67.4162],[114.669,-67.4242],[115.3379,-67.2195],[116.5,-67.1243],[116.9429,-66.9482],[116.8831,-67.1368],[117.5449,-67.0832],[117.7141,-67.1718],[118.4281,-67.0318],[118.29,-67.1816],[118.8552,-67.1872],[120.4016,-66.945],[118.7322,-67.2789],[118.9567,-67.4225],[121.5153,-67.093],[122.1885,-66.8551],[123.5579,-66.7486],[124.0151,-66.5888],[124.7168,-66.7592],[125.9406,-66.3023],[126.3723,-66.5616],[126.4304,-66.3547],[126.8543,-66.4493],[126.5695,-66.6658],[126.8192,-66.6913],[126.6821,-66.8454],[127.0628,-66.8487],[127.0814,-67.1354],[127.3636,-66.9311],[127.4011,-67.0676],[128.0746,-67.0224],[128.5205,-67.1458],[128.7635,-67.0258],[129.0646,-67.1744],[129.4445,-66.9592],[129.3929,-66.8581],[129.5847,-66.7292],[129.4746,-66.691],[129.7217,-66.4382],[130.7048,-66.1496],[131.7578,-66.2433],[133.7923,-66.1054],[134.4265,-66.3115],[134.1094,-66.5046],[134.3501,-66.52],[134.7668,-66.3377],[135.1785,-66.3315],[135.343,-66.1007],[135.4943,-66.1147],[135.6296,-66.3474],[136.1284,-66.2355],[136.6567,-66.5408],[136.736,-66.3487],[137.4579,-66.3448],[138.1416,-66.4987],[138.1333,-66.624],[139.2517,-66.5672],[139.867,-66.6918],[139.8228,-66.797],[141.9817,-66.8],[142.4771,-67.026],[143.5083,-66.8447],[143.861,-66.9197],[143.8786,-67.0737],[143.7515,-67.1394],[144.0691,-67.0862],[144.1148,-67.1774],[144.2268,-67.0237],[144.5125,-67.0157],[144.6624,-67.1166],[144.3215,-67.1716],[144.5062,-67.2491],[144.0857,-67.4247],[144.1897,-67.5956],[143.8801,-67.781],[143.8807,-67.9339],[144.2487,-67.9544],[145.2798,-67.5157],[145.4443,-67.5148],[145.6159,-67.7371],[145.7334,-67.593],[146.0481,-67.5866],[146.301,-67.8513],[146.529,-67.7703],[146.4102,-67.9518],[146.8728,-67.9376],[146.6023,-68.1785],[147.0647,-68.0388],[146.718,-68.3034],[147.1079,-68.294],[147.0604,-68.4228],[149.3903,-68.3844],[149.7849,-68.4869],[149.8836,-68.4636],[149.7357,-68.3525],[150.3779,-68.4399],[150.9566,-68.343],[151.1141,-68.4561],[151.0249,-68.777],[151.5669,-68.9168],[151.5733,-68.6926],[151.9238,-68.6668],[153.093,-68.8792],[153.845,-68.7604],[153.7004,-68.5457],[153.8652,-68.4937],[153.682,-68.3761],[153.8784,-68.279],[154.7185,-68.5283],[154.7142,-68.6425],[154.4504,-68.6257],[154.5876,-68.7263],[154.5183,-68.804],[154.7947,-68.7109],[155.6375,-69.1342],[155.7571,-69.1012],[155.5368,-68.9836],[155.7754,-68.9469],[156.3501,-69.2019],[157.1398,-69.1613],[157.4225,-69.4372],[157.6462,-69.3824],[157.5047,-69.3495],[157.5335,-69.232],[157.9053,-69.1695],[158.8171,-69.3163],[159.1001,-69.5129],[159.2354,-69.4279],[159.7733,-69.5065],[160.3345,-69.7961],[159.78,-69.8746],[159.8783,-69.9904],[160.7598,-70.102],[161.249,-70.4622],[161.1792,-70.5753],[161.4517,-70.686],[161.3098,-70.7961],[161.3612,-70.901],[161.933,-70.9073],[162.3408,-71.1095],[162.4285,-71.0317],[162.0381,-70.8295],[161.9979,-70.4384],[162.0944,-70.3141],[162.5952,-70.2691],[163.1703,-70.5876],[163.8665,-70.6266],[163.895,-70.782],[164.1999,-70.6393],[164.0276,-70.5323],[164.2404,-70.4911],[165.9258,-70.6843],[166.3695,-70.5839],[166.8374,-70.6767],[166.4707,-70.7663],[167.7009,-70.7913],[167.8701,-70.9239],[167.1833,-71.0309],[167.8779,-71.0143],[168.1013,-71.1085],[167.7599,-71.228],[168.6698,-71.1828],[170.1828,-71.6744],[170.3618,-71.544],[170.2824,-71.2988],[170.9661,-71.8346],[170.5853,-72.0074],[170.334,-71.8009],[170.0164,-72.1708],[169.7726,-72.2201],[170.0099,-72.2878],[169.8853,-72.4299],[170.2824,-72.3263],[170.2554,-72.603],[168.3162,-72.3736],[169.9325,-72.7359],[169.5845,-72.9622],[169.5823,-73.0805],[169.1722,-73.1031],[169.2146,-73.2765],[168.8939,-73.2234],[168.9751,-73.0915],[168.7145,-73.1201],[168.3941,-72.9719],[168.2976,-72.9903],[168.3342,-73.1655],[167.1714,-73.153],[166.5829,-72.882],[166.3408,-72.9039],[166.7668,-73.0649],[166.7056,-73.1209],[166.8721,-73.2214],[166.7776,-73.3653],[167.0952,-73.2521],[167.9294,-73.3587],[167.2497,-73.4055],[167.4347,-73.5032],[166.9893,-73.4651],[167.033,-73.5661],[166.8491,-73.5905],[166.7473,-73.4864],[166.4514,-73.5927],[166.1398,-73.482],[166.2185,-73.5662],[165.8254,-73.5983],[166.2942,-73.7258],[165.583,-73.8051],[165.7931,-73.8725],[165.6519,-73.9137],[165.199,-73.8591],[165.2367,-73.6066],[165.032,-73.4109],[165.3582,-73.34],[164.5261,-73.3302],[164.8938,-73.4835],[164.9059,-73.6572],[164.7146,-73.7817],[164.9525,-73.8909],[164.8709,-73.9316],[165.3088,-74.0304],[164.4108,-73.9433],[164.8182,-74.0402],[164.8599,-74.2092],[165.4578,-74.4944],[165.4347,-74.629],[164.3408,-74.5021],[163.6847,-74.6157],[163.4699,-74.342],[163.0986,-74.4189],[163.2708,-74.5418],[163.0453,-74.7078],[162.813,-74.6038],[162.5833,-74.8502],[162.3638,-74.8416],[162.7861,-74.99],[162.5462,-75.1012],[162.5952,-75.2237],[161.7764,-75.1889],[160.5824,-75.3784],[162.1911,-75.3878],[162.3067,-75.5294],[162.0296,-75.5742],[162.9001,-75.8229],[162.5405,-75.9218],[162.7361,-76.0739],[162.3942,-76.0598],[162.5218,-76.0982],[162.0923,-76.2022],[162.7515,-76.2351],[162.7004,-76.3077],[162.8843,-76.4391],[162.4232,-76.6393],[162.8431,-76.6647],[162.9746,-76.7897],[162.3018,-76.9513],[163.1629,-77.0436],[163.5357,-77.3626],[163.8241,-77.4308],[163.5051,-77.5694],[163.7188,-77.6149],[163.4401,-77.6686],[164.2433,-77.7819],[163.7285,-77.8792],[164.5441,-77.8749],[164.5337,-77.9871],[164.3395,-78.03],[164.4011,-78.086],[163.8421,-78.227],[164.6397,-78.3256],[165.0972,-78.254],[165.4944,-78.0186],[165.6043,-78.1225],[165.3371,-78.1989],[165.7085,-78.2712],[165.7302,-78.3996],[167.0581,-78.509],[167.2278,-78.6692],[164.4097,-78.6039],[163.4847,-78.7819],[163.065,-78.7369],[162.6216,-78.9452],[162.4528,-78.878],[162.4819,-78.779],[161.7605,-78.6104],[161.824,-78.4812],[161.5529,-78.5055],[161.3359,-78.5812],[161.5208,-78.7953],[162.0654,-79.0686],[161.0037,-78.9337],[161.1981,-78.9622],[161.1304,-79.0494],[160.6951,-79.0375],[160.387,-79.1681],[160.5198,-79.2405],[160.4601,-79.303],[160.7288,-79.3406],[160.662,-79.4054],[161.0342,-79.4748],[159.635,-79.5256],[159.8755,-79.662],[160.8405,-79.6184],[159.4961,-79.8195],[159.822,-79.9257],[161.4706,-79.9016],[158.173,-80.4195],[160.7749,-80.3832],[160.9899,-80.5226],[160.5567,-80.4738],[159.7542,-80.5707],[159.8552,-80.6422],[161.1799,-80.6378],[161.0093,-80.7586],[161.3464,-80.7844],[159.4976,-80.843],[160.8761,-80.9146],[160.6408,-80.9343],[160.9075,-80.9929],[160.5474,-81.0068],[160.8245,-81.0982],[160.5415,-81.1192],[161.1424,-81.2444],[160.132,-81.2037],[160.6262,-81.3167],[160.3078,-81.3798],[161.4541,-81.4235],[161.0115,-81.5488],[162.4793,-81.6891],[162.6204,-81.7543],[162.2698,-81.838],[162.8937,-81.8072],[163.1022,-81.8737],[162.6104,-81.9123],[163.9168,-82.1901],[160.6397,-82.4229],[160.8021,-82.492],[163.4395,-82.5452],[163.1648,-82.4495],[163.28,-82.4264],[164.6732,-82.3388],[165.5593,-82.4934],[165.3733,-82.6061],[167.3065,-82.8171],[167.1665,-82.9003],[167.4085,-82.925],[167.0628,-82.9561],[167.4242,-83.0261],[168.6234,-83.006],[168.7962,-83.1838],[168.0769,-83.1839],[168.4152,-83.2669],[166.9988,-83.1992],[168.0317,-83.3596],[171.1931,-83.4456],[171.5769,-83.5003],[170.9782,-83.5618],[171.9597,-83.6202],[171.8662,-83.6441],[172.0011,-83.7169],[173.7214,-83.7636],[173.409,-83.8781],[174.9739,-83.8305],[175.4431,-83.9033],[175.1618,-83.9573],[175.301,-83.9845],[178.5276,-84.1214],[180,-84.3528],[180,-90],[-180,-90],[-180,-84.3528],[-176.0643,-84.3959],[-176.5106,-84.4355],[-175.8813,-84.5475],[-175.178,-84.4148],[-168.2547,-84.6482],[-167.4418,-84.8674],[-162.8489,-84.8831],[-158.4658,-85.1552],[-156.0084,-85.2219],[-156.9275,-85.1952],[-155.504,-85.1261],[-157.6372,-84.8972],[-155.6426,-84.8278],[-166.4235,-84.3703],[-163.0011,-84.363],[-165.1544,-84.138],[-163.7028,-84.0499],[-164.039,-83.9907],[-163.9037,-83.9573],[-165.5144,-83.7457],[-168.0826,-83.7796],[-167.6772,-83.7442],[-168.3375,-83.6928],[-168.6097,-83.6225],[-168.5826,-83.5304],[-169.0499,-83.5081],[-168.7799,-83.4757],[-171.741,-83.2272],[-170.9567,-83.2619],[-174.0276,-82.9152],[-174.3398,-82.7589],[-173.181,-82.9164],[-171.4083,-82.9538],[-170.7195,-83.197],[-169.5997,-83.3105],[-165.0863,-83.2021],[-164.8541,-83.2503],[-164.9858,-83.3559],[-164.6173,-83.5069],[-163.134,-83.3155],[-162.1691,-83.5247],[-159.1934,-83.5444],[-156.9177,-83.2302],[-158.4972,-83.1179],[-155.5922,-83.0461],[-155.0588,-82.8019],[-152.5429,-82.5481],[-154.8389,-81.9448],[-153.758,-81.7766],[-153.8164,-81.6812],[-157.0567,-81.3513],[-157.1459,-81.319],[-157.0639,-81.2558],[-156.4501,-81.1487],[-147.5483,-80.8869],[-149.4617,-80.7192],[-148.3433,-80.6249],[-151.0116,-80.4295],[-149.9683,-80.3937],[-150.7258,-80.3204],[-150.5719,-80.3058],[-150.7263,-80.2165],[-150.1337,-80.1857],[-150.3697,-80.0746],[-147.5548,-80.0512],[-148.9499,-79.9726],[-148.1943,-79.9713],[-148.9997,-79.8608],[-147.0671,-79.9086],[-147.8974,-79.9011],[-147.5852,-79.8746],[-148.1412,-79.8108],[-147.7731,-79.7795],[-152.0038,-79.3425],[-151.698,-79.2516],[-152.2649,-79.3092],[-152.4142,-79.2639],[-151.7201,-79.0838],[-152.935,-79.1701],[-154.9698,-79.0348],[-156.5283,-78.6637],[-156.0528,-78.4941],[-154.5229,-78.434],[-153.8151,-78.2332],[-156.6252,-78.1428],[-157.1996,-78.2527],[-158.3439,-77.9744],[-158.64,-77.8486],[-158.1181,-77.5558],[-158.2863,-77.5139],[-158.1402,-77.4279],[-158.3295,-77.3429],[-158.1775,-77.2058],[-158.3117,-77.1324],[-158.2202,-77.0737],[-157.8431,-77.075],[-157.0218,-77.3587],[-156.4671,-77.2607],[-156.8336,-77.1877],[-156.5903,-77.1124],[-155.8655,-77.0597],[-153.534,-77.2542],[-153.379,-77.3808],[-153.8624,-77.4426],[-152.5754,-77.502],[-152.3507,-77.3027],[-149.975,-77.8162],[-149.2453,-77.7575],[-149.7855,-77.6246],[-148.8845,-77.7072],[-148.6737,-77.6749],[-148.8147,-77.5615],[-147.7931,-77.4903],[-149.041,-77.3331],[-148.7697,-77.1047],[-147.8468,-77.2638],[-147.6614,-77.423],[-146.9762,-77.2359],[-146.3751,-77.5031],[-145.4628,-77.5232],[-145.9551,-77.3634],[-145.8098,-77.3479],[-145.9534,-77.2331],[-145.246,-77.2324],[-146.3814,-77.0031],[-145.31,-77.0587],[-145.9636,-76.8575],[-145.4626,-76.7516],[-146.11,-76.7092],[-147.0817,-76.4328],[-148.4528,-76.506],[-149.6398,-76.4299],[-149.709,-76.3767],[-149.6063,-76.3139],[-148.5397,-76.2283],[-148.6487,-76.1347],[-148.1971,-76.0871],[-146.2507,-76.4238],[-145.3546,-76.4345],[-146.4996,-76.087],[-146.2092,-75.9155],[-144.2213,-75.8212],[-144.2025,-75.7185],[-143.9718,-75.6961],[-144.3572,-75.624],[-142.6794,-75.5618],[-142.467,-75.4317],[-141.8614,-75.5212],[-141.5272,-75.7675],[-140.6465,-75.8072],[-141.2988,-75.5016],[-140.277,-75.4326],[-139.5666,-75.148],[-137.7423,-75.0606],[-136.346,-75.1778],[-137.0099,-75.0099],[-136.8643,-74.9646],[-136.8343,-74.7604],[-135.7018,-74.7473],[-135.42,-74.5651],[-134.5186,-74.6432],[-134.5863,-74.7363],[-134.4147,-74.859],[-133.8655,-74.9283],[-132.0931,-74.7633],[-129.9751,-74.9133],[-127.2447,-74.6801],[-121.7725,-74.7861],[-118.8671,-74.6025],[-118.6165,-74.5222],[-119.0697,-74.4396],[-117.9708,-74.2581],[-117.8411,-74.3377],[-117.9781,-74.3998],[-117.7858,-74.5175],[-116.6935,-74.5579],[-115.9067,-74.3854],[-115.6493,-74.5309],[-114.8743,-74.4816],[-115.1249,-74.0949],[-114.21,-73.8635],[-113.9518,-73.9146],[-114.2423,-74.0783],[-113.4396,-74.0997],[-113.9478,-74.2564],[-113.6852,-74.2966],[-113.8013,-74.4518],[-113.2251,-74.4021],[-114.357,-74.6959],[-113.8267,-74.713],[-114.2697,-75.0038],[-114.1058,-75.0689],[-111.5426,-74.8015],[-111.9261,-74.5512],[-111.3256,-74.4755],[-111.8871,-74.3154],[-111.5926,-74.1725],[-110.7966,-74.3268],[-110.5549,-74.2441],[-110.1031,-74.5486],[-110.317,-74.6555],[-110.2944,-74.7819],[-111.5784,-75.1288],[-111.3042,-75.2409],[-109.6929,-75.1461],[-106.5913,-75.3786],[-105.0265,-75.1078],[-101.7607,-75.0829],[-101.5642,-75.1467],[-101.6569,-75.3054],[-101.1127,-75.4321],[-98.772,-75.321],[-98.4022,-75.2364],[-98.7442,-75.2245],[-98.4343,-75.1334],[-99.3797,-75.1127],[-99.324,-74.9626],[-99.4385,-74.9133],[-100.5364,-74.8844],[-99.9193,-74.7698],[-100.1134,-74.631],[-99.8167,-74.5261],[-101.3959,-74.5027],[-101.4287,-74.3743],[-101.295,-74.2748],[-101.4264,-74.28],[-101.3655,-74.1989],[-101.5892,-74.0002],[-102.8486,-73.9216],[-102.9233,-73.8575],[-102.8039,-73.717],[-102.9986,-73.6096],[-100.6321,-73.7822],[-98.8501,-73.6042],[-99.5877,-73.5226],[-99.4056,-73.4866],[-99.7149,-73.4677],[-99.7681,-73.3642],[-102.8736,-73.3082],[-103.3067,-73.1471],[-103.2613,-73.0066],[-103.4299,-72.8494],[-103.0414,-72.7076],[-102.094,-72.7717],[-102.1886,-72.8945],[-102.7169,-72.9977],[-101.9603,-73.0556],[-97.7174,-73.0253],[-97.9812,-73.1694],[-97.8733,-73.1992],[-97.4189,-73.1249],[-95.8427,-73.3315],[-95.1938,-73.2091],[-94.131,-73.3126],[-92.8014,-73.1428],[-91.0774,-73.3366],[-90.1608,-73.1397],[-89.2303,-73.1113],[-89.28,-73.0377],[-89.0541,-72.9291],[-89.3485,-72.6345],[-88.1735,-72.7321],[-88.1088,-72.8434],[-88.714,-73.1198],[-88.4069,-73.2706],[-87.3495,-73.1696],[-87.3583,-73.2561],[-86.9465,-73.3836],[-85.6786,-73.1775],[-85.5316,-73.3853],[-85.1015,-73.4871],[-83.7517,-73.5602],[-83.8816,-73.6667],[-83.8093,-73.7413],[-82.9337,-73.7104],[-82.1371,-73.8897],[-81.1847,-73.7042],[-81.0863,-73.5945],[-81.3282,-73.4801],[-81.3555,-73.3238],[-81.2347,-73.248],[-80.1968,-73.402],[-80.651,-73.0844],[-80.4925,-72.9533],[-79.6475,-73.0387],[-78.7819,-73.338],[-78.845,-73.6088],[-76.8467,-73.4649],[-76.7055,-73.5715],[-77.2424,-73.8124],[-77.0808,-73.8793],[-75.2681,-73.6212],[-74.0253,-73.7239],[-73.0731,-73.4444],[-68.7797,-73.108],[-67.5111,-72.8341],[-66.7508,-72.1131],[-66.7921,-71.9606],[-67.6226,-71.4334],[-67.4111,-70.9929],[-67.6427,-70.8547],[-67.9494,-70.3118],[-68.4838,-70.0527],[-68.3619,-69.6834],[-68.8249,-69.4313],[-68.3088,-69.404],[-68.2789,-69.2813],[-67.3923,-69.5027],[-67.253,-69.273],[-66.894,-69.2324],[-66.9564,-69.1225],[-66.7591,-69.0712],[-67.4807,-68.8419],[-66.9592,-68.7481],[-67.1747,-68.5253],[-66.8607,-68.3676],[-67.1571,-68.3022],[-66.6251,-68.2467],[-66.9459,-68.2228],[-67.2687,-67.9687],[-66.8506,-67.9137],[-66.7671,-67.7752],[-67.0803,-67.7799],[-66.7379,-67.7306],[-66.9676,-67.6931],[-66.5102,-67.5279],[-67.6107,-67.547],[-67.4438,-67.1894],[-67.6077,-67.1783],[-67.4762,-67.0541],[-67.3031,-67.0993],[-66.9507,-66.9389],[-66.8875,-67.1681],[-66.9809,-67.2763],[-66.7856,-67.3115],[-66.7089,-67.1905],[-66.4628,-67.3366],[-66.5268,-67.1139],[-66.4442,-67.0854],[-66.6142,-67.038],[-66.4203,-66.8819],[-66.5519,-66.8106],[-66.5479,-66.6502],[-65.6894,-66.6837],[-65.7667,-66.6018],[-65.5504,-66.4002],[-65.8724,-66.2989],[-65.6405,-66.2148],[-65.7055,-66.15],[-65.0909,-66.1501],[-65.3192,-66.0383],[-65.2598,-65.9575],[-64.5841,-66.0335],[-64.4877,-65.9505],[-64.6714,-65.7526],[-64.3964,-65.8093],[-64.3353,-65.7166],[-64.4787,-65.6314],[-64.0451,-65.6931],[-64.2269,-65.5533],[-64.0819,-65.5148],[-63.7952,-65.6057],[-63.7012,-65.5047],[-64.09,-65.4133],[-63.9845,-65.3699],[-64.0797,-65.1653],[-63.8739,-65.046],[-63.0836,-65.1661],[-63.0054,-65.0354],[-63.2088,-64.9494],[-62.7941,-64.8127],[-62.4072,-64.8766],[-62.6738,-64.7773],[-62.4972,-64.7319],[-62.4955,-64.5986],[-62.1418,-64.7848],[-62.2201,-64.7381],[-61.9709,-64.6904],[-61.8057,-64.4929],[-61.5788,-64.662],[-61.491,-64.6145],[-61.6058,-64.5322],[-61.4323,-64.5456],[-61.5829,-64.4426],[-60.9417,-64.2819],[-60.9629,-64.1563],[-60.8408,-64.1642],[-60.9857,-64.0645],[-59.97,-63.9581],[-59.8074,-63.7717],[-59.4291,-63.9099],[-59.3523,-63.7086],[-58.9361,-63.6692],[-58.8985,-63.5402],[-57.2866,-63.2148],[-57.0294,-63.281],[-57.0476,-63.4156],[-56.7991,-63.6262],[-57.1244,-63.6545],[-57.1268,-63.5035],[-57.4454,-63.4444],[-57.4207,-63.5619],[-58.0977,-63.664],[-58.7047,-63.9948],[-58.8199,-64.2187],[-59.1163,-64.2365],[-58.7545,-64.2934],[-58.9495,-64.3574],[-58.7799,-64.4317],[-58.8158,-64.5427],[-59.4639,-64.3106],[-59.6622,-64.3915],[-59.5911,-64.588],[-60.0073,-64.3984],[-60.262,-64.5661],[-60.422,-64.5248],[-60.3609,-64.6436],[-60.6659,-64.7087],[-61.0517,-65.0109],[-61.7287,-64.9687],[-61.7394,-65.0878],[-61.5558,-65.1579],[-61.6276,-65.2414],[-61.9612,-65.1913],[-62.1983,-65.3045],[-62.0321,-65.3722],[-62.0674,-65.4773],[-61.701,-65.5457],[-62.0799,-65.5964],[-62.0897,-65.7116],[-62.3619,-65.8142],[-62.3724,-65.9157],[-62.0228,-66.1115],[-61.596,-66.1656],[-61.6471,-66.0336],[-61.3091,-66.0866],[-61.2755,-65.9125],[-61.0312,-66.0359],[-61.0067,-65.9128],[-60.5471,-65.9583],[-60.7084,-66.1308],[-61.0241,-66.0828],[-60.8759,-66.1876],[-60.9947,-66.3415],[-61.4687,-66.1144],[-61.4935,-66.2599],[-61.7804,-66.213],[-61.6693,-66.3923],[-61.7509,-66.4777],[-61.9702,-66.1984],[-62.6683,-66.2275],[-62.7609,-66.3161],[-62.5145,-66.4782],[-62.7037,-66.5807],[-62.4579,-66.6433],[-62.6439,-66.7245],[-63.2108,-66.2487],[-63.8116,-66.1889],[-63.7121,-66.2504],[-63.8741,-66.2726],[-63.5734,-66.3912],[-63.9033,-66.3816],[-63.7613,-66.435],[-63.912,-66.5026],[-63.797,-66.5885],[-64.1349,-66.6432],[-63.7513,-66.7877],[-63.7555,-66.8976],[-64.516,-66.905],[-64.6179,-66.7678],[-64.7738,-66.8456],[-64.7105,-66.9871],[-64.9638,-66.8967],[-64.8822,-66.9631],[-64.9663,-67.0339],[-64.6901,-67.1484],[-65.0659,-67.2021],[-64.7491,-67.3073],[-65.3269,-67.3991],[-65.4769,-67.2636],[-65.616,-67.3689],[-65.5015,-67.4623],[-65.5887,-67.5544],[-65.3375,-67.658],[-65.7067,-67.8595],[-65.3292,-67.9838],[-65.7607,-68.1657],[-65.2264,-68.163],[-64.9374,-68.0221],[-64.9891,-68.0891],[-64.7558,-68.1081],[-65.4939,-68.3171],[-64.9757,-68.4078],[-65.3393,-68.526],[-65.2438,-68.6295],[-64.033,-68.8313],[-64.1802,-68.7477],[-64.0006,-68.7543],[-64.3258,-68.6422],[-64.1456,-68.6318],[-64.2573,-68.5738],[-62.8717,-68.4207],[-63.7606,-68.581],[-63.8129,-68.718],[-63.2123,-68.8386],[-63.5127,-68.8132],[-63.4051,-68.9358],[-63.8971,-68.9826],[-63.3035,-69.0556],[-63.3964,-69.1863],[-63.1727,-69.1625],[-62.9863,-69.3736],[-62.3973,-69.5152],[-62.5297,-69.8639],[-61.8687,-70.2083],[-62.0146,-70.2926],[-62.3935,-70.2188],[-62.4072,-70.4055],[-62.1703,-70.4216],[-62.1449,-70.5525],[-61.3542,-70.5611],[-62.1293,-70.7234],[-62.0326,-70.903],[-61.305,-70.8561],[-61.3712,-71.0157],[-60.9346,-71.1822],[-61.2774,-71.2244],[-60.9838,-71.3668],[-61.4174,-71.3225],[-61.1293,-71.4148],[-62.1122,-71.6398],[-61.5572,-71.6906],[-61.1413,-71.5329],[-60.7779,-71.677],[-60.7978,-71.7815],[-61.097,-71.7081],[-61.0918,-71.871],[-62.4409,-71.9196],[-62.1122,-72.0095],[-62.3491,-72.0976],[-62.2543,-72.1352],[-61.6743,-72.0466],[-61.167,-72.1699],[-61.1737,-72.067],[-60.6938,-71.9978],[-60.6886,-72.1202],[-61.0719,-72.1913],[-60.6872,-72.2309],[-60.6744,-72.3254],[-60.998,-72.3562],[-60.6426,-72.4299],[-61.4647,-72.4073],[-61.2154,-72.6381],[-61.4203,-72.6458],[-61.1366,-72.7833],[-60.5524,-72.6559],[-60.4917,-72.7912],[-60.7635,-73.0745],[-59.9494,-72.8952],[-60.0266,-73.279],[-60.3783,-73.3217],[-60.5986,-73.1848],[-60.7344,-73.398],[-60.8779,-73.242],[-61.0828,-73.3474],[-61.2296,-73.2018],[-62.0651,-73.1305],[-61.6461,-73.252],[-62.0018,-73.2306],[-61.5685,-73.3531],[-61.9348,-73.3722],[-61.6878,-73.5359],[-60.7996,-73.5779],[-61.1456,-73.7379],[-60.7347,-73.7158],[-60.9866,-73.9553],[-61.791,-73.9067],[-61.5819,-73.9699],[-61.8593,-74.0299],[-61.0841,-74.0632],[-61.1335,-74.1642],[-61.9781,-74.2442],[-61.2787,-74.3298],[-60.6912,-74.2389],[-60.9779,-74.4972],[-61.5427,-74.544],[-62.3639,-74.4035],[-61.7882,-74.7121],[-61.873,-74.8515],[-62.526,-74.9972],[-62.7013,-74.678],[-63.2657,-74.6681],[-63.0769,-74.9085],[-63.5731,-74.8714],[-64.0856,-74.9986],[-63.2779,-75.0154],[-63.0409,-75.1472],[-64.4344,-75.3176],[-63.1616,-75.4094],[-66.2186,-76.0108],[-70.1008,-76.4239],[-69.7463,-76.4695],[-70.0499,-76.4987],[-69.8162,-76.5222],[-70.0995,-76.5652],[-69.8274,-76.6139],[-70.014,-76.6936],[-73.7666,-76.719],[-76.5416,-76.5168],[-76.7705,-76.5787],[-76.7083,-76.6744],[-77.4569,-76.4801],[-77.4259,-76.6272],[-77.6935,-76.4876],[-77.5236,-76.7297],[-76.838,-76.9859],[-76.9999,-77.0364],[-75.5266,-77.5412],[-75.0804,-77.4371],[-72.7223,-77.5756],[-73.4656,-78.0147],[-74.0557,-78.1371],[-75.0474,-78.2316],[-80.7694,-77.6699],[-80.6569,-77.7249],[-80.7623,-77.79],[-81.6162,-77.8621],[-77.4125,-78.4196],[-77.3346,-78.6054],[-77.724,-78.7314],[-80.2952,-78.8468],[-82.487,-78.4658],[-83.7676,-77.968],[-83.5913,-78.2263],[-82.9449,-78.4733],[-83.6813,-78.3272],[-83.8861,-78.4194],[-83.2535,-78.7727],[-81.1057,-79.2034],[-81.3193,-79.2985],[-81.1685,-79.4482],[-80.4923,-79.5779],[-80.386,-79.5082],[-80.5372,-79.3237],[-80.4294,-79.2585],[-76.5326,-79.3129],[-76.0663,-79.4353],[-75.9245,-79.5422],[-76.0976,-79.7336],[-76.6322,-79.9392],[-79.6873,-79.9826],[-78.2732,-80.1782],[-76.2745,-80.0811],[-76.0951,-80.2941],[-75.4141,-80.4885],[-75.712,-80.6381],[-74.9495,-80.7702],[-75.7251,-80.8185],[-75.5541,-80.8914],[-74.1042,-80.7962],[-72.5889,-80.9614],[-72.4623,-80.7504],[-70.8206,-80.6101],[-70.4015,-80.6681],[-70.3971,-80.8233],[-69.9758,-80.976],[-68.4487,-80.9771],[-68.0571,-81.0383],[-68.3717,-81.1103],[-65.1743,-81.5123],[-62.2113,-81.5921],[-62.0836,-81.6457],[-62.2073,-81.6926],[-64.0343,-81.697],[-63.8782,-81.6008],[-65.6917,-81.7105],[-63.4761,-81.8373],[-66.2558,-81.948],[-65.6298,-81.9866],[-65.9203,-82.0797],[-66.0624,-82.1954],[-65.8627,-82.2448],[-66.0801,-82.2917],[-65.2335,-82.2569],[-65.092,-82.4025],[-64.4396,-82.4103],[-60.4012,-82.1702],[-62.795,-82.5197],[-61.9325,-82.9723],[-62.1808,-83.0341],[-61.6202,-83.0634],[-61.3141,-82.8902],[-61.0657,-82.9098],[-60.9749,-83.0055],[-61.1125,-83.1648],[-61.8515,-83.3676],[-60.8996,-83.388],[-61.1136,-83.4479],[-60.9523,-83.4763],[-59.47,-83.4601],[-57.6989,-82.9103],[-55.8502,-82.4621],[-55.1764,-82.5104],[-55.0155,-82.3523],[-53.9247,-82.2061],[-54.3035,-82.1917],[-51.7306,-82.0626]]],[[[167.6637,-78.1274],[167.4055,-78.2492],[166.3151,-78.3103],[165.9861,-78.1096],[166.7957,-78.2116],[167.5117,-77.9924],[167.6637,-78.1274]]],[[[163.8035,-74.6895],[164.3024,-74.5527],[164.0381,-74.6363],[164.1072,-74.7361],[163.926,-74.7722],[164.0378,-74.8063],[163.9634,-74.8664],[163.7267,-74.7825],[163.8035,-74.6895]]],[[[164.8403,-67.3393],[164.875,-67.5151],[164.6572,-67.5383],[164.6572,-67.2608],[164.8403,-67.3393]]],[[[163.2937,-66.8381],[163.0813,-66.7065],[163.2605,-66.7162],[163.2937,-66.8381]]],[[[-59.2868,-80.2096],[-59.7574,-80.3357],[-59.8468,-80.5283],[-59.4665,-80.4909],[-59.8592,-80.595],[-59.6659,-80.6464],[-59.819,-80.7449],[-60.6527,-80.9604],[-62.5221,-80.8649],[-62.9585,-80.7753],[-63.1411,-80.5925],[-64.2848,-80.7512],[-66.8048,-80.3285],[-66.2399,-80.1944],[-66.2035,-80.3437],[-65.9184,-80.395],[-61.7504,-80.3683],[-61.1846,-80.2526],[-61.5159,-80.2419],[-61.8079,-80.0576],[-61.2668,-80.0085],[-61.5227,-79.893],[-60.0767,-79.656],[-60.4866,-79.7377],[-59.7991,-79.7743],[-59.6564,-79.8504],[-59.8628,-79.9033],[-59.6256,-79.9063],[-59.9613,-80.0839],[-59.2868,-80.2096]]],[[[-66.1491,-79.6282],[-66.7008,-79.6681],[-65.5541,-79.7774],[-65.9013,-79.8395],[-65.4501,-79.9524],[-66.2227,-80.0864],[-66.4193,-79.9604],[-67.0089,-79.9133],[-66.8118,-79.7919],[-67.8398,-79.5588],[-66.1491,-79.6282]]],[[[-32.1433,-79.6611],[-32.6012,-79.6611],[-32.2223,-79.5202],[-31.9135,-79.5728],[-32.1433,-79.6611]]],[[[-68.2331,-79.2859],[-67.0482,-79.2648],[-67.5111,-79.3972],[-67.2422,-79.4558],[-67.4679,-79.506],[-68.5503,-79.443],[-67.4694,-79.308],[-68.2331,-79.2859]]],[[[-33.9165,-79.3126],[-36.7264,-79.2981],[-36.9385,-79.1812],[-36.5901,-79.2756],[-35.5034,-79.0901],[-33.9165,-79.3126]]],[[[-75.5884,-78.7579],[-75.3937,-78.741],[-75.5124,-78.8668],[-75.6499,-78.8332],[-75.5884,-78.7579]]],[[[-66.7344,-78.4418],[-69.296,-79.2177],[-69.6648,-79.4118],[-69.5033,-79.4151],[-69.822,-79.4584],[-69.4916,-79.5326],[-69.6466,-79.6038],[-71.4442,-79.6529],[-71.8157,-79.4792],[-71.5996,-79.2],[-70.5928,-78.8859],[-67.5776,-78.3718],[-66.7309,-78.3215],[-66.6055,-78.3637],[-66.8725,-78.428],[-66.7344,-78.4418]]],[[[-52.5188,-80.2001],[-50.2637,-79.5357],[-50.3892,-79.3308],[-50.7397,-79.2844],[-50.4844,-79.1293],[-50.453,-79.0038],[-50.5613,-78.9596],[-50.2144,-78.8329],[-50.4305,-78.8126],[-50.2673,-78.7232],[-50.3674,-78.6905],[-49.111,-78.0529],[-47.2225,-77.7726],[-45.9341,-77.8171],[-43.8188,-78.2483],[-43.7251,-78.395],[-43.9203,-78.5963],[-45.3027,-78.6804],[-45.2246,-78.7356],[-45.3705,-78.7861],[-43.739,-78.8006],[-43.4599,-78.9555],[-43.4525,-79.1108],[-43.1335,-79.1819],[-43.3485,-79.2392],[-42.9364,-79.5221],[-43.1374,-79.9518],[-43.8567,-79.996],[-43.438,-80.1095],[-43.5316,-80.2],[-49.7192,-80.6856],[-49.798,-80.7909],[-54.1616,-80.8771],[-54.4078,-80.74],[-54.3776,-80.5774],[-54.0965,-80.5584],[-53.4071,-80.1077],[-52.8902,-80.177],[-52.3516,-80.053],[-52.5188,-80.2001]]],[[[-20.3666,-74.4254],[-20.843,-74.4628],[-20.9812,-74.211],[-21.2995,-74.1059],[-22.0402,-74.1056],[-21.1454,-73.9501],[-20.6402,-73.5875],[-20.4958,-73.7937],[-20.6929,-74.102],[-20.3666,-74.4254]]],[[[-73.8868,-73.1201],[-73.5225,-73.1301],[-74.0359,-73.407],[-74.1509,-73.2792],[-73.8868,-73.1201]]],[[[-104.6871,-73.0965],[-104.5327,-73.1745],[-104.8595,-73.2067],[-105.1554,-73.0053],[-104.9586,-72.9426],[-104.6871,-73.0965]]],[[[-89.8924,-72.8846],[-89.3307,-72.928],[-89.6333,-73.0838],[-90.1325,-73.0944],[-90.3363,-72.9874],[-89.8924,-72.8846]]],[[[-74.8468,-72.8666],[-74.2186,-72.9908],[-74.5084,-73.2524],[-74.758,-73.3032],[-74.3609,-73.4604],[-74.5194,-73.6061],[-75.8746,-73.3466],[-76.1261,-73.1588],[-75.8582,-73.0476],[-75.0382,-73.0414],[-75.7757,-72.8936],[-74.8468,-72.8666]]],[[[-90.9016,-72.8198],[-90.7245,-72.9128],[-90.9177,-73.1013],[-91.5063,-73.1978],[-91.3334,-72.8976],[-91.6865,-72.61],[-90.9152,-72.5622],[-90.758,-72.6974],[-90.9016,-72.8198]]],[[[-94.4914,-72.5224],[-94.3998,-72.6074],[-94.5048,-72.6327],[-95.2743,-72.6518],[-94.4914,-72.5224]]],[[[-16.1861,-72.5905],[-16.1028,-72.6874],[-16.3816,-72.69],[-16.5163,-72.5191],[-16.338,-72.4606],[-16.1861,-72.5905]]],[[[-12.6594,-72.0595],[-12.4897,-72.1671],[-12.654,-72.1993],[-12.9674,-72.0563],[-12.6594,-72.0595]]],[[[-95.4992,-72.3156],[-95.5155,-72.402],[-96.0968,-72.4611],[-95.9444,-72.5016],[-96.0548,-72.5837],[-98.5801,-72.5728],[-98.673,-72.5422],[-98.5355,-72.4641],[-99.3966,-72.4982],[-99.1864,-72.3754],[-101.9673,-72.1933],[-102.3237,-72.0641],[-100.1326,-71.8219],[-99.9933,-71.9328],[-100.452,-71.9983],[-99.8612,-72.0494],[-99.499,-71.9304],[-98.6855,-72.1074],[-99.1526,-71.9162],[-98.5316,-71.7568],[-97.9824,-71.8596],[-98.2909,-71.9742],[-98.2286,-72.045],[-98.3526,-72.1564],[-97.7643,-72.1425],[-97.8921,-71.9107],[-97.6028,-71.8881],[-97.365,-71.9799],[-97.6183,-72.0961],[-97.3941,-72.2084],[-96.9901,-71.8473],[-96.3605,-71.8351],[-96.0653,-71.9138],[-96.1395,-72.0136],[-96.5096,-72.0138],[-96.3822,-72.0569],[-97.0,-72.2143],[-96.7238,-72.2641],[-95.6581,-72.0476],[-95.7191,-72.1033],[-95.5029,-72.1516],[-95.5898,-72.1944],[-96.4158,-72.2898],[-95.4992,-72.3156]]],[[[-60.5307,-71.051],[-60.9573,-70.9773],[-60.587,-70.9251],[-60.5307,-71.051]]],[[[-74.9127,-71.0234],[-76.1304,-71.1379],[-76.5426,-70.9656],[-75.1998,-70.7766],[-74.9545,-70.5846],[-74.5672,-70.7924],[-74.4634,-70.5768],[-74.1007,-70.6586],[-74.1575,-70.5859],[-74.0361,-70.5481],[-73.5592,-70.7497],[-74.9127,-71.0234]]],[[[-60.4353,-70.5968],[-60.7165,-70.7106],[-60.9822,-70.6209],[-60.8345,-70.5124],[-60.4353,-70.5968]]],[[[-3.4304,-70.5385],[-3.4925,-70.4811],[-3.1442,-70.3007],[-2.6806,-70.3884],[-2.7471,-70.5118],[-3.4304,-70.5385]]],[[[-71.711,-70.4298],[-71.8165,-70.2958],[-71.3186,-70.2988],[-71.711,-70.4298]]],[[[-61.1054,-69.9638],[-61.406,-69.9428],[-61.2682,-69.852],[-61.1054,-69.9638]]],[[[-75.4835,-70.1337],[-75.8317,-70.0164],[-75.7262,-69.8909],[-75.2301,-69.8417],[-75.4355,-69.7688],[-74.787,-69.736],[-74.3971,-69.9618],[-74.6424,-69.9919],[-74.589,-70.0911],[-74.7761,-70.171],[-75.4835,-70.1337]]],[[[-72.8455,-69.5856],[-72.968,-69.4854],[-72.6619,-69.4161],[-71.9497,-69.6828],[-72.8455,-69.5856]]],[[[-61.7555,-69.4543],[-62.0951,-69.7297],[-62.5792,-69.1891],[-62.192,-69.1862],[-61.7555,-69.4543]]],[[[-71.4601,-72.6292],[-72.4083,-72.6745],[-72.5148,-72.6393],[-72.4321,-72.5535],[-72.7997,-72.5942],[-73.1642,-72.4312],[-72.6767,-72.2713],[-70.7097,-72.3964],[-70.1833,-72.2739],[-70.4577,-72.1402],[-71.3672,-72.2879],[-72.0552,-72.1581],[-70.7698,-71.9897],[-70.7197,-71.9057],[-70.8565,-71.8456],[-71.8297,-71.8986],[-71.8322,-71.7991],[-72.3389,-71.6135],[-72.8594,-71.921],[-73.8789,-71.8642],[-73.5013,-72.0125],[-74.1213,-72.1725],[-75.356,-71.9236],[-75.4024,-71.801],[-75.1772,-71.7526],[-75.4141,-71.6609],[-75.0164,-71.5265],[-74.2895,-71.6579],[-74.4366,-71.4509],[-74.2225,-71.3819],[-73.4588,-71.5953],[-73.3364,-71.5368],[-73.6601,-71.4106],[-73.5853,-71.3229],[-72.189,-71.3731],[-73.0535,-71.1817],[-72.7861,-71.0628],[-71.6901,-71.1589],[-71.3597,-71.0691],[-71.3436,-70.9661],[-70.4112,-70.9454],[-69.838,-71.152],[-69.7867,-70.8534],[-70.7013,-70.8318],[-71.2665,-70.6801],[-70.9986,-70.4658],[-70.1175,-70.3298],[-69.5885,-70.3935],[-70.2318,-70.2351],[-70.1957,-70.1401],[-71.0592,-70.2241],[-71.7845,-70.0422],[-71.9276,-69.9542],[-71.8346,-69.7996],[-71.9116,-69.7083],[-71.6159,-69.4548],[-72.098,-69.3127],[-72.1989,-69.0978],[-72.0127,-68.9555],[-70.4021,-68.7868],[-70.0967,-68.9025],[-69.9943,-69.0937],[-70.1083,-69.301],[-69.739,-69.2937],[-69.3171,-69.6259],[-69.2848,-69.9231],[-68.3302,-70.7997],[-68.4812,-70.8095],[-68.2992,-70.8691],[-68.2086,-71.8211],[-68.4831,-71.8969],[-68.3419,-72.0571],[-68.4361,-72.2408],[-68.7628,-72.2234],[-69.2274,-72.4267],[-69.1403,-72.5021],[-69.2182,-72.5429],[-71.4601,-72.6292]]],[[[-60.8941,-68.7599],[-61.0211,-68.7067],[-60.883,-68.6794],[-60.652,-68.7758],[-60.8941,-68.7599]]],[[[-67.2882,-67.7301],[-67.7748,-67.6858],[-67.1837,-67.5998],[-67.2882,-67.7301]]],[[[-67.3812,-66.9024],[-67.6031,-66.88],[-67.4066,-66.7365],[-67.2407,-66.8308],[-67.3812,-66.9024]]],[[[-69.1093,-67.6262],[-69.1164,-67.4304],[-68.3778,-66.8207],[-67.6594,-66.6486],[-68.0262,-66.9406],[-67.9854,-67.0627],[-67.6768,-67.148],[-68.251,-67.3693],[-67.9738,-67.4684],[-68.4137,-67.5592],[-68.5752,-67.7439],[-68.8993,-67.7605],[-69.1093,-67.6262]]],[[[-66.7725,-66.1378],[-66.5556,-66.087],[-66.8411,-66.322],[-66.7725,-66.1378]]],[[[-66.1902,-65.8237],[-65.96,-65.5533],[-65.6248,-65.5349],[-65.6655,-65.6601],[-65.913,-65.7058],[-65.8135,-65.8399],[-66.1902,-65.8237]]],[[[-57.3146,-64.4365],[-56.8784,-64.3357],[-57.2191,-64.5654],[-57.4476,-64.5344],[-57.3146,-64.4365]]],[[[-62.9064,-64.5212],[-63.6821,-64.8532],[-64.3011,-64.6999],[-63.6575,-64.4177],[-63.5749,-64.2652],[-63.1534,-64.2916],[-63.3599,-64.4362],[-63.1112,-64.398],[-63.2704,-64.5812],[-62.9064,-64.5212]]],[[[-62.6566,-64.503],[-62.7885,-64.4838],[-62.5856,-64.4537],[-62.671,-64.3964],[-62.4638,-64.2367],[-62.6234,-64.1305],[-62.4881,-64.089],[-62.5721,-64.0524],[-62.0089,-64.1417],[-62.2115,-64.1784],[-62.049,-64.2145],[-62.1675,-64.3621],[-62.6566,-64.503]]],[[[-61.9363,-63.9913],[-61.7843,-63.9695],[-61.9825,-64.0909],[-62.0654,-64.0624],[-61.9363,-63.9913]]],[[[-57.5133,-64.341],[-58.215,-64.3845],[-58.298,-64.3076],[-58.0127,-64.239],[-58.1832,-64.2131],[-58.1311,-64.1022],[-58.4604,-64.0857],[-58.3039,-63.925],[-57.7947,-63.7914],[-57.8644,-64.0666],[-57.4935,-63.9262],[-57.5326,-64.0214],[-57.1554,-64.0851],[-57.4004,-64.1456],[-57.0702,-64.1596],[-57.5646,-64.2872],[-57.2955,-64.3712],[-57.5133,-64.341]]],[[[-60.8866,-63.8586],[-60.6652,-63.7223],[-60.8022,-63.6658],[-60.5528,-63.6993],[-60.6988,-63.8097],[-60.6279,-63.8586],[-60.8866,-63.8586]]],[[[-55.7196,-63.4754],[-55.9649,-63.5815],[-56.2405,-63.4787],[-55.7196,-63.4754]]],[[[-61.9517,-63.3118],[-62.2775,-63.3523],[-62.2027,-63.2371],[-61.9517,-63.3118]]],[[[-55.1594,-63.2039],[-55.0428,-63.283],[-55.1727,-63.3576],[-56.5538,-63.3673],[-55.9745,-63.1469],[-55.1594,-63.2039]]],[[[-56.546,-63.0993],[-56.618,-63.0514],[-56.4768,-62.9767],[-56.035,-63.0575],[-56.2735,-63.1785],[-56.546,-63.0993]]],[[[-62.6013,-63.0656],[-62.7123,-63.0893],[-62.5193,-62.9125],[-62.3063,-62.8752],[-62.6013,-63.0656]]],[[[-61.1604,-62.6633],[-60.8238,-62.5758],[-60.8018,-62.4689],[-60.4911,-62.5771],[-60.1295,-62.4601],[-60.0245,-62.627],[-59.803,-62.6113],[-60.2906,-62.7576],[-60.4337,-62.7162],[-60.3792,-62.6101],[-61.1604,-62.6633]]],[[[-59.7457,-62.545],[-59.9961,-62.4526],[-59.5798,-62.4856],[-59.7457,-62.545]]],[[[-58.4669,-62.1604],[-59.0107,-62.2197],[-58.4141,-61.9333],[-57.6699,-61.9135],[-57.5898,-62.0255],[-58.1553,-62.0585],[-58.2428,-62.1816],[-58.4762,-62.0704],[-58.6339,-62.1779],[-58.4669,-62.1604]]],[[[-54.036,-61.2457],[-54.2274,-61.2701],[-54.0574,-61.127],[-54.036,-61.2457]]],[[[-55.078,-61.0932],[-54.6515,-61.1065],[-55.2467,-61.267],[-55.449,-61.115],[-55.078,-61.0932]]],[[[-46.007,-60.6127],[-45.4772,-60.5456],[-45.141,-60.7361],[-46.007,-60.6127]]],[[[-162.3398,-82.9238],[-161.5758,-83.0243],[-162.4024,-83.1484],[-163.2613,-83.081],[-163.8114,-82.8469],[-162.3398,-82.9238]]],[[[-169.0303,-83.1542],[-169.8022,-83.184],[-171.9014,-82.8421],[-169.0303,-83.1542]]],[[[-158.3468,-81.9015],[-157.8275,-82.0247],[-158.0672,-82.1022],[-159.0192,-81.7877],[-158.3468,-81.9015]]],[[[-160.5711,-81.5989],[-163.9901,-81.4035],[-162.9839,-81.2703],[-160.6757,-81.4628],[-160.4139,-81.5737],[-160.5711,-81.5989]]],[[[-163.0997,-79.7453],[-162.6874,-79.8149],[-163.349,-79.7978],[-163.0997,-79.7453]]],[[[-29.6183,-79.9112],[-30.0954,-79.8562],[-30.2523,-79.8862],[-29.9891,-79.9656],[-30.3664,-80.0178],[-30.278,-79.9758],[-30.5292,-79.9026],[-31.8517,-79.8526],[-31.7189,-79.8095],[-32.0895,-79.8093],[-31.8788,-79.7545],[-32.1618,-79.7096],[-31.6448,-79.6369],[-31.0954,-79.8107],[-30.2905,-79.8532],[-30.8475,-79.7407],[-30.9289,-79.6843],[-30.7974,-79.6501],[-29.6183,-79.9112]]],[[[-159.8422,-79.3486],[-158.9531,-79.7697],[-160.7129,-79.8546],[-164.3265,-79.2874],[-164.2226,-79.2857],[-164.3054,-79.2201],[-164.1778,-79.0035],[-163.243,-78.7063],[-162.3532,-78.7526],[-159.8422,-79.3486]]],[[[-150.4838,-77.3432],[-151.5115,-77.2708],[-150.9852,-77.2223],[-150.4838,-77.3432]]],[[[169.2734,-77.4545],[169.3644,-77.5221],[168.8726,-77.6404],[167.4081,-77.644],[166.6773,-77.86],[166.8906,-77.7125],[166.4534,-77.7101],[166.8957,-77.6757],[166.1655,-77.5348],[166.6761,-77.36],[166.4001,-77.2665],[166.6795,-77.1633],[167.5681,-77.4133],[169.2734,-77.4545]]],[[[-148.5336,-76.9496],[-148.9399,-77.028],[-149.3048,-76.912],[-148.5336,-76.9496]]],[[[-149.7287,-77.1295],[-150.8011,-76.99],[-149.84,-76.878],[-149.2244,-77.1181],[-149.7287,-77.1295]]],[[[-146.1648,-76.9313],[-147.0315,-77.0053],[-147.1302,-76.8818],[-146.1648,-76.9313]]],[[[-150.2326,-76.7775],[-150.8755,-76.7405],[-150.206,-76.6868],[-150.0781,-76.7385],[-150.2326,-76.7775]]],[[[-146.8103,-76.596],[-147.0638,-76.6281],[-146.8397,-76.7011],[-146.9513,-76.717],[-147.3655,-76.6174],[-147.2406,-76.5055],[-146.8103,-76.596]]],[[[-147.4605,-76.0978],[-146.9083,-76.107],[-146.6613,-76.2756],[-147.4605,-76.0978]]],[[[162.9172,-75.5583],[162.8135,-75.6933],[162.5765,-75.6628],[162.9172,-75.5583]]],[[[-145.4404,-75.58],[-145.2008,-75.6858],[-145.383,-75.718],[-146.1598,-75.5698],[-145.4404,-75.58]]],[[[-132.5712,-74.3884],[-132.3423,-74.4045],[-132.5318,-74.499],[-132.8985,-74.4264],[-132.5712,-74.3884]]],[[[-130.9205,-74.4443],[-131.2059,-74.6071],[-132.1813,-74.4238],[-131.6837,-74.3205],[-130.9205,-74.4443]]],[[[-127.1285,-74.4694],[-127.5517,-74.6436],[-128.0882,-74.4885],[-128.1892,-74.3161],[-127.1285,-74.4694]]],[[[-116.1407,-73.9025],[-116.6496,-74.0656],[-116.4857,-74.0815],[-116.5994,-74.1418],[-117.4003,-74.1325],[-116.4034,-73.8673],[-116.1407,-73.9025]]],[[[-119.821,-74.1208],[-119.9115,-74.071],[-119.6361,-74.0012],[-119.9036,-73.825],[-119.1234,-73.7809],[-118.8708,-73.8857],[-119.821,-74.1208]]],[[[-120.2612,-73.9278],[-121.0272,-74.1559],[-121.0719,-74.2756],[-120.9442,-74.3087],[-121.099,-74.3481],[-122.2435,-74.4133],[-123.0282,-74.2483],[-122.7292,-74.2158],[-122.9464,-74.1352],[-122.7366,-74.0002],[-122.3274,-73.9157],[-123.3498,-73.8388],[-123.1202,-73.6828],[-122.2724,-73.6822],[-120.5402,-73.7534],[-120.378,-73.831],[-120.7352,-73.8795],[-120.2612,-73.9278]]],[[[169.9617,-73.5144],[169.6662,-73.631],[169.4588,-73.5549],[169.7516,-73.3201],[169.9617,-73.5144]]],[[[-127.4732,-73.5496],[-127.4954,-73.4296],[-127.149,-73.2773],[-126.1041,-73.2962],[-125.2128,-73.6398],[-125.8653,-73.781],[-124.9924,-73.8823],[-124.5343,-73.7276],[-124.0275,-73.8552],[-124.1771,-73.9606],[-123.7544,-74.0725],[-123.9283,-74.2618],[-124.7843,-74.226],[-126.4755,-73.8422],[-126.4055,-73.7784],[-126.5465,-73.6703],[-127.2512,-73.7289],[-127.166,-73.6026],[-127.4732,-73.5496]]],[[[68.7787,-72.1165],[68.8091,-72.2398],[68.3947,-72.2971],[68.7787,-72.1165]]],[[[69.9245,-71.9089],[69.7874,-72.0554],[69.6828,-71.975],[69.9245,-71.9089]]],[[[-3.2281,-71.0528],[-2.9446,-71.225],[-3.3377,-71.193],[-3.4093,-71.0665],[-3.2281,-71.0528]]],[[[-2.7177,-70.8201],[-2.0807,-70.8256],[-2.8,-71.1677],[-2.8622,-71.0535],[-2.6673,-70.9937],[-3.5856,-70.7384],[-2.6181,-70.6977],[-2.5046,-70.7315],[-2.7177,-70.8201]]],[[[-5.9398,-70.4226],[-5.8849,-70.5494],[-6.1501,-70.6148],[-6.4538,-70.4444],[-5.9398,-70.4226]]],[[[3.2199,-70.3923],[3.2526,-70.4867],[3.0632,-70.5934],[2.6824,-70.623],[2.5808,-70.5243],[3.2199,-70.3923]]],[[[72.2004,-70.607],[71.787,-70.6078],[71.6233,-70.3547],[71.8084,-70.2659],[72.2004,-70.607]]],[[[4.0488,-70.303],[4.4688,-70.2446],[4.6218,-70.3527],[4.3314,-70.5045],[4.0488,-70.303]]],[[[26.7656,-70.2243],[26.8817,-70.3313],[26.7757,-70.4306],[26.0573,-70.391],[25.9123,-70.2849],[26.3274,-70.0666],[26.6502,-70.0927],[26.7656,-70.2243]]],[[[1.411,-70.0402],[1.465,-70.1505],[1.1978,-70.4064],[0.9568,-70.1917],[0.9795,-70.0656],[1.411,-70.0402]]],[[[16.2468,-69.706],[16.6372,-69.7429],[16.2887,-69.8499],[16.1716,-70.0729],[15.5549,-69.8727],[16.2468,-69.706]]],[[[47.8757,-67.5645],[47.4113,-67.6218],[47.5588,-67.5209],[47.8757,-67.5645]]],[[[85.6593,-66.7437],[85.9412,-66.8899],[85.613,-66.9866],[85.2586,-66.7662],[85.6593,-66.7437]]],[[[86.5486,-66.7031],[86.6758,-66.7197],[86.4032,-66.796],[86.2305,-66.7304],[86.5486,-66.7031]]],[[[85.2024,-66.568],[85.2865,-66.6376],[85.0549,-66.6062],[85.2024,-66.568]]],[[[98.5886,-66.388],[98.9533,-66.4181],[98.7912,-66.4874],[98.5886,-66.388]]],[[[162.6261,-66.4625],[162.5464,-66.5346],[162.2902,-66.3976],[162.2979,-66.2548],[162.6261,-66.4625]]],[[[96.9172,-66.0544],[97.0309,-66.1406],[96.9085,-66.2114],[96.2966,-66.1835],[96.4676,-66.0507],[96.9172,-66.0544]]],[[[100.7977,-65.7773],[101.0256,-65.8126],[100.9046,-65.8781],[100.3997,-65.8547],[100.7977,-65.7773]]],[[[92.4963,-65.7031],[92.6716,-65.7492],[92.5789,-65.8176],[92.2358,-65.7507],[92.4963,-65.7031]]],[[[100.5659,-65.403],[101.1267,-65.4119],[101.2614,-65.5403],[100.9671,-65.6829],[100.3298,-65.6734],[100.3037,-65.5361],[100.5659,-65.403]]],[[[103.2913,-65.392],[103.4006,-65.4579],[103.1722,-65.4606],[103.104,-65.3046],[102.7522,-65.1783],[103.0931,-65.1736],[103.2913,-65.392]]]]}},{"type":"Feature","properties":{"name":"Australia"},"geometry":{"type":"MultiPolygon","coordinates":[[[[131.5359,-31.6056],[131.1354,-31.4748],[130.7901,-31.6081],[129.2004,-31.6564],[127.2887,-32.2734],[126.0076,-32.2734],[124.834,-32.8677],[124.2012,-33.038],[123.9525,-33.5673],[123.5266,-33.9387],[123.1546,-34.0095],[123.0231,-33.8606],[122.0947,-34.0191],[122.0057,-33.8207],[121.3338,-33.8152],[120.3943,-33.9738],[120.0022,-33.926],[119.572,-34.142],[119.4695,-34.3134],[119.5593,-34.3837],[119.23,-34.5322],[118.8399,-34.4526],[118.1994,-35.0168],[117.8355,-35.0314],[117.9486,-35.1174],[116.6379,-35.0502],[116.3875,-34.8575],[115.9785,-34.8356],[115.6123,-34.4459],[115.0104,-34.245],[114.9885,-33.5211],[115.3672,-33.6313],[115.7101,-33.2707],[115.6009,-32.6617],[115.7009,-32.513],[115.7141,-32.7805],[115.6589,-32.6285],[115.7693,-32.6023],[115.7215,-31.7726],[115.0608,-30.5224],[114.8425,-29.1086],[114.166,-28.1067],[114.0125,-27.3154],[113.157,-26.1519],[113.276,-26.2349],[113.3062,-25.9967],[113.3843,-26.3828],[113.3627,-26.0128],[113.5655,-26.5651],[113.6251,-26.44],[113.6696,-26.6529],[113.8703,-26.5221],[113.8848,-26.3427],[113.5772,-26.0893],[113.4208,-25.7282],[113.5152,-25.5093],[113.757,-25.8852],[113.728,-26.197],[113.8545,-25.9443],[114.0215,-26.3909],[114.1038,-26.4479],[114.2344,-26.3166],[114.2586,-25.8419],[113.6921,-25.1052],[113.3914,-24.4137],[113.4597,-23.9103],[113.7688,-23.4577],[113.8074,-22.9306],[113.6467,-22.5777],[113.947,-21.9526],[114.1722,-21.803],[114.1108,-22.4777],[114.3374,-22.4938],[114.6467,-21.8434],[115.4785,-21.5012],[116.1963,-20.8469],[116.4515,-20.8147],[116.7909,-20.5349],[116.8555,-20.7121],[117.1541,-20.5964],[117.3538,-20.7277],[117.7363,-20.6585],[118.1509,-20.3561],[118.8057,-20.281],[119.0955,-19.9667],[119.5899,-20.0659],[121.1283,-19.5207],[121.5194,-19.0696],[121.811,-18.4626],[122.347,-18.1212],[122.3441,-17.983],[122.1698,-17.9783],[122.172,-17.2612],[122.4729,-16.9202],[122.595,-16.971],[122.5824,-16.7796],[122.821,-16.7797],[122.7588,-16.6044],[122.9162,-16.4159],[123.0203,-16.3826],[122.9598,-16.5803],[123.1322,-16.6863],[123.1433,-16.9138],[123.5708,-17.5951],[123.595,-16.9851],[123.9133,-17.2156],[123.7946,-17.0001],[123.9533,-16.8285],[123.7925,-16.8907],[123.5099,-16.6539],[123.6092,-16.5463],[123.4242,-16.4911],[123.7117,-16.4298],[123.5702,-16.1769],[123.8069,-16.1911],[123.7327,-16.259],[123.863,-16.4298],[123.9928,-16.3779],[123.9109,-16.2175],[124.2227,-16.3956],[124.904,-16.4024],[124.4015,-16.3293],[124.4343,-16.0578],[124.5204,-16.1764],[124.5962,-16.115],[124.7327,-15.8066],[124.4863,-15.9983],[124.3765,-15.5253],[124.6826,-15.4739],[124.6637,-15.2504],[125.1852,-15.5178],[125.0725,-15.4189],[125.1443,-15.3131],[124.8853,-15.2968],[125.0554,-15.1623],[124.8699,-15.2504],[124.842,-15.1412],[125.0723,-14.9685],[125.1653,-15.1623],[125.1653,-15.0114],[125.4321,-15.138],[125.4295,-15.009],[125.1868,-14.9455],[125.3088,-14.885],[125.136,-14.7359],[125.3477,-14.4987],[125.4395,-14.6388],[125.4937,-14.4907],[125.5892,-14.5453],[125.6182,-14.2237],[125.7332,-14.2709],[125.6377,-14.6347],[125.7329,-14.3985],[125.9181,-14.6378],[126.1448,-14.1952],[125.9728,-14.0214],[126.0964,-14.0251],[126.0864,-13.8894],[126.1106,-14.0178],[126.2205,-13.9562],[126.1659,-14.0854],[126.2888,-14.2301],[126.5275,-13.929],[126.4533,-14.0776],[126.6035,-14.2301],[126.7072,-13.9836],[126.8573,-13.9494],[126.7474,-13.7918],[126.8635,-13.7433],[127.1297,-13.9677],[127.1652,-13.8805],[127.4185,-13.942],[127.9473,-14.5732],[128.2313,-14.7182],[128.0243,-15.4965],[128.1252,-15.1821],[128.2893,-15.4018],[128.1958,-15.0568],[128.3135,-14.905],[128.4502,-15.0427],[128.3884,-14.8034],[128.5324,-14.7529],[129.1023,-14.9054],[129.1526,-15.2237],[129.263,-15.1076],[129.2288,-14.8366],[129.7271,-15.1936],[129.6492,-14.8327],[129.9933,-14.725],[129.7627,-14.8196],[129.5881,-14.6135],[129.7894,-14.5317],[129.5353,-14.5453],[129.3729,-14.3293],[129.4822,-14.0519],[129.7356,-13.9918],[129.8913,-13.4377],[129.9689,-13.5305],[130.3323,-13.3464],[130.1227,-13.1646],[130.1299,-12.9405],[130.3186,-12.906],[130.3543,-12.6721],[130.5068,-12.5964],[130.6929,-12.7006],[130.5604,-12.6284],[130.5784,-12.4008],[130.7839,-12.435],[130.8999,-12.6398],[130.8738,-12.5136],[130.9686,-12.5374],[130.8247,-12.4008],[131.0513,-12.3735],[131.0261,-12.1471],[131.2573,-12.2363],[131.2962,-12.0439],[131.4478,-12.2898],[131.897,-12.2159],[132.0579,-12.3067],[132.2513,-12.1563],[132.3875,-12.3803],[132.4396,-12.1549],[132.7576,-12.1334],[132.6345,-12.0672],[132.593,-11.7844],[132.6956,-11.6535],[132.4954,-11.4762],[132.1065,-11.5231],[131.7676,-11.3108],[131.9856,-11.1292],[132.1747,-11.4064],[132.1481,-11.1373],[132.2852,-11.2685],[132.343,-11.122],[132.6742,-11.5084],[132.911,-11.3318],[133.1668,-11.7044],[133.5321,-11.7491],[133.5321,-11.8658],[133.9158,-11.7223],[133.8438,-11.8552],[134.1379,-11.8795],[134.1858,-12.0764],[134.285,-11.9682],[134.5942,-12.0644],[134.7686,-11.9477],[134.8611,-12.1266],[135.2176,-12.3008],[135.1701,-12.2282],[135.5879,-12.0986],[135.712,-12.0185],[135.5811,-12.0576],[135.5925,-11.9651],[135.9004,-11.7592],[135.7169,-12.003],[135.9163,-11.9682],[135.6521,-12.2033],[135.7319,-12.3115],[136.0535,-12.0644],[135.9354,-12.2136],[136.0602,-12.2322],[136.0339,-12.4659],[136.2845,-12.4158],[136.363,-12.2229],[136.177,-12.1708],[136.5722,-11.8964],[136.4703,-11.9864],[136.6636,-12.2636],[136.7609,-12.1645],[136.9837,-12.3455],[136.7402,-12.4758],[136.6107,-12.8303],[136.4717,-12.7739],[136.6575,-12.9957],[136.4968,-12.9752],[136.4723,-13.2424],[136.322,-13.308],[136.3329,-13.0469],[136.1586,-13.2629],[136.1476,-13.1222],[136.0535,-13.3119],[136.0083,-13.2155],[135.8834,-13.3258],[135.9694,-13.4257],[135.8547,-13.456],[135.8867,-13.7136],[136.0779,-13.6627],[135.9094,-14.1952],[135.3682,-14.7228],[135.4696,-14.948],[136.2246,-15.4086],[136.7156,-15.936],[136.9919,-15.8642],[137.7461,-16.2521],[138.1843,-16.6972],[139.0083,-16.8954],[139.2742,-17.3483],[139.9995,-17.7062],[140.5232,-17.6303],[140.8452,-17.4412],[141.4312,-16.0618],[141.4397,-15.6489],[141.6657,-15.0114],[141.5217,-14.4838],[141.5985,-14.1145],[141.4678,-13.8655],[141.6936,-13.2506],[141.5838,-12.9858],[141.8097,-12.6677],[141.9387,-12.9085],[141.9053,-12.7571],[142.0083,-12.7149],[141.8233,-12.6541],[141.9741,-12.5851],[141.7976,-12.58],[141.7448,-12.4548],[141.5906,-12.5408],[141.8312,-12.006],[141.9133,-11.9545],[141.9196,-12.1061],[142.033,-12.0412],[141.9476,-11.8962],[142.1511,-10.9506],[142.5462,-10.6877],[142.5017,-10.9478],[142.5908,-10.8649],[142.742,-10.975],[142.8722,-11.3825],[142.8623,-11.8368],[143.249,-11.9682],[143.0772,-12.3288],[143.4339,-12.6131],[143.3589,-12.8805],[143.5438,-12.8328],[143.5301,-13.7502],[143.7827,-14.4023],[143.9412,-14.5112],[144.4863,-14.1619],[144.6776,-14.5558],[145.3457,-14.9426],[145.2439,-15.4284],[145.4624,-16.0605],[145.4004,-16.4433],[145.7743,-16.9884],[145.9551,-16.8731],[145.8818,-17.0597],[146.1477,-17.6326],[146.0101,-18.2365],[146.3394,-18.527],[146.3333,-18.9591],[146.9051,-19.3046],[147.0241,-19.1774],[147.134,-19.4108],[147.4214,-19.4128],[147.4024,-19.3039],[147.6843,-19.8281],[147.8239,-19.7143],[147.929,-19.8976],[148.2786,-19.9658],[148.402,-20.1985],[148.5601,-20.0527],[148.6108,-20.2136],[148.782,-20.2408],[148.937,-20.5349],[148.701,-20.4392],[148.6602,-20.5722],[148.8272,-20.8906],[149.0563,-20.8985],[149.2312,-21.0898],[149.2922,-21.5107],[149.4872,-21.5359],[149.4354,-21.7897],[149.6633,-22.4938],[149.8128,-22.3781],[150.0467,-22.6453],[149.9235,-22.2983],[150.0536,-22.1415],[150.194,-22.3787],[150.6091,-22.6105],[150.5437,-22.367],[150.6775,-22.358],[150.7598,-22.4705],[150.6775,-22.5627],[150.7734,-22.5302],[150.8264,-22.6979],[150.7365,-22.9329],[150.814,-23.5092],[151.5505,-24.0914],[151.6917,-24.0983],[151.6414,-23.9783],[151.7804,-24.0226],[152.1231,-24.5917],[152.4697,-24.8056],[152.5677,-25.1786],[152.9138,-25.2877],[152.884,-25.6742],[153.0213,-25.969],[153.0615,-25.8176],[153.2056,-25.935],[153.0741,-26.3166],[153.2102,-27.0772],[153.0383,-27.1935],[153.4458,-27.7914],[153.6306,-28.6616],[153.0231,-30.5755],[153.0595,-31.0772],[152.7472,-31.8426],[152.5464,-32.0437],[152.5399,-32.4421],[152.0609,-32.6979],[152.1851,-32.7668],[151.7992,-32.8937],[151.569,-33.2922],[151.4538,-33.3042],[151.4242,-33.5278],[151.2307,-33.5349],[151.3408,-33.6175],[151.2814,-33.9523],[151.0952,-34.0144],[151.2312,-34.0405],[150.801,-34.5483],[150.917,-34.6034],[150.7271,-34.8741],[150.8447,-35.0772],[150.6956,-35.0261],[150.7595,-35.1789],[150.554,-35.2136],[150.1909,-35.7268],[150.1423,-36.32],[149.8761,-37.0959],[150.0536,-37.2687],[149.951,-37.2843],[149.9854,-37.4959],[149.7184,-37.5158],[149.6785,-37.691],[149.4912,-37.7833],[148.3064,-37.8234],[147.7576,-37.9851],[146.8477,-38.685],[146.2241,-38.7145],[146.2864,-38.9098],[146.4767,-38.8105],[146.3942,-39.145],[146.1817,-38.8683],[145.9212,-38.9067],[145.8093,-38.6502],[145.5996,-38.6801],[145.3731,-38.5368],[145.5569,-38.3852],[145.4644,-38.2346],[145.2559,-38.2415],[145.229,-38.4133],[144.9446,-38.5103],[144.6768,-38.3332],[144.9829,-38.3414],[145.1193,-38.1594],[144.9348,-37.8679],[144.3731,-38.1184],[144.7048,-38.1461],[144.6528,-38.2858],[144.4019,-38.3012],[143.537,-38.8583],[142.5025,-38.3744],[141.762,-38.2618],[141.5579,-38.4397],[141.3945,-38.4016],[141.1343,-38.1276],[140.3982,-37.9199],[139.7949,-37.2687],[139.672,-36.9534],[139.8421,-36.8459],[139.8571,-36.6349],[139.729,-36.3723],[139.4567,-35.9579],[138.9178,-35.5768],[139.4475,-35.9273],[139.672,-36.2278],[139.4754,-35.8964],[139.0414,-35.6041],[139.1553,-35.5034],[139.3381,-35.6874],[139.2189,-35.5073],[139.361,-35.4895],[139.363,-35.3769],[139.178,-35.3154],[138.9612,-35.4138],[139.0309,-35.5175],[138.7938,-35.484],[138.9934,-35.5475],[138.5313,-35.6459],[138.1074,-35.6207],[138.4382,-35.3427],[138.5506,-34.7819],[138.0781,-34.1284],[137.7495,-35.131],[136.8394,-35.2561],[137.0198,-34.9015],[137.4461,-34.9174],[137.4524,-34.1557],[137.9309,-33.6165],[137.8104,-33.26],[138.0402,-33.0816],[137.7739,-32.5198],[137.7783,-32.9828],[137.6321,-32.9615],[137.4522,-33.1401],[137.2249,-33.6533],[136.6074,-33.9029],[136.1148,-34.3837],[136.1014,-34.5348],[135.9368,-34.5346],[135.7995,-34.8053],[136.0164,-34.7441],[135.9646,-35.0075],[135.7827,-34.8576],[135.6326,-34.9529],[135.2879,-34.5925],[135.1081,-34.596],[135.2098,-34.4316],[135.3709,-34.6282],[135.5036,-34.6119],[135.3892,-34.5693],[135.2595,-33.998],[134.8408,-33.6313],[134.7062,-33.1729],[134.3335,-33.205],[134.0687,-32.9293],[134.0741,-32.714],[134.214,-32.8062],[134.2976,-32.6785],[134.1483,-32.457],[133.8644,-32.5468],[133.95,-32.3894],[133.6492,-32.1017],[133.2708,-32.2188],[132.7762,-31.9509],[132.2337,-32.033],[131.5359,-31.6056]]],[[[147.9985,-43.2304],[147.8828,-43.1315],[147.7925,-43.2441],[147.6272,-43.0427],[147.6926,-42.9362],[147.8871,-43.0344],[147.8403,-42.902],[147.5335,-42.8366],[147.5591,-42.9772],[147.4362,-43.0461],[147.4773,-42.9089],[147.2837,-42.7785],[147.3602,-42.9252],[147.2576,-43.2543],[146.9729,-43.1311],[147.0998,-43.2994],[146.9627,-43.3403],[147.0553,-43.3562],[146.9216,-43.4296],[147.0178,-43.4781],[146.927,-43.6117],[146.7107,-43.629],[146.5547,-43.4694],[146.0242,-43.5525],[145.9432,-43.3648],[146.1614,-43.4159],[146.2295,-43.3198],[146.0254,-43.3249],[145.9172,-43.1959],[145.8318,-43.2926],[145.2655,-42.6043],[145.1887,-42.1957],[145.472,-42.5128],[145.5581,-42.3416],[145.3457,-42.1472],[145.229,-42.1957],[145.2066,-41.9666],[144.7498,-41.4142],[144.6058,-40.9965],[144.6986,-40.6603],[145.1188,-40.8214],[145.2692,-40.72],[145.8098,-41.027],[146.5856,-41.1801],[146.7442,-41.0655],[146.9496,-41.1611],[146.8193,-41.0754],[147.0176,-40.9767],[147.4448,-41.0084],[147.6506,-40.8285],[147.8495,-40.8888],[147.9842,-40.7365],[148.2093,-40.8408],[148.3314,-41.0022],[148.261,-41.8004],[148.3643,-42.2044],[148.258,-42.2442],[148.3201,-42.1194],[148.1624,-42.0592],[148.181,-41.9474],[148.2171,-42.0934],[148.0929,-42.1002],[148.006,-42.5141],[147.8887,-42.5451],[147.9531,-42.72],[147.8446,-42.8661],[148.0047,-42.9089],[147.9985,-43.2304]]],[[[147.3366,-43.3403],[147.3039,-43.5089],[147.0862,-43.4296],[147.3045,-43.2618],[147.3366,-43.3403]]],[[[147.4021,-43.1311],[147.3608,-43.2579],[147.2918,-43.153],[147.4021,-43.1311]]],[[[148.1419,-42.6038],[148.0116,-42.7512],[148.0246,-42.6135],[148.1419,-42.6038]]],[[[148.114,-40.5242],[148.2511,-40.4894],[148.1942,-40.5963],[148.114,-40.5242]]],[[[148.4299,-40.3733],[148.3406,-40.5037],[147.9985,-40.4177],[148.4299,-40.3733]]],[[[148.0149,-40.1506],[147.7577,-39.8793],[147.9533,-39.7117],[148.299,-39.9618],[148.2239,-40.1264],[148.3338,-40.1747],[148.1243,-40.2706],[148.0149,-40.1506]]],[[[144.1055,-39.893],[144.1125,-40.0309],[143.8865,-40.1065],[143.9446,-39.5789],[144.1092,-39.6658],[144.1055,-39.893]]],[[[145.4419,-38.3165],[145.2837,-38.4026],[145.2979,-38.2966],[145.4419,-38.3165]]],[[[138.1296,-35.8163],[138.0477,-35.9186],[137.6288,-35.9103],[137.4592,-36.0827],[137.2279,-35.9798],[136.7156,-36.0628],[136.5326,-35.9119],[136.5978,-35.7575],[137.3351,-35.5829],[137.6229,-35.5821],[137.5808,-35.7268],[137.8128,-35.8115],[137.9356,-35.7265],[138.1296,-35.8163]]],[[[153.4115,-27.3395],[153.3605,-27.066],[153.4513,-27.017],[153.4115,-27.3395]]],[[[113.2166,-26.068],[112.9539,-25.773],[112.9595,-25.4825],[113.2166,-26.068]]],[[[153.37,-24.989],[153.0553,-25.7971],[152.9483,-25.5522],[153.0213,-25.1982],[153.2425,-24.9933],[153.1372,-24.8171],[153.2813,-24.6935],[153.37,-24.989]]],[[[151.2699,-23.6663],[151.2139,-23.7781],[150.9796,-23.4874],[151.2391,-23.4889],[151.2699,-23.6663]]],[[[150.5366,-22.2753],[150.4823,-22.345],[150.4784,-22.2162],[150.5366,-22.2753]]],[[[149.0674,-20.3152],[148.927,-20.2873],[148.9849,-20.1515],[149.0674,-20.3152]]],[[[146.319,-18.383],[146.2234,-18.4655],[146.0973,-18.2452],[146.3021,-18.2372],[146.319,-18.383]]],[[[139.5622,-17.0392],[139.4251,-17.1428],[139.4939,-16.9851],[139.5622,-17.0392]]],[[[139.7341,-16.4433],[139.1449,-16.756],[139.2879,-16.4706],[139.7341,-16.4433]]],[[[137.0779,-15.7512],[137.0729,-15.847],[136.9347,-15.7213],[136.9948,-15.5928],[137.0779,-15.7512]]],[[[124.5757,-15.3329],[124.6502,-15.3951],[124.5492,-15.4363],[124.4588,-15.3609],[124.5687,-15.2442],[124.5757,-15.3329]]],[[[136.2869,-13.7058],[136.2361,-13.8473],[136.1167,-13.8167],[136.1953,-13.6696],[136.2869,-13.7058]]],[[[136.9515,-14.1816],[136.9031,-14.2989],[136.3241,-14.2296],[136.4373,-14.1204],[136.4097,-13.8185],[136.5947,-13.8123],[136.5723,-13.6862],[136.7183,-13.6477],[136.7318,-13.8395],[136.9031,-13.7576],[136.7046,-14.1269],[136.9515,-14.1816]]],[[[130.5368,-11.705],[130.5733,-11.831],[130.0166,-11.777],[130.345,-11.3171],[130.5368,-11.705]]],[[[131.5374,-11.4133],[131.474,-11.6002],[130.9612,-11.9339],[130.4966,-11.6495],[130.3674,-11.2043],[130.6956,-11.4343],[130.9209,-11.3093],[131.0233,-11.4133],[131.1531,-11.2493],[131.2192,-11.3997],[131.2744,-11.1896],[131.5374,-11.4133]]],[[[132.4894,-11.1601],[132.4681,-11.03],[132.5993,-10.9684],[132.5993,-11.345],[132.4894,-11.1601]]],[[[142.2554,-10.6667],[142.187,-10.7696],[142.1123,-10.6843],[142.1932,-10.5915],[142.2554,-10.6667]]]]}},{"type":"Feature","properties":{"name":"Greenland"},"geometry":{"type":"MultiPolygon","coordinates":[[[[-40.8758,65.0965],[-41.1146,65.1225],[-40.9831,64.9768],[-41.1464,64.9535],[-40.6045,64.6835],[-40.6351,64.4671],[-40.3583,64.359],[-41.5675,64.2662],[-40.984,64.0803],[-40.918,64.1649],[-40.5609,64.1069],[-40.602,63.9792],[-40.8417,63.9526],[-40.6217,63.9246],[-40.5264,63.6964],[-41.4881,63.8603],[-41.5943,63.757],[-40.8795,63.6577],[-40.7428,63.5384],[-41.1439,63.5274],[-41.0445,63.4455],[-41.2807,63.5683],[-40.9993,63.4113],[-41.1295,63.3891],[-41.4139,63.5659],[-41.2401,63.4039],[-41.5828,63.4932],[-41.116,63.3083],[-41.7159,63.553],[-41.9009,63.4699],[-41.4327,63.1253],[-42.0209,63.2531],[-41.5343,63.0334],[-41.9748,63.0743],[-42.144,63.2059],[-42.2059,63.1097],[-41.6241,62.9951],[-41.7501,62.8439],[-42.3194,62.817],[-42.3054,62.9455],[-42.5972,62.8715],[-42.4158,62.8288],[-42.5797,62.8259],[-42.4871,62.6982],[-43.1512,62.7596],[-42.3837,62.5715],[-42.347,62.4741],[-42.5538,62.4776],[-42.1644,62.3903],[-42.974,62.5248],[-42.2611,62.3146],[-42.3122,62.1032],[-42.5485,61.9515],[-42.1172,62.0067],[-42.4158,61.9206],[-42.1923,61.8696],[-42.3431,61.7597],[-42.8613,61.7839],[-42.2836,61.7283],[-42.4355,61.561],[-43.0829,61.5952],[-42.5275,61.5338],[-42.4181,61.4028],[-42.6305,61.2935],[-43.2481,61.3413],[-42.6584,61.2594],[-43.1792,61.211],[-42.6305,61.1011],[-43.6112,61.1291],[-42.7062,61.0601],[-42.8072,61.0109],[-42.7267,60.9304],[-43.0275,60.8816],[-43.4818,60.9416],[-42.8011,60.8048],[-43.528,60.841],[-42.7854,60.7463],[-43.2413,60.6562],[-42.7472,60.6902],[-43.1444,60.6083],[-42.8291,60.5804],[-43.0445,60.5079],[-43.3011,60.5575],[-43.2274,60.4709],[-43.5443,60.5447],[-43.6892,60.7237],[-43.6589,60.553],[-44.1927,60.6431],[-43.8048,60.4428],[-43.7253,60.5255],[-43.3278,60.4542],[-43.5911,60.3065],[-43.1753,60.4001],[-43.3573,60.3756],[-43.0992,60.2437],[-43.33,60.2172],[-43.0881,60.0994],[-44.1659,60.1732],[-43.9947,60.3066],[-44.1008,60.3874],[-44.0983,60.283],[-44.2746,60.3339],[-44.2616,60.1906],[-44.5902,59.9891],[-44.6657,60.1074],[-44.8019,60.0166],[-44.8445,60.1496],[-44.9264,60.1043],[-44.8445,60.0193],[-45.1728,60.0876],[-44.7551,60.2043],[-44.4664,60.5673],[-45.1738,60.1336],[-44.6254,60.7375],[-45.2142,60.439],[-45.063,60.6629],[-45.4956,60.4923],[-45.1219,60.725],[-45.3509,60.725],[-45.5837,60.4711],[-45.6744,60.5305],[-45.5959,60.5884],[-45.7314,60.5878],[-45.6247,60.6492],[-45.8811,60.5184],[-45.9816,60.5804],[-45.5775,60.7039],[-45.858,60.6977],[-45.255,60.9079],[-45.3954,61.0106],[-45.7134,60.77],[-45.8749,60.756],[-45.7563,60.8274],[-45.8702,60.8474],[-46.2051,60.7466],[-45.2588,61.1049],[-45.2137,61.211],[-45.3646,61.0943],[-45.5128,61.2476],[-45.4881,61.1011],[-46.0328,60.9139],[-46.0926,60.9827],[-45.6188,61.145],[-45.8723,61.2227],[-45.714,61.3283],[-46.1119,61.2526],[-45.8364,61.152],[-46.2812,61.0851],[-46.1576,60.9985],[-46.413,61.0881],[-46.6531,60.9857],[-46.578,60.91],[-46.8865,60.9372],[-46.7103,60.8867],[-46.8623,60.8001],[-46.9781,60.8201],[-46.8456,60.882],[-47.0436,60.841],[-46.9139,60.9304],[-47.0299,60.9748],[-47.7528,60.9155],[-47.4383,60.8274],[-48.2328,60.8205],[-47.6885,61.0056],[-48.4022,60.9865],[-47.8385,61.0423],[-47.9349,61.0881],[-47.7704,61.1911],[-48.0857,61.0881],[-48.0516,61.1837],[-48.2164,61.1862],[-47.9137,61.3283],[-48.4072,61.134],[-48.299,61.2272],[-48.6406,61.239],[-48.3401,61.3758],[-49.0658,61.4028],[-48.2579,61.5313],[-48.4761,61.5338],[-48.3458,61.6088],[-48.9897,61.458],[-49.2986,61.561],[-48.5922,61.6361],[-49.0583,61.6225],[-48.874,61.7932],[-49.1483,61.7255],[-48.7842,61.9923],[-49.1669,61.8566],[-49.2201,61.7241],[-49.3532,61.7665],[-49.1756,61.903],[-49.4282,61.8211],[-49.3265,61.9304],[-49.4084,61.9378],[-48.8392,62.0812],[-49.0795,62.0812],[-49.0311,62.2121],[-49.1691,62.0213],[-49.6385,61.9892],[-49.463,62.0886],[-49.6958,62.1166],[-49.3326,62.0812],[-49.4282,62.1166],[-49.2917,62.178],[-49.6827,62.1575],[-49.2917,62.2668],[-49.8876,62.2457],[-49.7953,62.3057],[-50.3196,62.5058],[-49.8733,62.89],[-50.2718,62.7056],[-50.2438,62.8524],[-49.7026,63.0613],[-50.3897,62.7922],[-50.1483,63.0202],[-50.469,62.9512],[-50.6138,62.9793],[-50.4909,63.0141],[-50.6075,63.096],[-50.0594,63.2296],[-50.9123,63.1432],[-50.7782,63.2531],[-51.0006,63.1647],[-50.9556,63.2507],[-51.1011,63.3286],[-50.2786,63.4039],[-51.2233,63.4449],[-50.7441,63.5548],[-51.0931,63.5314],[-51.0563,63.6509],[-50.5045,63.6714],[-51.0762,63.6643],[-51.1622,63.5075],[-51.4225,63.541],[-51.3065,63.6304],[-51.5392,63.6918],[-51.3474,63.726],[-51.5597,63.7161],[-50.9229,63.9383],[-51.4584,63.8176],[-51.3611,63.973],[-51.6204,64.0346],[-50.21,64.2058],[-50.0725,64.0966],[-50.0452,64.199],[-50.5524,64.1785],[-50.3638,64.3591],[-51.4399,64.0823],[-51.649,64.1301],[-51.4586,64.1893],[-51.7651,64.1854],[-50.9533,64.2194],[-50.8472,64.2604],[-51.0458,64.2815],[-50.8995,64.4067],[-50.5802,64.384],[-50.6964,64.4522],[-50.2476,64.4113],[-50.6547,64.4802],[-50.443,64.5559],[-50.9154,64.603],[-50.4803,64.7129],[-50.1491,64.4867],[-49.5859,64.343],[-50.0629,64.5297],[-50.1204,64.6378],[-49.9972,64.7012],[-50.2172,64.7259],[-49.9974,64.8637],[-50.5597,64.7748],[-50.8409,65.1313],[-50.6895,65.2064],[-50.977,65.2197],[-50.6422,64.7592],[-51.1451,64.6166],[-51.0389,64.7812],[-51.2526,64.7602],[-51.6627,64.3088],[-52.1615,64.2563],[-52.1946,64.4722],[-52.0216,64.5967],[-52.1414,64.5783],[-52.0451,64.6253],[-52.1324,64.7128],[-51.245,65.0214],[-51.7037,64.8911],[-51.5528,64.9941],[-51.6927,65.0259],[-51.8409,64.9122],[-51.7577,64.8637],[-52.0876,64.7949],[-51.9439,64.8774],[-52.0573,64.9237],[-52.1835,64.8023],[-52.2177,64.9119],[-52.0122,64.9804],[-52.2729,65.1039],[-52.1016,65.1238],[-52.204,65.1784],[-52.0048,65.3162],[-52.276,65.2001],[-52.1951,65.324],[-52.3275,65.3435],[-52.5347,65.1923],[-52.4442,65.2752],[-52.567,65.3225],[-51.7168,65.59],[-51.9029,65.6241],[-51.6881,65.7048],[-50.5524,65.7134],[-51.441,65.7725],[-51.9917,65.6725],[-51.9312,65.5564],[-52.4913,65.3919],[-52.4442,65.5179],[-52.6142,65.4898],[-52.4709,65.6725],[-52.6974,65.5012],[-52.8009,65.5519],[-52.5465,65.6793],[-52.7725,65.6384],[-52.6422,65.7134],[-52.6934,65.8073],[-52.824,65.6725],[-53.2392,65.6862],[-52.8778,65.8088],[-53.2626,65.7517],[-52.694,65.9394],[-52.2992,65.8371],[-51.9774,66.0036],[-51.7399,65.9306],[-51.8613,66.0219],[-51.731,66.0759],[-52.3033,65.9052],[-52.5764,66.008],[-53.181,65.8598],[-53.266,65.9196],[-52.8749,66.0219],[-53.472,65.9809],[-53.1077,66.0219],[-53.3821,66.0783],[-51.9779,66.4881],[-51.8747,66.642],[-51.2834,66.8449],[-50.364,66.8293],[-50.964,66.9357],[-49.9974,66.9815],[-50.6343,67.015],[-50.3193,67.0786],[-51.1747,66.9279],[-53.4509,66.1039],[-53.6502,66.1243],[-53.4857,66.1523],[-53.6632,66.1386],[-53.5819,66.2138],[-53.1219,66.2895],[-53.626,66.2516],[-53.6953,66.3588],[-53.4987,66.4744],[-53.6432,66.4179],[-53.623,66.509],[-52.4162,66.5501],[-53.4578,66.6383],[-52.5807,66.7072],[-53.1356,66.7209],[-52.649,66.801],[-53.0923,66.7663],[-53.0021,66.8551],[-52.2319,66.845],[-52.464,66.8785],[-52.2927,66.8996],[-52.4503,66.9815],[-53.647,66.9116],[-53.8177,66.9946],[-53.2175,66.9946],[-53.8294,67.0639],[-53.3978,67.1125],[-53.9649,67.0777],[-53.3827,67.2069],[-53.5215,67.2414],[-52.1907,67.3719],[-51.5528,67.331],[-51.1761,67.1249],[-50.3468,67.187],[-51.1823,67.1454],[-51.5187,67.3651],[-51.1147,67.4265],[-53.1885,67.3432],[-53.8079,67.2069],[-53.8057,67.4186],[-52.9786,67.7145],[-52.5626,67.7262],[-52.7896,67.7501],[-51.348,67.6795],[-50.1966,67.4675],[-50.8744,67.6047],[-49.9359,67.7003],[-51.0116,67.6252],[-51.3058,67.7341],[-50.265,67.8449],[-50.7843,67.9113],[-50.8875,67.8585],[-50.7099,67.8244],[-51.1877,67.7646],[-51.3679,67.8859],[-50.9921,67.879],[-51.0389,67.9815],[-51.5734,67.9343],[-51.3256,67.8244],[-51.4744,67.731],[-52.2319,67.7692],[-52.295,67.8558],[-51.6066,67.977],[-53.7297,67.5381],[-53.5414,67.7197],[-53.6877,67.8118],[-53.278,67.8058],[-53.4611,67.8931],[-53.184,67.8381],[-53.0537,67.8859],[-53.266,67.961],[-52.8892,67.9815],[-53.1766,68.0461],[-52.0593,67.9753],[-52.7545,67.9866],[-53.1116,68.1784],[-53.4578,68.1528],[-53.308,68.1865],[-50.1483,67.9479],[-51.4368,68.2012],[-50.9559,68.1893],[-51.3816,68.2558],[-50.848,68.5071],[-51.649,68.4135],[-51.2233,68.2968],[-52.4451,68.1815],[-52.5124,68.2906],[-52.9376,68.2626],[-52.5876,68.3514],[-53.3895,68.3315],[-52.4484,68.4621],[-52.6164,68.5259],[-51.1488,68.5639],[-51.0357,68.5842],[-51.0737,68.7014],[-50.8621,68.6198],[-50.8055,68.681],[-50.9911,68.7356],[-50.6547,68.8312],[-51.2921,68.7486],[-50.9639,68.9342],[-51.1898,68.8858],[-51.0799,69.1328],[-50.7494,69.1209],[-50.9911,69.0373],[-50.6343,69.072],[-50.3782,68.9084],[-50.493,69.0062],[-50.2989,69.065],[-50.2217,68.9599],[-50.2234,69.072],[-50.6895,69.1267],[-50.1619,69.1601],[-50.4704,69.2086],[-50.3667,69.3389],[-50.5933,69.2154],[-51.1151,69.2122],[-50.8677,69.2837],[-50.9875,69.3298],[-50.8335,69.3451],[-50.8677,69.4618],[-50.2029,69.5233],[-50.8806,69.5079],[-50.7753,69.6503],[-50.4083,69.6058],[-50.7961,69.7199],[-50.1892,69.7634],[-50.5933,69.9279],[-50.2373,70.0384],[-51.2597,69.963],[-50.8608,70.0241],[-51.0308,70.0658],[-51.4387,69.9665],[-52.3207,70.0515],[-52.61,70.2171],[-54.0187,70.4132],[-54.6302,70.6541],[-54.1554,70.8288],[-52.7906,70.7568],[-51.5494,70.4316],[-50.5666,70.3337],[-50.6827,70.4009],[-50.53,70.5366],[-50.9928,70.425],[-51.3474,70.5716],[-50.8859,70.5108],[-50.7373,70.5449],[-50.9697,70.639],[-50.6527,70.6503],[-51.4451,70.7319],[-51.2507,70.8139],[-50.6616,70.7125],[-50.9147,70.8161],[-50.8472,70.8732],[-51.9569,71.0241],[-50.9154,71.0241],[-51.4766,71.0638],[-51.2233,71.1476],[-52.2427,71.1268],[-51.5471,71.2631],[-51.6422,71.3673],[-52.5504,71.1644],[-52.2577,71.3655],[-51.361,71.4937],[-52.9923,71.4213],[-51.7816,71.6027],[-51.6627,71.7298],[-52.1664,71.6131],[-53.266,71.7099],[-52.6832,72.0109],[-53.3643,71.7778],[-53.3997,72.042],[-53.6983,72.1259],[-53.8488,72.3126],[-53.5539,72.3604],[-53.8702,72.3566],[-53.9586,72.3263],[-53.8351,72.1624],[-53.3989,71.8459],[-53.9177,71.7373],[-53.7659,71.6403],[-54.102,71.7099],[-53.8488,71.5455],[-53.9126,71.4505],[-54.6252,71.3513],[-55.5145,71.4492],[-55.6717,71.6131],[-55.5693,71.6411],[-55.8796,71.704],[-54.8533,71.913],[-54.3832,72.2232],[-54.6416,72.0185],[-55.2678,71.9273],[-55.5517,72.0382],[-54.8835,72.2512],[-54.9518,72.3604],[-54.6849,72.3672],[-55.6513,72.4504],[-54.2939,72.484],[-55.0106,72.5217],[-54.6361,72.6223],[-54.8835,72.6757],[-54.5266,72.7788],[-54.9244,72.7856],[-54.6029,72.834],[-54.7811,72.9985],[-55.6954,73.0695],[-55.1416,73.1904],[-55.4595,73.2654],[-55.0897,73.3679],[-56.0677,73.653],[-55.8431,73.6831],[-56.0411,73.6906],[-55.9625,73.7656],[-55.6127,73.7211],[-55.9455,73.8612],[-55.6448,73.8755],[-56.11,73.9704],[-55.9705,74.0271],[-56.4116,74.0673],[-56.1987,74.1213],[-56.316,74.1213],[-56.1243,74.2796],[-57.3141,74.1027],[-56.3219,74.2877],[-56.7132,74.3478],[-56.1372,74.3747],[-56.7952,74.4509],[-56.1448,74.4919],[-57.1583,74.7383],[-56.7952,74.814],[-57.0579,74.9219],[-58.1416,75.0518],[-57.9227,75.1634],[-58.4252,75.2991],[-58.2476,75.403],[-58.7001,75.3485],[-58.2067,75.444],[-58.1899,75.5344],[-58.4261,75.5661],[-58.3103,75.6433],[-58.5841,75.6637],[-58.4059,75.7189],[-59.0416,75.7014],[-59.2829,75.7661],[-59.1395,75.8419],[-59.2722,75.8801],[-59.7729,75.8014],[-59.5914,75.9169],[-59.7123,75.9631],[-60.7455,76.001],[-60.9241,76.1657],[-62.2668,76.2899],[-62.7917,76.1981],[-62.8492,76.3035],[-63.3673,76.3769],[-64.0311,76.1361],[-64.1908,76.2114],[-64.1691,76.3223],[-64.4291,76.349],[-64.3812,76.2603],[-64.6898,76.2534],[-64.5941,76.1361],[-65.3426,76.1758],[-65.3545,76.0268],[-65.8889,76.1025],[-65.6413,76.268],[-66.1773,76.2861],[-66.4137,76.0861],[-67.0471,76.267],[-67.3078,76.164],[-66.4884,75.9099],[-68.4325,76.0794],[-69.6236,76.4172],[-68.0311,76.5841],[-68.0954,76.6574],[-67.9856,76.6841],[-69.918,76.7504],[-70.1034,76.8015],[-69.5579,76.9947],[-69.7289,77.0164],[-70.6601,76.802],[-70.9872,76.897],[-70.6788,76.9386],[-71.3725,77.0583],[-70.6993,77.1509],[-70.9033,77.1914],[-69.7335,77.239],[-66.3619,77.1162],[-66.1701,77.1987],[-69.1029,77.2744],[-67.4359,77.3836],[-66.2261,77.2525],[-66.6635,77.4178],[-66.1252,77.4333],[-66.0534,77.4935],[-66.1632,77.5686],[-66.6635,77.7194],[-68.3564,77.4999],[-68.7298,77.6691],[-68.6109,77.5177],[-69.2226,77.4529],[-70.2878,77.5754],[-69.5075,77.7604],[-70.6756,77.6802],[-70.0702,77.8578],[-71.3128,77.7698],[-71.4396,77.8],[-71.2509,77.8869],[-72.2417,77.9385],[-72.2969,78.0559],[-73.0572,78.1583],[-72.4608,78.2886],[-72.8506,78.3153],[-72.6036,78.4042],[-72.5902,78.5212],[-68.7808,78.8367],[-69.1085,78.9642],[-67.5058,79.1383],[-65.7859,79.1383],[-64.8314,79.5272],[-65.0119,79.6585],[-64.943,79.7827],[-65.1286,79.8503],[-64.9498,79.9601],[-65.0436,80.0239],[-63.7786,80.1519],[-64.2228,80.2557],[-64.4733,80.1057],[-64.926,80.0727],[-67.0501,80.0612],[-67.5058,80.2072],[-67.4554,80.3425],[-66.7584,80.5524],[-65.5252,80.6634],[-65.6916,80.7161],[-65.0752,80.7934],[-64.7375,80.9191],[-64.7898,80.9904],[-63.655,81.1491],[-62.7799,80.7588],[-63.3235,81.062],[-63.3733,81.1592],[-63.1499,81.2117],[-61.0761,81.1205],[-60.893,81.1662],[-61.3113,81.3654],[-60.7732,81.4916],[-61.4543,81.745],[-60.5336,81.9127],[-58.8385,81.8623],[-58.6814,81.684],[-56.5412,81.3359],[-58.1378,81.667],[-58.486,81.8793],[-59.4679,82.0028],[-56.7364,82.2252],[-56.2615,82.1659],[-55.9589,82.2728],[-55.1125,82.1572],[-55.6029,82.2827],[-54.4407,82.3727],[-53.557,82.1161],[-53.6229,82.0261],[-53.51,81.9102],[-53.8215,81.7005],[-53.8079,81.5882],[-53.472,81.5087],[-53.6502,81.5361],[-53.4646,81.5634],[-53.5408,81.6722],[-52.9487,81.8527],[-53.0238,82.008],[-52.9256,82.0393],[-49.6138,81.6459],[-51.0663,81.9339],[-49.4357,81.9277],[-50.5813,82.154],[-51.1072,82.5099],[-49.0113,82.4545],[-44.6628,81.7544],[-44.1729,81.8377],[-44.9264,81.9953],[-44.3988,82.1052],[-44.7939,82.192],[-44.5629,82.2934],[-42.3021,82.2151],[-43.8354,82.342],[-43.764,82.4189],[-45.7464,82.777],[-42.0482,82.7563],[-42.1718,82.7086],[-41.6147,82.4797],[-41.6315,82.6533],[-41.8981,82.729],[-41.5775,82.7473],[-40.2276,82.5675],[-39.8041,82.3618],[-39.8759,82.4683],[-39.7591,82.5024],[-40.0095,82.5635],[-39.9121,82.6772],[-40.3172,82.7307],[-46.5575,82.8929],[-46.8927,82.9618],[-45.9816,82.9208],[-46.7009,83.0028],[-46.0404,83.0966],[-45.1051,82.9351],[-43.3635,82.9208],[-45.1204,83.0367],[-45.4066,83.1586],[-42.8502,83.0996],[-44.001,83.202],[-42.6658,83.2812],[-41.7407,83.1946],[-41.9315,83.0921],[-39.4376,82.9618],[-38.6151,82.746],[-38.4774,82.8314],[-39.0997,83.0037],[-37.2721,83.0096],[-38.7833,83.0678],[-36.881,83.1536],[-38.8617,83.2567],[-38.6971,83.3118],[-38.8391,83.4363],[-37.8131,83.3595],[-38.0597,83.4348],[-37.9157,83.4989],[-36.4498,83.3618],[-36.9015,83.4962],[-36.7386,83.538],[-34.3629,83.6029],[-33.8305,83.462],[-34.0115,83.5876],[-32.4907,83.6341],[-25.6496,83.2976],[-32.1617,83.061],[-33.4398,83.1596],[-32.4905,83.0382],[-35.5694,82.9202],[-35.2982,82.8929],[-35.5515,82.7665],[-34.951,82.9049],[-34.0243,82.9196],[-33.8157,82.8696],[-33.8846,82.7945],[-33.6027,82.9454],[-31.6656,82.9317],[-30.0969,83.1262],[-28.1428,83.0479],[-25.2214,83.1679],[-24.7537,82.9983],[-25.8727,82.7744],[-23.9331,82.9164],[-24.0253,82.8724],[-23.8813,82.7979],[-24.0253,82.7631],[-23.3842,82.8522],[-21.3395,82.6263],[-22.4373,82.34],[-23.8867,82.2789],[-29.8523,82.1393],[-31.5821,82.2201],[-29.9432,82.0854],[-32.7897,81.8371],[-32.6671,81.677],[-32.1479,81.6813],[-31.6802,81.8348],[-27.762,82.0624],[-24.6199,81.9875],[-24.7062,81.7812],[-26.7038,81.5412],[-26.3872,81.4277],[-23.4039,81.7188],[-23.1954,82.0223],[-21.3276,82.0766],[-21.0907,81.9578],[-21.0246,81.7665],[-21.2568,81.5175],[-23.2668,80.8963],[-23.2264,80.8231],[-23.8647,80.5836],[-23.0933,80.728],[-22.7475,80.9315],[-20.9513,81.2357],[-19.8512,81.5429],[-20.0506,81.5873],[-19.7082,81.6955],[-18.9839,81.6103],[-19.4606,81.3747],[-18.5238,81.5057],[-17.1468,81.4134],[-17.2202,81.481],[-16.8127,81.5367],[-17.0199,81.5847],[-16.4613,81.6301],[-16.4852,81.7495],[-15.29,81.8388],[-12.5701,81.6962],[-11.3768,81.476],[-13.3546,81.0199],[-14.5527,80.9906],[-14.1322,80.8862],[-14.2008,80.8196],[-15.4204,80.6484],[-17.2399,80.7223],[-18.3223,80.5581],[-19.4717,80.6654],[-20.8454,80.5574],[-20.3527,80.4606],[-19.488,80.6348],[-18.0551,80.4918],[-16.8962,80.5837],[-15.7552,80.4194],[-16.8907,80.1916],[-19.4744,80.2602],[-20.1712,80.1043],[-19.9665,80.0832],[-20.4178,79.8485],[-20.1014,79.8209],[-19.9669,79.6794],[-19.2078,79.7085],[-19.5659,79.3859],[-19.4661,79.3148],[-19.6036,79.1799],[-19.2767,79.3917],[-19.2409,79.273],[-18.8788,79.2251],[-19.8785,79.032],[-19.7657,78.8976],[-19.8813,78.8369],[-20.9708,78.7789],[-20.842,78.7153],[-21.2078,78.6329],[-20.8482,78.5926],[-21.295,78.3],[-21.3223,78.0768],[-21.63,77.9981],[-21.5574,77.8985],[-21.9673,77.6792],[-21.4468,77.6626],[-21.5624,77.5532],[-21.2927,77.6745],[-21.3739,77.7768],[-20.9374,77.9737],[-19.1268,77.6837],[-18.9947,77.5999],[-19.358,77.5264],[-20.0922,77.7014],[-20.8215,77.6535],[-20.2783,77.519],[-20.9193,77.5091],[-19.2746,77.1893],[-19.0627,77.1867],[-19.0825,77.3184],[-18.5361,77.281],[-18.2588,77.1002],[-18.2659,76.9206],[-18.5112,76.7409],[-20.5134,76.9457],[-21.7301,76.8908],[-20.7773,76.8424],[-21.2857,76.808],[-21.6236,76.6464],[-22.1962,76.8567],[-22.7442,76.6984],[-22.3229,76.515],[-22.145,76.6458],[-21.8052,76.5886],[-22.0863,76.555],[-21.6748,76.5271],[-22.0385,76.4656],[-21.7921,76.4377],[-22.504,76.4514],[-21.5854,76.4431],[-21.6521,76.2377],[-21.1205,76.2846],[-20.421,76.1361],[-21.0244,76.3173],[-19.9377,76.258],[-19.6706,76.1361],[-20.2694,75.9923],[-21.9839,75.9927],[-19.935,75.934],[-19.3453,75.7326],[-19.6123,75.6842],[-19.3419,75.4113],[-19.5886,75.1423],[-20.0026,75.1858],[-19.948,75.2795],[-20.1402,75.3361],[-20.7137,75.2995],[-22.2631,75.6695],[-21.4079,75.4583],[-22.4614,75.5095],[-21.4292,75.4318],[-20.5172,75.1423],[-21.7607,74.9853],[-22.4103,75.1546],[-21.7691,74.9602],[-20.6766,75.0744],[-20.7642,74.8407],[-20.6097,74.7348],[-21.0958,74.6543],[-19.7184,74.5875],[-19.4028,74.6894],[-19.2696,74.6489],[-19.3863,74.5607],[-18.9748,74.4844],[-19.6265,74.2386],[-20.2007,74.2798],[-20.3729,74.4484],[-21.6289,74.4468],[-22.1142,74.5942],[-21.7688,74.4153],[-22.471,74.3137],[-22.0385,74.2517],[-22.477,74.0707],[-21.9887,73.9987],[-21.8127,73.8476],[-21.8271,73.6517],[-21.7027,73.6967],[-21.915,73.9779],[-21.7847,74.053],[-20.296,73.8861],[-20.5205,73.7289],[-20.5206,73.5565],[-20.3825,73.5179],[-20.5433,73.449],[-21.5432,73.4904],[-21.5724,73.3951],[-22.3141,73.2504],[-23.4499,73.4361],[-24.0328,73.6967],[-22.6622,73.5487],[-22.175,73.6279],[-22.7995,73.5676],[-24.06,73.8203],[-24.3406,73.7787],[-24.4569,73.5414],[-24.9415,73.6125],[-25.6907,73.9575],[-24.7017,73.4975],[-26.1506,73.2409],[-27.3324,73.4981],[-27.4591,73.4435],[-26.397,73.238],[-27.7259,73.1344],[-27.4036,73.1107],[-27.4831,72.9257],[-27.2601,73.1272],[-26.4445,73.1967],[-25.0526,73.0839],[-24.9843,73.0258],[-25.1356,72.9398],[-26.0826,72.7824],[-27.3876,72.8464],[-26.397,72.7713],[-26.7806,72.7167],[-26.307,72.7304],[-26.469,72.577],[-26.1776,72.7259],[-25.2562,72.8112],[-24.7168,72.6864],[-24.6013,72.5522],[-25.9097,72.4225],[-25.2889,72.3906],[-25.5262,72.1276],[-25.181,72.3654],[-24.5464,72.4234],[-23.7612,72.2445],[-23.8075,72.1107],[-22.5251,71.9154],[-23.1232,71.6319],[-22.4158,71.7965],[-22.6549,71.6684],[-22.5955,71.5741],[-22.2144,71.7565],[-21.8945,71.7435],[-22.5074,71.5522],[-22.4767,71.2643],[-22.1324,71.4909],[-21.7646,71.508],[-21.874,71.4486],[-21.668,71.4014],[-21.8562,71.3486],[-21.6065,71.3258],[-21.9634,71.2705],[-21.7385,71.2545],[-21.7128,71.1379],[-21.8467,71.1954],[-21.7157,71.1197],[-22.3334,71.0595],[-21.6968,71.0789],[-21.9901,70.9688],[-21.5724,70.9558],[-21.7443,70.8003],[-21.9286,70.8124],[-21.6392,70.8006],[-21.7921,70.736],[-21.5457,70.7094],[-21.7642,70.7094],[-21.5792,70.6746],[-21.7711,70.5901],[-21.4768,70.5449],[-21.9401,70.3903],[-22.0229,70.4995],[-22.3812,70.4487],[-22.4792,70.8554],[-22.6486,70.723],[-22.6326,70.4455],[-23.3454,70.4406],[-24.0663,70.6897],[-24.1956,71.0123],[-24.6694,71.272],[-24.638,71.3618],[-25.0961,71.3048],[-25.6217,71.5386],[-26.4015,71.6425],[-26.7851,71.5465],[-27.9314,72.0105],[-28.6203,72.1345],[-28.706,72.0861],[-28.3604,72.0071],[-28.4569,71.9394],[-27.8618,71.908],[-28.0309,71.8745],[-27.3314,71.7188],[-28.4936,71.5659],[-25.805,71.4907],[-25.4169,71.2847],[-26.8284,70.9353],[-27.5062,70.9421],[-27.9075,71.1403],[-27.6182,70.9538],[-28.3976,70.9813],[-27.9209,70.8813],[-28.0416,70.7124],[-28.336,70.6262],[-28.2398,70.5927],[-29.2341,70.4481],[-28.2814,70.5107],[-28.3488,70.434],[-28.2329,70.372],[-26.4838,70.4616],[-26.3213,70.3798],[-26.4516,70.332],[-28.5899,70.0924],[-27.5533,70.0597],[-27.4736,69.9598],[-26.8836,70.2569],[-26.3262,70.1983],[-25.3053,70.4132],[-25.2035,70.3983],[-25.3958,70.3593],[-25.2729,70.3593],[-25.3249,70.2783],[-25.0009,70.3656],[-23.8634,70.1337],[-22.1097,70.1552],[-22.1614,70.0714],[-23.2413,69.8776],[-22.9178,69.8193],[-22.9989,69.7656],[-23.3343,69.8615],[-23.2518,69.7519],[-23.9298,69.756],[-23.6808,69.7067],[-23.5797,69.6331],[-23.7311,69.6058],[-23.6469,69.5643],[-24.3549,69.5996],[-24.0988,69.5335],[-24.1087,69.4172],[-24.735,69.4337],[-24.6755,69.2446],[-25.191,69.2837],[-24.9843,69.2011],[-25.0775,69.1098],[-25.6565,69.0919],[-25.4498,68.9679],[-26.2624,68.7874],[-26.3256,68.6791],[-26.7438,68.7052],[-27.7811,68.4687],[-27.9803,68.5711],[-28.0105,68.4578],[-28.3565,68.5029],[-28.2947,68.4262],[-28.8519,68.3286],[-29.1721,68.3998],[-29.097,68.3104],[-29.3297,68.3096],[-29.4738,68.2496],[-29.3776,68.2012],[-29.8527,68.4156],[-30.0694,68.321],[-29.9934,68.251],[-30.303,68.2558],[-30.056,68.1118],[-30.8169,68.2558],[-30.4947,68.1848],[-30.45,68.0617],[-31.0172,68.0411],[-31.4037,68.1627],[-31.5812,68.0765],[-31.7485,68.2143],[-31.5455,68.2463],[-31.9913,68.26],[-32.1254,68.4749],[-32.3148,68.4435],[-32.4872,68.6239],[-32.3997,68.5438],[-32.571,68.5097],[-32.5012,68.429],[-32.0707,68.1943],[-32.4543,68.208],[-32.0515,68.1555],[-31.9956,68.0504],[-32.1464,68.0504],[-32.0365,67.9268],[-33.2023,67.694],[-33.057,67.6326],[-33.3657,67.5514],[-33.2737,67.4008],[-33.5982,67.372],[-33.3655,67.2477],[-33.6681,67.2232],[-33.5163,67.2006],[-33.5374,67.0777],[-33.9757,66.9946],[-33.8589,66.9536],[-33.9991,66.9545],[-33.9346,66.7686],[-34.0854,66.8096],[-34.2704,66.5768],[-34.4175,66.7499],[-34.5305,66.6383],[-34.4076,66.5427],[-34.7154,66.3441],[-34.9733,66.2895],[-35.1142,66.4215],[-35.2368,66.3236],[-35.0382,66.2622],[-35.2164,66.241],[-35.8326,66.4435],[-35.6782,66.3312],[-35.7433,66.2684],[-35.5515,66.2485],[-35.7023,66.2069],[-35.5863,66.1113],[-35.745,66.1992],[-35.7106,66.123],[-35.9425,66.1039],[-35.7166,66.0902],[-36.3262,65.9121],[-36.3585,66.0914],[-36.5536,66.0838],[-36.5216,65.9909],[-37.0138,65.8396],[-37.0797,66.0629],[-37.1229,65.9049],[-37.2373,65.9052],[-37.1144,65.8169],[-37.2721,65.8301],[-37.1846,65.7741],[-37.6785,65.9457],[-37.8542,65.8916],[-37.7308,65.9809],[-37.7979,66.0487],[-37.1697,66.3236],[-37.8524,66.4447],[-38.1405,66.3692],[-37.6898,66.2684],[-37.9983,66.241],[-37.8542,66.1994],[-38.1067,66.1145],[-37.9596,66.0759],[-37.9989,65.9384],[-38.4849,66.0151],[-38.1061,65.8107],[-38.2206,65.6464],[-38.7523,65.6933],[-38.6084,65.5694],[-39.0745,65.5552],[-39.3414,65.7482],[-39.1974,65.5933],[-39.4234,65.5415],[-39.6684,65.6848],[-39.807,65.508],[-40.2185,65.508],[-39.7887,65.4122],[-39.951,65.3606],[-39.7591,65.2473],[-40.1229,65.1662],[-39.9373,65.0965],[-40.2814,65.0012],[-40.6028,65.1452],[-40.7072,65.0296],[-40.8758,65.0965]]],[[[-44.351,59.9845],[-44.3783,60.0808],[-44.4947,60.0112],[-44.4429,60.1379],[-44.2037,60.0532],[-44.351,59.9845]]],[[[-45.1529,60.3824],[-45.4114,60.1945],[-45.3498,60.3895],[-45.1529,60.3824]]],[[[-45.0561,60.3824],[-45.1322,60.4338],[-45.0021,60.4506],[-45.0561,60.3824]]],[[[-50.8055,64.528],[-51.3386,64.2458],[-51.1619,64.3014],[-51.0317,64.5509],[-50.8055,64.528]]],[[[-51.2993,64.3808],[-51.508,64.4018],[-51.0941,64.5695],[-51.2993,64.3808]]],[[[-43.7067,59.9025],[-44.1183,59.8337],[-43.9613,59.9782],[-43.7067,59.9025]]],[[[-43.1717,60.0739],[-43.2201,59.9914],[-43.5764,60.0808],[-43.4814,60.0393],[-43.5901,59.923],[-44.1296,60.142],[-43.1717,60.0739]]],[[[-47.722,60.7591],[-47.9005,60.6824],[-48.236,60.8001],[-47.722,60.7591]]],[[[-42.0353,62.767],[-41.8633,62.7459],[-42.2059,62.7329],[-42.0353,62.6845],[-42.4455,62.7534],[-42.0353,62.767]]],[[[-41.5858,63.0104],[-41.4518,62.9731],[-41.5825,62.8754],[-41.5858,63.0104]]],[[[-41.147,63.2844],[-41.4148,63.2322],[-41.8633,63.4728],[-41.147,63.2844]]],[[[-40.671,64.2194],[-41.062,64.2338],[-40.8271,64.3138],[-40.671,64.2194]]],[[[-40.1434,64.487],[-40.4928,64.4941],[-40.8695,64.9047],[-40.4996,64.8296],[-40.4392,64.7409],[-40.5482,64.7096],[-40.3761,64.6166],[-40.4791,64.5826],[-40.1434,64.487]]],[[[-52.9376,65.6588],[-52.8651,65.6098],[-53.0371,65.5433],[-53.2308,65.6022],[-52.9376,65.6588]]],[[[-36.9363,65.6793],[-37.004,65.5877],[-37.2174,65.6862],[-36.9363,65.6793]]],[[[-36.7855,65.8711],[-36.8281,65.7424],[-36.9977,65.8159],[-36.7855,65.8711]]],[[[-37.454,65.7925],[-37.4974,65.7203],[-37.3131,65.6793],[-37.4908,65.6104],[-37.8757,65.5771],[-37.9873,65.7006],[-37.6932,65.9052],[-37.454,65.7925]]],[[[-36.7507,65.9052],[-36.5043,65.953],[-36.6219,65.7986],[-36.7507,65.9052]]],[[[-53.0981,68.4544],[-52.8545,68.424],[-53.0918,68.361],[-53.225,68.4339],[-53.0981,68.4544]]],[[[-52.3511,68.6425],[-53.1219,68.5711],[-52.6496,68.7151],[-52.1283,68.7077],[-52.3511,68.6425]]],[[[-51.2233,69.9143],[-50.6619,69.8351],[-51.1675,69.5119],[-51.385,69.7119],[-51.0048,69.8869],[-51.2233,69.9143]]],[[[-52.9029,69.3451],[-53.8446,69.265],[-54.246,69.4481],[-53.403,69.4392],[-53.5819,69.4761],[-53.3491,69.5854],[-53.8166,69.4586],[-53.9996,69.5028],[-53.9301,69.6039],[-54.7374,69.5891],[-54.9927,69.702],[-54.3894,69.6815],[-54.9119,69.8206],[-54.7941,69.8795],[-54.865,69.9434],[-54.2249,69.9205],[-54.7941,70.0515],[-54.7408,70.2545],[-53.4903,70.2425],[-52.7281,69.9287],[-51.9982,69.8051],[-51.9086,69.7428],[-52.0259,69.6741],[-51.8375,69.6436],[-52.9029,69.3451]]],[[[-51.8166,70.9421],[-51.6312,70.8478],[-52.1614,70.8917],[-51.8166,70.9421]]],[[[-53.8966,71.0825],[-53.954,71.1706],[-53.6118,71.3217],[-53.3821,71.1366],[-53.5124,71.0377],[-53.8966,71.0825]]],[[[-52.4849,71.2643],[-52.9574,71.1544],[-53.1775,71.3276],[-52.4091,71.3537],[-52.3275,71.2984],[-52.4849,71.2643]]],[[[-53.2939,71.5386],[-53.4372,71.5585],[-53.4372,71.6684],[-52.7595,71.6615],[-53.2939,71.5386]]],[[[-55.6869,71.9172],[-55.411,71.8942],[-55.6098,71.8214],[-55.8083,71.8813],[-55.6869,71.9172]]],[[[-55.048,72.3188],[-55.3761,72.1672],[-55.6829,72.19],[-55.4346,72.268],[-55.6239,72.3026],[-55.048,72.3188]]],[[[-55.8021,72.6894],[-56.226,72.7099],[-55.6658,72.7854],[-55.8021,72.6894]]],[[[-55.7394,72.6142],[-55.8346,72.6394],[-55.6072,72.759],[-54.9654,72.8123],[-55.3671,72.5899],[-55.7394,72.6142]]],[[[-56.0311,73.5705],[-55.4725,73.4299],[-55.7537,73.3951],[-55.6643,73.4844],[-56.0311,73.5705]]],[[[-71.5763,77.3904],[-72.1318,77.3216],[-72.5768,77.4116],[-71.5763,77.3904]]],[[[-53.2748,82.1723],[-53.3395,82.2587],[-53.245,82.2991],[-52.7868,82.3175],[-51.1898,81.9953],[-53.2748,82.1723]]],[[[-44.5292,82.4138],[-44.439,82.353],[-45.0704,82.2226],[-44.7346,82.0984],[-45.035,82.0593],[-46.876,82.36],[-47.7499,82.6253],[-46.3242,82.6785],[-44.5292,82.4138]]],[[[-47.8522,82.7836],[-48.4128,82.8528],[-47.5067,82.8284],[-47.8522,82.7836]]],[[[-39.4376,83.1052],[-39.3477,83.0508],[-39.6665,82.9955],[-40.5466,83.1624],[-39.4376,83.1052]]],[[[-23.4397,69.743],[-23.224,69.671],[-23.5445,69.6757],[-23.4397,69.743]]],[[[-26.2083,70.5654],[-26.1016,70.4897],[-26.3827,70.4897],[-26.2083,70.5654]]],[[[-27.7191,70.7398],[-27.7228,70.8886],[-27.2399,70.8944],[-27.7191,70.7398]]],[[[-25.3173,70.747],[-25.3011,70.6573],[-25.9997,70.5351],[-28.1374,70.4595],[-27.9634,70.6313],[-27.1496,70.8778],[-25.7038,71.0858],[-25.7255,70.9905],[-25.3976,70.9143],[-25.3418,70.8097],[-25.478,70.7712],[-25.3173,70.747]]],[[[-21.9491,72.4287],[-22.7601,72.4411],[-22.0453,72.2717],[-22.2013,72.1251],[-22.5249,72.1348],[-24.0635,72.4453],[-24.026,72.5214],[-24.3717,72.6041],[-24.4853,72.8266],[-23.137,72.84],[-21.9491,72.4287]]],[[[-24.7999,72.916],[-24.9014,72.782],[-25.3207,72.847],[-24.7999,72.916]]],[[[-21.9286,72.7378],[-22.654,72.6981],[-23.1633,72.8779],[-24.5869,72.9504],[-23.2383,73.0753],[-21.9696,72.9438],[-21.8877,72.8955],[-22.1887,72.8123],[-21.9286,72.7378]]],[[[-24.5243,73.0479],[-25.7073,73.1847],[-25.2435,73.4111],[-24.4601,73.425],[-23.2098,73.2313],[-24.9855,73.3065],[-22.8924,73.158],[-24.5243,73.0479]]],[[[-20.3527,74.2517],[-20.1615,74.1688],[-21.2687,74.0878],[-21.987,74.2482],[-21.2471,74.4571],[-20.5334,74.4067],[-20.3527,74.2517]]],[[[-18.3715,74.7116],[-18.3241,74.6363],[-18.4826,74.6292],[-18.5912,74.7253],[-18.3715,74.7116]]],[[[-19.81,74.8909],[-20.1383,74.6993],[-20.6807,74.8209],[-20.5491,74.9079],[-20.5997,74.999],[-20.3391,75.0542],[-19.9617,74.999],[-20.1764,74.9039],[-19.81,74.8909]]],[[[-17.317,75.1361],[-17.6184,74.9357],[-17.8801,75.036],[-18.8926,74.9992],[-18.8382,75.2631],[-18.9481,75.3342],[-18.3168,75.3],[-18.0513,75.4201],[-17.8029,75.3143],[-18.2092,75.2224],[-17.8134,75.0889],[-17.317,75.1361]]],[[[-18.5503,76.0541],[-18.6533,75.9033],[-19.1064,76.4735],[-19.095,76.5819],[-18.7632,76.5886],[-19.0727,76.7343],[-18.6734,76.6555],[-18.7079,76.3831],[-18.5503,76.0541]]],[[[-18.0065,77.6369],[-18.2672,77.6567],[-17.9281,77.8572],[-17.6173,77.8066],[-18.0065,77.6369]]],[[[-19.1714,77.9953],[-19.1139,78.0613],[-19.3204,78.1445],[-18.8599,78.1445],[-19.1116,77.9323],[-19.1714,77.9953]]],[[[-20.3795,78.1361],[-20.8146,78.175],[-20.4676,78.2495],[-20.3795,78.1361]]],[[[-18.9178,78.4435],[-18.9051,78.3415],[-19.0634,78.3088],[-18.8937,78.2104],[-19.2711,78.2307],[-19.2892,78.3681],[-18.9178,78.4435]]],[[[-18.2052,78.7368],[-18.1618,78.8293],[-18.0003,78.7658],[-18.2052,78.7368]]],[[[-19.1244,78.7107],[-19.6107,78.77],[-19.0757,78.9311],[-19.1517,78.8684],[-19.0207,78.8684],[-19.2132,78.7926],[-19.0418,78.779],[-19.2814,78.7659],[-19.1244,78.7107]]],[[[-17.5329,79.0322],[-17.965,78.9559],[-17.6055,79.1938],[-17.4059,79.1233],[-17.5329,79.0322]]],[[[-18.7643,79.9733],[-17.7408,80.0912],[-17.261,80.0036],[-17.8363,79.7425],[-18.4852,79.6861],[-19.4142,79.8481],[-18.9194,79.9337],[-19.0023,80.0143],[-18.7643,79.9733]]],[[[-19.5229,80.0303],[-19.7041,80.0576],[-19.3499,80.2132],[-18.703,80.1265],[-19.5229,80.0303]]],[[[-17.7328,81.5956],[-18.2815,81.7185],[-17.7938,81.7462],[-17.3356,81.6086],[-17.7328,81.5956]]],[[[-19.4596,81.9532],[-19.6582,82.0941],[-19.3612,82.1128],[-18.6309,81.8197],[-19.4596,81.9532]]],[[[-66.7756,80.5986],[-66.9827,80.6716],[-66.588,80.6198],[-66.7756,80.5986]]]]}},{"type":"Feature","properties":{"name":"Fiji"},"geometry":{"type":"MultiPolygon","coordinates":[[[[-180,-16.9641],[-179.8641,-16.6813],[-179.8157,-16.7722],[-180,-16.9641]]],[[[180,-16.1491],[179.4787,-16.6972],[179.5481,-16.766],[179.9395,-16.4633],[179.9107,-16.766],[179.2969,-16.8068],[179.2664,-16.6899],[178.7339,-17.007],[178.6364,-16.8071],[178.4856,-16.7934],[178.5339,-16.629],[178.801,-16.6358],[178.917,-16.4706],[180,-16.1491]]],[[[-178.2932,-17.8827],[-178.2486,-17.9526],[-178.3523,-17.9457],[-178.2932,-17.8827]]],[[[178.4303,-18.9553],[178.4966,-19.0133],[178.2815,-19.0074],[178.179,-19.1575],[177.9512,-19.1297],[178.4303,-18.9553]]],[[[179.9434,-18.5563],[179.8828,-18.6625],[179.8307,-18.5893],[179.9434,-18.5563]]],[[[179.3455,-17.9988],[179.3503,-18.1188],[179.2328,-17.9448],[179.3455,-17.9988]]],[[[178.7114,-17.992],[178.5886,-18.136],[177.8941,-18.2731],[177.3359,-18.1056],[177.2516,-17.9522],[177.5151,-17.5051],[178.1901,-17.3006],[178.2454,-17.4713],[178.5908,-17.631],[178.5949,-17.926],[178.7114,-17.992]]],[[[179.4519,-17.2903],[179.3909,-17.3963],[179.3713,-17.2599],[179.4519,-17.2903]]]]}},{"type":"Feature","properties":{"name":"New Zealand"},"geometry":{"type":"MultiPolygon","coordinates":[[[[166.2434,-50.6008],[166.1227,-50.7004],[166.2401,-50.851],[166.0402,-50.752],[165.8967,-50.8513],[166.0959,-50.5359],[166.2434,-50.6008]]],[[[-176.382,-43.8986],[-176.3723,-43.7659],[-176.5354,-43.7556],[-176.3,-44.0426],[-176.5815,-44.1231],[-176.6644,-44.0192],[-176.5159,-43.9223],[-176.5662,-43.8378],[-176.855,-43.8201],[-176.5806,-43.7034],[-176.1691,-43.7314],[-176.382,-43.8986]]],[[[168.1995,-47.0476],[167.521,-47.273],[167.8142,-46.9112],[167.7874,-46.6972],[168.1792,-46.8644],[167.9666,-46.9726],[168.2302,-46.9716],[168.1995,-47.0476]]],[[[166.7114,-45.6163],[166.7393,-45.728],[166.5062,-45.7249],[166.7114,-45.6163]]],[[[166.9736,-45.1633],[167.0344,-45.3005],[166.8933,-45.2434],[166.9736,-45.1633]]],[[[172.7487,-43.2797],[172.8323,-43.6017],[172.6814,-43.6393],[173.065,-43.6481],[173.0929,-43.8542],[172.9968,-43.8889],[172.9486,-43.7512],[172.9656,-43.9055],[172.7634,-43.7927],[172.4226,-43.8546],[172.6477,-43.7826],[172.4173,-43.7375],[172.3763,-43.8644],[171.346,-44.2786],[171.1738,-44.547],[171.2031,-44.9055],[170.6267,-45.7063],[170.7593,-45.7768],[170.5568,-45.8963],[170.7766,-45.7802],[170.7786,-45.8762],[170.3338,-45.9815],[169.7041,-46.549],[169.036,-46.6819],[168.8449,-46.5602],[168.3657,-46.5402],[168.3781,-46.6198],[168.2678,-46.5263],[168.3689,-46.4169],[167.8386,-46.3932],[167.59,-46.1596],[167.2952,-46.2736],[166.762,-46.22],[166.6712,-46.1536],[166.9525,-45.944],[166.6161,-46.0881],[166.8086,-45.9304],[166.6913,-45.9402],[166.7439,-45.8609],[166.4748,-45.996],[166.4898,-45.8075],[167.0208,-45.6977],[166.7743,-45.7188],[166.891,-45.6498],[166.782,-45.5942],[167.0549,-45.4916],[166.7146,-45.5756],[166.7676,-45.4096],[166.9525,-45.4369],[166.8255,-45.3172],[167.2057,-45.4786],[167.0475,-45.3271],[167.3088,-45.3134],[167.0475,-45.2697],[167.0121,-45.1329],[167.1707,-45.1847],[167.0549,-45.1017],[167.2747,-45.0944],[167.1515,-45.0076],[167.3357,-45.0372],[167.199,-44.964],[167.3858,-44.8424],[167.5142,-44.9926],[167.4577,-44.7893],[167.5681,-44.882],[167.5488,-44.7345],[167.6794,-44.7654],[167.5947,-44.6977],[167.752,-44.6032],[167.9326,-44.697],[167.8364,-44.5053],[168.3709,-44.0392],[168.8037,-43.9972],[169.7178,-43.5737],[170.2893,-43.1069],[170.8584,-42.8434],[171.2254,-42.4507],[171.4681,-41.7663],[171.8552,-41.6655],[172.0708,-41.4142],[172.1068,-40.8869],[172.5959,-40.5278],[172.9968,-40.5242],[172.7422,-40.5209],[172.6604,-40.6477],[172.8565,-40.8437],[173.0173,-40.7973],[173.1039,-41.3078],[173.6888,-41.0997],[173.8535,-40.9259],[174.0348,-40.9335],[173.7805,-41.0114],[173.7787,-41.1077],[173.9557,-41.0587],[173.7913,-41.2914],[174.134,-41.1754],[173.8963,-41.1917],[174.0457,-41.0929],[173.9985,-40.9688],[174.3264,-41.0094],[174.1673,-41.1159],[174.2165,-41.1889],[173.9352,-41.2796],[174.3257,-41.2162],[174.0506,-41.4369],[174.2864,-41.7546],[173.5586,-42.4911],[173.2873,-42.9539],[172.7487,-43.2797]]],[[[175.1686,-36.7411],[175.1826,-36.825],[175.0117,-36.8027],[175.1686,-36.7411]]],[[[175.5384,-36.2824],[175.3338,-36.2237],[175.3755,-36.0659],[175.5384,-36.2824]]],[[[176.9537,-39.6075],[177.1189,-39.6673],[176.8618,-40.1407],[175.9668,-41.247],[175.2375,-41.6203],[175.1818,-41.4179],[174.8656,-41.4195],[174.8897,-41.2245],[174.8101,-41.3338],[174.6094,-41.2919],[175.1413,-40.6744],[175.1838,-40.1345],[174.9673,-39.9164],[173.8512,-39.464],[173.7593,-39.3014],[173.8527,-39.1345],[174.594,-38.8186],[174.7098,-38.1048],[174.9426,-38.0973],[174.792,-38.0847],[174.888,-37.9669],[174.7881,-37.9853],[174.7918,-37.872],[174.9771,-37.7499],[174.8504,-37.7649],[174.7178,-37.4119],[174.8379,-37.299],[174.7064,-37.3478],[174.5583,-37.0628],[174.74,-37.2444],[174.8049,-37.1663],[174.7166,-37.1526],[174.9484,-37.1017],[174.8328,-36.9428],[174.5003,-37.0322],[174.1823,-36.4532],[174.4314,-36.6656],[174.466,-36.3732],[174.271,-36.3377],[174.5249,-36.2415],[174.3052,-36.2824],[174.3939,-36.1242],[174.3325,-36.2278],[174.1823,-36.1452],[174.2606,-36.2682],[174.0752,-36.1681],[173.908,-35.8703],[174.2028,-36.3476],[174.0798,-36.3995],[173.4072,-35.5712],[173.6609,-35.3129],[173.5653,-35.2745],[173.37,-35.5165],[173.3184,-35.3023],[173.2494,-35.3707],[173.0929,-35.2068],[173.1567,-34.945],[172.7028,-34.4118],[173.0793,-34.4117],[172.9075,-34.5414],[173.0075,-34.6511],[173.0358,-34.5523],[173.2666,-35.0077],[173.4441,-34.7963],[173.4588,-34.9812],[173.5864,-35.0149],[173.5882,-34.9275],[173.7844,-35.0075],[173.7603,-35.0969],[173.8909,-35.0007],[174.1279,-35.1365],[174.015,-35.217],[174.1511,-35.3697],[174.353,-35.1994],[174.6068,-35.8435],[174.3599,-35.7133],[174.3527,-35.842],[174.5038,-35.83],[174.4969,-35.9876],[174.8805,-36.3513],[174.7507,-36.3544],[174.7788,-36.4872],[174.7166,-36.4116],[174.7229,-36.5937],[174.8569,-36.6109],[174.7235,-36.6313],[174.8191,-36.8237],[174.6211,-36.7963],[174.6802,-36.9074],[174.8757,-36.851],[174.8914,-36.9578],[174.9352,-36.8373],[174.9631,-36.9335],[175.241,-36.9423],[175.3672,-37.2072],[175.6095,-37.2516],[175.4362,-36.8647],[175.4976,-36.6313],[175.3571,-36.5296],[175.5322,-36.5077],[175.6281,-36.7638],[175.8517,-36.7184],[175.7136,-36.8752],[175.8508,-36.841],[175.9754,-37.4699],[176.1691,-37.6249],[175.9899,-37.5148],[175.9972,-37.6318],[176.2141,-37.7195],[176.2168,-37.6183],[177.131,-38.0217],[177.5568,-37.9138],[177.992,-37.5431],[178.5505,-37.6806],[178.3483,-38.0126],[178.3001,-38.5317],[177.9324,-38.7024],[177.8828,-39.0855],[177.9989,-39.1298],[177.912,-39.256],[177.8521,-39.0893],[177.4133,-39.059],[176.9375,-39.3487],[176.9537,-39.6075]]]]}},{"type":"Feature","properties":{"name":"New Caledonia"},"geometry":{"type":"MultiPolygon","coordinates":[[[[168.1375,-21.4318],[168.1268,-21.6222],[167.9929,-21.655],[167.8084,-21.384],[168.1375,-21.4318]]],[[[167.4323,-21.0278],[167.3908,-21.1786],[167.1201,-21.0519],[167.0208,-20.9117],[167.1909,-20.81],[167.0588,-20.716],[167.3013,-20.7131],[167.2815,-20.8943],[167.4323,-21.0278]]],[[[167.0344,-22.2375],[166.9157,-22.3956],[166.5456,-22.2376],[166.4367,-22.308],[166.4318,-22.1723],[166.1089,-22.0904],[166.0612,-21.8912],[166.0032,-21.964],[164.9514,-21.3538],[164.791,-21.0644],[164.3755,-20.774],[164.1665,-20.3321],[163.9948,-20.2643],[163.992,-20.0831],[165.2175,-20.7644],[165.6231,-21.268],[166.3704,-21.6589],[167.0344,-22.2375]]]]}},{"type":"Feature","properties":{"name":"Madagascar"},"geometry":{"type":"MultiPolygon","coordinates":[[[[44.2547,-20.3761],[44.4739,-19.9863],[44.3709,-19.774],[44.4797,-19.484],[44.2344,-19.0888],[43.924,-17.5465],[44.4307,-16.7004],[44.4447,-16.1957],[44.8683,-16.2209],[45.2664,-15.9239],[45.2979,-16.112],[45.3794,-15.9738],[45.5701,-15.943],[45.6047,-16.0519],[45.6609,-15.8038],[46.0661,-15.8619],[46.1442,-15.7037],[46.3311,-15.9772],[46.4688,-15.9567],[46.299,-15.8157],[46.3327,-15.6301],[46.9495,-15.1984],[47.0747,-15.324],[46.9583,-15.5496],[47.2321,-15.4333],[47.0559,-15.1936],[47.4448,-14.6716],[47.4277,-15.1076],[47.7971,-14.5663],[48.0003,-14.7623],[48.013,-14.6301],[47.7529,-14.6005],[47.7015,-14.4464],[47.7909,-14.2232],[47.9435,-14.2325],[47.9201,-14.086],[48.0339,-14.2624],[47.9043,-13.6032],[48.0684,-13.5173],[48.2987,-13.7983],[48.3333,-13.5463],[48.5342,-13.5208],[48.4823,-13.3604],[48.7801,-13.3839],[48.9553,-12.8117],[48.73,-12.435],[48.9458,-12.4799],[49.2781,-11.9477],[49.3731,-12.1982],[49.2297,-12.2221],[49.5394,-12.3782],[49.6548,-12.8049],[49.7442,-12.7434],[49.9421,-13.0339],[50.1429,-13.7831],[50.2097,-14.7507],[50.49,-15.2195],[50.4834,-15.4435],[50.1681,-15.9846],[49.9011,-15.4223],[49.6384,-15.5446],[49.6898,-16.0868],[49.8499,-16.2408],[49.7249,-16.754],[49.8403,-16.8276],[49.6084,-16.8966],[49.4313,-17.2839],[49.4408,-18.1542],[47.1262,-24.9343],[46.7698,-25.1535],[46.2376,-25.1982],[45.5612,-25.56],[45.1626,-25.5986],[44.0288,-24.999],[43.9183,-24.6191],[43.6729,-24.3349],[43.6248,-23.7619],[43.7612,-23.4638],[43.3612,-22.8432],[43.2229,-22.2548],[43.5075,-21.3095],[43.8128,-21.2243],[44.2547,-20.3761]]],[[[48.332,-13.3604],[48.2246,-13.4005],[48.1887,-13.2643],[48.3184,-13.2003],[48.332,-13.3604]]]]}},{"type":"Feature","properties":{"name":"Philippines"},"geometry":{"type":"MultiPolygon","coordinates":[[[[122.9717,7.3836],[122.8005,7.3209],[122.8284,7.4308],[122.9717,7.3836]]],[[[126.5692,7.3011],[126.4662,7.0031],[126.3096,6.9489],[126.3396,6.7865],[126.1721,6.9039],[126.2002,6.2832],[125.8532,7.336],[125.6683,7.257],[125.3776,6.6742],[125.5899,6.4992],[125.6992,6.0405],[125.3713,5.5729],[125.1812,5.7983],[125.2507,6.0931],[124.9636,5.8586],[124.2017,6.2217],[123.9652,6.8323],[124.2468,7.4041],[123.7039,7.8094],[123.4447,7.8013],[123.4857,7.6636],[123.3535,7.5721],[123.431,7.3687],[123.1406,7.5131],[123.1179,7.7414],[123.0066,7.4724],[122.9172,7.5475],[122.822,7.4594],[122.8147,7.7434],[122.6187,7.7741],[122.348,7.4525],[122.1545,6.9281],[121.8989,7.0572],[122.2517,7.9801],[122.9453,8.1619],[123.042,8.4901],[123.3182,8.5335],[123.3971,8.7232],[123.7588,8.6075],[123.8447,8.4522],[123.883,8.1645],[123.6764,7.9634],[124.2323,8.2129],[124.4058,8.6079],[124.6365,8.432],[124.7532,8.5002],[124.8094,9.0095],[125.106,8.8298],[125.2088,9.0865],[125.5166,9.0159],[125.4595,9.8229],[125.9728,9.4803],[125.911,9.4049],[126.058,9.246],[126.2199,9.3056],[126.179,9.093],[126.3455,8.8533],[126.1105,8.6071],[126.4053,8.4926],[126.3831,7.8857],[126.5829,7.7194],[126.5692,7.3011]]],[[[124.5996,11.5634],[124.4727,11.4739],[124.3491,11.6801],[124.5996,11.5634]]],[[[122.2972,18.4039],[122.1358,17.7373],[122.2511,17.3602],[122.4146,17.3191],[122.5291,17.0905],[122.2039,16.2365],[121.9979,16.0311],[122.1078,16.2638],[121.5674,15.9157],[121.6292,15.6611],[121.3911,15.2663],[121.7249,14.7308],[121.6082,14.6302],[121.7316,14.1882],[121.9363,13.9952],[122.2319,13.9064],[122.1834,13.989],[122.3137,14.0163],[122.1629,14.1678],[122.2637,14.2474],[122.3001,14.092],[122.4163,14.3248],[122.6799,14.3505],[123.0422,14.098],[123.1082,13.7221],[123.3018,13.7895],[123.3355,13.9822],[123.2181,13.9927],[123.3318,14.0995],[123.4173,13.9064],[123.7117,13.9344],[123.9378,13.784],[123.5705,13.723],[123.5266,13.606],[123.8556,13.2287],[123.7458,13.0642],[123.883,13.1461],[124.1846,13.0573],[124.0549,12.5373],[123.7936,12.8314],[124.0252,12.9553],[123.7254,12.8451],[123.3101,13.0124],[123.1688,13.4492],[122.5369,13.9611],[122.4131,13.9481],[122.6727,13.3793],[122.5881,13.174],[122.3695,13.5498],[121.7249,13.9691],[121.2788,13.595],[121.0389,13.6328],[121.0038,13.7809],[120.8875,13.6935],[120.8767,13.9123],[120.7048,13.9274],[120.6497,13.7842],[120.5735,14.1745],[120.9704,14.5019],[120.9431,14.6535],[120.5857,14.9028],[120.5884,14.467],[120.4021,14.4558],[120.2922,14.8257],[120.0799,14.8039],[119.8882,15.429],[119.895,15.874],[119.7559,15.9446],[119.8019,16.3579],[119.9164,16.3808],[119.9019,16.2508],[120.1388,16.0461],[120.2991,16.0174],[120.4021,16.1655],[120.2761,16.6119],[120.4363,17.008],[120.3338,17.5564],[120.5702,18.5018],[121.1068,18.6427],[121.6497,18.314],[121.9868,18.2904],[122.1528,18.5188],[122.2972,18.4039]]],[[[120.252,5.2665],[120.2166,5.115],[120.1209,5.218],[119.8193,5.0598],[120.1878,5.3451],[120.252,5.2665]]],[[[122.2967,6.6332],[122.1886,6.4511],[121.9622,6.4049],[121.8068,6.6193],[122.0667,6.7407],[122.2967,6.6332]]],[[[117.085,8.0578],[117.0099,7.8003],[116.9617,8.062],[117.085,8.0578]]],[[[124.7842,9.1998],[124.7702,9.0774],[124.6365,9.1824],[124.7842,9.1998]]],[[[123.698,9.165],[123.4712,9.1855],[123.6421,9.2936],[123.698,9.165]]],[[[126.1659,9.8292],[126.0486,9.7546],[125.966,9.8502],[126.0715,10.0591],[126.1659,9.8292]]],[[[124.5653,9.8708],[124.5962,9.7373],[124.2942,9.6068],[123.9375,9.6175],[123.801,9.7578],[124.2227,10.1519],[124.5776,10.0339],[124.5653,9.8708]]],[[[125.7196,9.9117],[125.4953,10.1087],[125.6377,10.4604],[125.7196,9.9117]]],[[[119.9502,10.6037],[119.7886,10.457],[119.8379,10.6375],[119.9502,10.6037]]],[[[122.7111,10.7347],[122.6869,10.506],[122.5366,10.4194],[122.5366,10.6075],[122.7111,10.7347]]],[[[123.5745,10.831],[123.1567,9.8676],[123.1355,9.5527],[123.3176,9.2569],[123.0332,9.0353],[122.8449,9.3471],[122.5518,9.491],[122.3952,9.8428],[122.8728,10.1004],[122.8147,10.515],[122.9938,10.9067],[123.2598,10.9948],[123.5745,10.831]]],[[[124.0474,10.8341],[124.0149,10.3725],[123.6526,10.0636],[123.3276,9.4081],[123.3871,9.9738],[123.8493,10.7526],[123.9588,11.1759],[124.0747,11.2691],[124.0474,10.8341]]],[[[119.6719,10.5526],[119.1963,10.0563],[118.7742,9.9341],[118.7564,9.6677],[118.365,9.1931],[118.137,9.1308],[118.0137,8.8876],[117.1908,8.3383],[117.2639,8.6101],[117.6555,9.0579],[118.1336,9.3432],[119.002,10.3975],[119.2781,10.5082],[119.345,10.7236],[119.2225,10.9417],[119.4675,10.7327],[119.32,11.0009],[119.4911,11.4209],[119.5046,10.885],[119.6719,10.5526]]],[[[119.8672,11.5156],[119.8329,11.3784],[119.7162,11.4604],[119.8672,11.5156]]],[[[125.2739,10.3232],[125.1511,10.1855],[124.991,10.3813],[125.0317,10.0203],[124.7804,10.1519],[124.7788,10.8214],[124.6223,11.002],[124.5145,10.8737],[124.396,10.9341],[124.3006,11.5429],[124.6299,11.3044],[124.9763,11.392],[125.0138,10.7546],[125.2739,10.3232]]],[[[123.1704,11.4808],[123.1314,11.1827],[122.7893,10.9761],[122.7448,10.7956],[121.9497,10.4332],[122.1072,11.6579],[121.8539,11.7694],[121.8968,11.8938],[122.3772,11.7332],[122.6223,11.5087],[122.8303,11.6053],[122.9007,11.4379],[123.1636,11.5981],[123.1704,11.4808]]],[[[120.0247,11.893],[119.967,11.6644],[119.854,11.9544],[120.0247,11.893]]],[[[120.3475,12.0295],[120.0011,12.0112],[119.8477,12.1667],[119.885,12.3227],[120.1961,12.112],[120.2297,12.2187],[120.3475,12.0295]]],[[[122.6875,12.4028],[122.6118,12.2765],[122.423,12.4629],[122.6875,12.4028]]],[[[125.7127,11.1487],[125.7605,11.0228],[125.6515,11.1494],[125.2468,11.0922],[125.1724,11.2652],[125.001,11.2898],[125.007,11.4262],[124.8283,11.5087],[125.0437,11.7578],[124.4932,12.0978],[124.2835,12.5706],[125.2721,12.499],[125.3148,12.2964],[125.5383,12.1835],[125.4663,11.6118],[125.6377,11.3685],[125.555,11.2119],[125.7127,11.1487]]],[[[124.0549,11.7998],[123.7429,11.9269],[123.4854,12.2181],[123.1597,11.9178],[123.2946,12.2172],[123.2347,12.5928],[123.3565,12.5493],[123.3264,12.4381],[123.4341,12.5186],[123.8897,12.2077],[124.0549,11.7998]]],[[[122.1152,12.6663],[122.0122,12.1046],[121.9241,12.3393],[122.1152,12.6663]]],[[[123.2803,12.8649],[123.3411,12.7182],[122.9445,13.1113],[123.2803,12.8649]]],[[[121.5261,12.7045],[121.3958,12.2895],[121.1136,12.2513],[120.6649,13.1559],[120.3215,13.4878],[121.1971,13.4409],[121.553,13.1113],[121.5261,12.7045]]],[[[122.1016,13.4167],[122.0088,13.2048],[121.8137,13.3522],[121.8587,13.5655],[122.1016,13.4167]]],[[[124.418,13.873],[124.3347,13.5576],[124.0474,13.606],[124.1369,14.0784],[124.418,13.873]]],[[[122.0054,15.0107],[121.9402,14.6401],[121.8264,15.0122],[122.0054,15.0107]]],[[[121.3816,6.0057],[121.2925,5.8588],[120.8718,5.961],[121.0422,6.0971],[121.3816,6.0057]]],[[[120.2852,11.9302],[120.2679,11.8162],[120.2033,11.9476],[120.2852,11.9302]]]]}},{"type":"Feature","properties":{"name":"Sri Lanka"},"geometry":{"type":"MultiPolygon","coordinates":[[[[81.876,7.0919],[81.7756,6.6104],[81.325,6.2054],[80.5908,5.9237],[80.094,6.1361],[79.863,6.8072],[79.6968,8.2191],[79.7786,8.35],[79.7319,8.0131],[79.8338,8.0031],[79.9155,8.9385],[80.1056,9.1929],[80.053,9.3915],[80.197,9.4735],[80.053,9.5964],[80.6148,9.4462],[79.958,9.6857],[79.9707,9.8151],[80.444,9.5759],[80.1387,9.7987],[80.2468,9.8259],[80.8239,9.2705],[80.9149,8.9439],[81.2317,8.6511],[81.134,8.5013],[81.3657,8.4822],[81.3963,8.1365],[81.8557,7.4122],[81.876,7.0919]]],[[[79.8958,9.6175],[79.8823,9.7609],[79.9779,9.6243],[79.8958,9.6175]]]]}},{"type":"Feature","properties":{"name":"Cura\u00e7ao"},"geometry":{"type":"Polygon","coordinates":[[[-68.7808,12.0978],[-68.9778,12.1246],[-69.1661,12.3878],[-68.7808,12.0978]]]}},{"type":"Feature","properties":{"name":"Bahamas"},"geometry":{"type":"MultiPolygon","coordinates":[[[[-72.9996,21.4517],[-73.0762,21.5068],[-72.9915,21.562],[-72.9104,21.5049],[-72.9996,21.4517]]],[[[-73.1392,22.3633],[-73.1317,22.4595],[-72.7462,22.3313],[-73.1392,22.3633]]],[[[-73.6471,21.0616],[-73.0046,21.3144],[-73.2256,20.9525],[-73.6516,20.9138],[-73.6471,21.0616]]],[[[-73.9957,22.6575],[-73.8517,22.7333],[-73.8654,22.48],[-74.277,22.1715],[-73.8802,22.5029],[-73.9957,22.6575]]],[[[-74.2869,22.7333],[-74.3104,22.8432],[-74.0162,22.7202],[-74.2869,22.7333]]],[[[-74.8591,22.9803],[-74.8523,22.8636],[-74.978,23.0729],[-75.2296,23.1715],[-75.0685,23.1166],[-75.3314,23.686],[-74.8591,22.9803]]],[[[-74.4687,24.0218],[-74.5581,23.9604],[-74.4648,24.1439],[-74.4687,24.0218]]],[[[-77.525,23.9331],[-77.5659,23.7407],[-77.7782,23.7468],[-77.5762,23.8471],[-77.7202,23.7848],[-77.6609,23.8847],[-77.7987,23.8567],[-77.942,24.0969],[-77.6752,24.303],[-77.744,24.0355],[-77.6075,24.2182],[-77.6007,23.9051],[-77.525,23.9331]]],[[[-75.3147,24.2174],[-75.5099,24.1421],[-75.4101,24.2729],[-75.7322,24.6986],[-75.3147,24.2174]]],[[[-78.3536,24.6592],[-78.1965,24.604],[-78.3041,24.7282],[-78.1577,25.0002],[-78.2143,25.1846],[-78.0452,25.1831],[-77.7187,24.4998],[-78.0275,24.2729],[-78.1344,24.5016],[-78.4305,24.6018],[-78.3536,24.6592]]],[[[-76.1613,25.1657],[-76.1945,24.6584],[-76.3363,24.8149],[-76.1824,24.8488],[-76.1649,25.1298],[-76.3716,25.3225],[-76.7845,25.4264],[-76.7367,25.5636],[-76.1613,25.1657]]],[[[-78.5901,26.5362],[-78.7668,26.5081],[-78.9979,26.7013],[-78.7143,26.5705],[-78.5938,26.8105],[-78.32,26.6865],[-77.9154,26.7764],[-77.9291,26.6392],[-78.5901,26.5362]]],[[[-77.8124,26.9068],[-77.5536,26.898],[-77.0498,26.5163],[-77.0148,26.3157],[-77.1649,26.2454],[-77.2267,25.8851],[-77.4083,26.0297],[-77.2233,26.1458],[-77.1607,26.5642],[-77.5344,26.8632],[-77.8124,26.9068]]]]}},{"type":"Feature","properties":{"name":"Taiwan"},"geometry":{"type":"MultiPolygon","coordinates":[[[[121.9058,24.9501],[121.4001,23.1455],[120.9483,22.5268],[120.8403,21.9046],[120.7144,21.9375],[120.6213,22.2951],[120.2852,22.5801],[120.1662,23.0317],[120.0552,23.0437],[120.1844,23.7644],[121.0593,25.0502],[121.5808,25.283],[121.9051,25.1066],[122.0054,25.0019],[121.9058,24.9501]]],[[[118.3942,24.5227],[118.4634,24.4315],[118.2839,24.4013],[118.3942,24.5227]]]]}},{"type":"Feature","properties":{"name":"Japan"},"geometry":{"type":"MultiPolygon","coordinates":[[[[131.6598,32.4768],[131.3382,31.3726],[131.0718,31.4496],[131.0136,31.3631],[131.1321,31.2795],[130.6577,31.0032],[130.7953,31.3444],[130.5909,31.586],[130.7586,31.5638],[130.7764,31.7103],[130.6448,31.7147],[130.5291,31.5133],[130.6603,31.2714],[130.5864,31.1554],[130.2222,31.2463],[130.119,31.4086],[130.2283,31.3813],[130.3345,31.5624],[130.1714,31.7901],[130.1799,32.0935],[130.5125,32.3382],[130.6683,32.6487],[130.448,32.6214],[130.6113,32.7855],[130.2414,33.1882],[130.1053,32.8759],[130.3394,32.8566],[130.3608,32.688],[130.166,32.593],[130.2076,32.7522],[130.0938,32.7949],[129.7404,32.5684],[129.8591,32.7245],[129.6384,32.9265],[129.6816,33.0941],[129.7944,32.8749],[130.0031,32.8454],[129.9456,33.0158],[129.5521,33.2258],[129.5804,33.371],[129.8516,33.28],[129.8532,33.5525],[130.0169,33.4458],[130.208,33.6651],[130.3909,33.6049],[130.2893,33.6815],[130.4889,33.8554],[131.0071,33.9661],[130.9617,33.8162],[131.103,33.6243],[131.6674,33.6672],[131.7373,33.4846],[131.5104,33.2734],[131.9026,33.266],[131.8096,33.1276],[132.0812,32.9432],[131.6598,32.4768]]],[[[134.6898,33.8281],[134.3123,33.5725],[134.1765,33.2361],[133.7394,33.5375],[133.2922,33.3647],[133.0017,32.987],[133.0022,32.7117],[132.6277,32.7521],[132.7092,32.9094],[132.5042,32.8917],[132.3824,33.0198],[132.4901,33.1328],[132.3947,33.2039],[132.5484,33.2269],[132.3787,33.3195],[132.4212,33.4445],[132.0105,33.349],[132.6766,33.7156],[132.8975,34.1227],[133.127,33.9333],[133.511,33.9652],[133.6413,34.0792],[133.5584,34.2595],[133.937,34.3751],[134.6469,34.2393],[134.6898,33.8281]]],[[[133.4222,34.445],[133.2817,34.3215],[133.2473,34.4265],[133.1856,34.2805],[133.0764,34.2596],[133.0933,34.3898],[132.6563,34.1993],[132.346,34.3488],[132.0414,33.7763],[132.0995,33.8723],[131.7415,34.0562],[131.258,33.9248],[131.0356,34.048],[130.9158,33.914],[130.8716,34.2792],[131.0336,34.3818],[130.9478,34.4189],[131.4143,34.424],[131.5969,34.6596],[131.8584,34.7145],[132.6387,35.2946],[132.6354,35.441],[133.0913,35.6015],[133.4002,35.4543],[135.2268,35.7723],[135.3062,35.6715],[135.1883,35.5453],[135.319,35.447],[135.4632,35.6033],[135.5296,35.4927],[135.8343,35.5344],[135.8117,35.6434],[135.9806,35.6305],[136.0197,35.7653],[136.0691,35.6619],[135.9632,35.9999],[136.6897,36.7308],[136.7491,37.3579],[137.341,37.5171],[137.2558,37.3153],[136.9511,37.2345],[136.8609,37.0768],[137.0471,37.0988],[137.0055,36.8359],[137.3333,36.7627],[137.4476,36.9335],[138.5506,37.3779],[138.8577,37.8278],[139.4081,38.1319],[140.0486,39.5047],[140.0276,39.8245],[139.701,39.9607],[139.8669,39.9843],[140.0112,40.2355],[139.8604,40.6088],[140.2708,40.8124],[140.4078,41.0257],[140.2481,41.1234],[140.3423,41.2657],[140.6327,41.1943],[140.7031,40.8533],[140.8887,41.0108],[141.1263,40.8729],[141.2779,41.1553],[141.2059,41.2647],[140.7658,41.145],[140.9071,41.5385],[141.2761,41.3532],[141.4606,41.4302],[141.4374,40.6701],[141.8304,40.2512],[141.9605,39.6116],[142.0703,39.5502],[141.953,39.4608],[142.0584,39.4663],[141.9053,39.3305],[141.9133,39.0977],[141.6384,38.9854],[141.6736,38.852],[141.4631,38.6614],[141.5254,38.2678],[141.3045,38.4079],[141.0794,38.3609],[140.9668,38.1705],[141.0078,37.1339],[140.5641,36.2831],[140.8794,35.7205],[140.4835,35.566],[140.3776,35.1764],[139.9264,34.9074],[139.757,34.9563],[139.87,34.9993],[139.781,35.3181],[140.102,35.5671],[139.7653,35.6535],[139.7881,35.5133],[139.6423,35.4543],[139.6851,35.1404],[139.5442,35.3079],[139.1835,35.2633],[139.0767,35.0751],[139.1409,34.8706],[138.8353,34.5959],[138.7619,34.9799],[138.9076,35.0307],[138.8033,35.1219],[138.5541,35.0961],[138.2333,34.5946],[137.547,34.6773],[137.0161,34.5788],[137.3408,34.7265],[137.0182,34.7833],[136.9789,34.9242],[136.9715,34.6964],[136.856,34.7398],[136.8301,35.0788],[136.5195,34.6809],[136.916,34.434],[136.8957,34.2669],[136.7068,34.3343],[136.3367,34.184],[135.76,33.4333],[135.0589,33.88],[135.19,34.1496],[135.061,34.2673],[135.3726,34.4845],[135.4129,34.6921],[135.0458,34.625],[134.4912,34.7871],[133.9367,34.5872],[134.0462,34.5815],[133.9363,34.4512],[133.4222,34.445]]],[[[145.7674,43.3873],[145.5306,43.1688],[145.1384,43.1282],[145.0143,42.9895],[144.323,43.0026],[143.8864,42.8442],[143.349,42.3192],[143.2415,41.928],[141.8171,42.5996],[141.4277,42.5644],[140.9773,42.2996],[140.7337,42.5642],[140.5007,42.5792],[140.2918,42.2596],[141.2,41.7995],[141.0064,41.7121],[140.6604,41.8271],[140.209,41.4011],[139.9798,41.5817],[140.145,41.9827],[139.7676,42.311],[139.877,42.6634],[140.2815,42.7573],[140.5212,42.9963],[140.3601,43.3252],[141.1691,43.1409],[141.4233,43.3179],[141.3374,43.7128],[141.6406,43.9379],[141.7961,44.6418],[141.5838,45.2512],[141.648,45.4372],[141.9194,45.5159],[142.9815,44.5865],[143.7766,44.1893],[143.7283,44.1135],[144.1193,44.1291],[144.1528,44.0198],[144.2429,44.1192],[144.3794,43.9565],[144.7405,43.9146],[145.3415,44.3455],[145.0715,43.7746],[145.3936,43.3054],[145.2583,43.3271],[145.5171,43.229],[145.7674,43.3873]]],[[[123.8147,24.3917],[123.9344,24.3675],[123.8731,24.2582],[123.6682,24.2966],[123.8147,24.3917]]],[[[124.3291,24.5836],[124.1403,24.342],[124.0784,24.4355],[124.3291,24.5836]]],[[[125.3872,24.7822],[125.2588,24.7334],[125.2603,24.8852],[125.3872,24.7822]]],[[[128.3377,26.7969],[127.8517,26.4412],[127.9199,26.3096],[127.6517,26.0844],[127.7225,26.4299],[127.9602,26.5641],[127.8783,26.6945],[128.0574,26.6448],[128.2551,26.8863],[128.3377,26.7969]]],[[[128.9888,27.8111],[128.9295,27.6867],[128.8945,27.8913],[128.9888,27.8111]]],[[[129.7075,28.4621],[129.376,28.1196],[129.1458,28.2499],[129.7075,28.4621]]],[[[130.6746,30.3746],[130.486,30.2258],[130.3762,30.3944],[130.499,30.468],[130.6746,30.3746]]],[[[131.052,30.8402],[131.0576,30.6113],[130.8704,30.3439],[131.052,30.8402]]],[[[130.41,32.5116],[130.3623,32.375],[130.2131,32.4365],[130.41,32.5116]]],[[[130.1605,32.5463],[130.2034,32.3389],[129.9955,32.1907],[130.0029,32.5334],[130.1605,32.5463]]],[[[128.8784,32.6739],[128.6004,32.6142],[128.6608,32.7828],[128.8085,32.7999],[128.8784,32.6739]]],[[[129.098,32.9883],[129.1828,32.9847],[129.065,32.8178],[128.9794,32.9476],[129.1082,33.1667],[129.098,32.9883]]],[[[129.7764,33.7734],[129.6571,33.7426],[129.6886,33.8711],[129.7764,33.7734]]],[[[132.2362,33.869],[132.2261,33.9527],[132.4695,33.9379],[132.2362,33.869]]],[[[132.5552,34.0714],[132.4553,34.0881],[132.5193,34.1744],[132.5552,34.0714]]],[[[129.3125,34.2798],[129.1716,34.1068],[129.2074,34.3293],[129.3125,34.2798]]],[[[135.0027,34.6084],[134.9583,34.2704],[134.7287,34.1909],[134.6833,34.3282],[135.0027,34.6084]]],[[[129.4526,34.6195],[129.4008,34.3379],[129.2289,34.3556],[129.3233,34.6481],[129.4646,34.7008],[129.4526,34.6195]]],[[[139.4182,34.7808],[139.4538,34.6789],[139.3512,34.72],[139.4182,34.7808]]],[[[133.367,36.2742],[133.326,36.1581],[133.1878,36.2161],[133.292,36.3425],[133.367,36.2742]]],[[[138.4592,38.0699],[138.5752,38.0743],[138.5005,37.9067],[138.2227,37.8022],[138.3101,38.1681],[138.5142,38.3231],[138.4592,38.0699]]],[[[139.5485,42.2434],[139.4456,42.0548],[139.4238,42.1916],[139.5485,42.2434]]],[[[141.3272,45.1723],[141.2512,45.0992],[141.1318,45.2103],[141.3272,45.1723]]],[[[141.0527,45.4504],[141.0357,45.2649],[140.9668,45.4634],[141.0527,45.4504]]],[[[134.3674,34.5543],[134.3469,34.4308],[134.1614,34.4792],[134.3674,34.5543]]]]}},{"type":"Feature","properties":{"name":"St. Pierre and Miquelon"},"geometry":{"type":"MultiPolygon","coordinates":[[[[-56.2738,46.8955],[-56.3964,46.8364],[-56.3663,47.1402],[-56.2738,46.8955]]]]}},{"type":"Feature","properties":{"name":"Iceland"},"geometry":{"type":"MultiPolygon","coordinates":[[[[-14.5636,66.3845],[-14.9906,66.2858],[-14.9521,66.1933],[-15.1794,66.1113],[-14.6169,65.9977],[-14.8441,65.7352],[-14.3295,65.7824],[-14.3951,65.7215],[-14.2743,65.6725],[-14.5624,65.5012],[-14.2476,65.665],[-13.6096,65.5142],[-13.8355,65.364],[-13.7298,65.3271],[-14.0067,65.282],[-13.568,65.261],[-14.0341,65.2001],[-13.5202,65.1722],[-13.5853,65.0077],[-14.2334,65.0351],[-13.7182,64.9396],[-14.0546,64.9326],[-13.7877,64.8774],[-13.9664,64.8358],[-13.8392,64.7986],[-14.2706,64.6993],[-14.5139,64.8023],[-14.2743,64.6514],[-14.4935,64.6583],[-14.4093,64.6103],[-14.5316,64.5556],[-14.3462,64.6056],[-14.5409,64.4084],[-14.7131,64.4317],[-14.9294,64.2648],[-15.4735,64.3976],[-15.3978,64.2741],[-16.7962,63.8017],[-16.9669,63.7875],[-16.969,63.9203],[-17.0062,63.7978],[-17.7148,63.7812],[-17.9674,63.6765],[-17.7967,63.6714],[-17.965,63.5225],[-18.3168,63.5485],[-18.1837,63.4639],[-18.732,63.3967],[-20.1857,63.5444],[-20.5507,63.7123],[-20.3111,63.7329],[-20.4111,63.8362],[-20.5775,63.7142],[-20.7704,63.7744],[-20.6059,63.7676],[-20.6856,63.8634],[-20.8182,63.7812],[-21.1683,63.8756],[-21.0448,63.9457],[-22.6912,63.8122],[-22.7021,64.0859],[-22.5185,63.9794],[-22.0407,64.0511],[-21.915,64.1239],[-22.0453,64.158],[-21.7027,64.1916],[-21.9286,64.2338],[-21.7545,64.3452],[-21.442,64.3641],[-22.1,64.315],[-21.8597,64.3908],[-22.0453,64.4051],[-21.9751,64.5037],[-21.4967,64.5695],[-21.6822,64.6166],[-21.5109,64.6514],[-22.1648,64.4597],[-22.4425,64.6657],[-22.1887,64.7402],[-22.4021,64.6763],[-22.3197,64.7539],[-22.4084,64.8227],[-23.8336,64.7259],[-24.06,64.8911],[-23.1686,65.0201],[-23.1073,64.9184],[-22.7175,65.076],[-22.5797,64.9804],[-21.8262,65.0351],[-21.7661,65.208],[-22.0338,65.1149],[-22.5525,65.1859],[-21.6953,65.4534],[-22.1142,65.5285],[-22.2538,65.4337],[-22.3872,65.4917],[-22.1068,65.5967],[-22.4786,65.508],[-22.5459,65.634],[-22.6562,65.5281],[-22.7594,65.6298],[-22.7315,65.5018],[-22.9534,65.6104],[-23.8975,65.4046],[-24.5399,65.508],[-24.3034,65.6384],[-23.8068,65.5353],[-24.0868,65.6514],[-23.8068,65.6104],[-24.0928,65.8048],[-23.5618,65.6137],[-23.2855,65.6793],[-23.5392,65.7227],[-23.1898,65.7824],[-23.7292,65.7744],[-23.8666,65.8756],[-23.2098,65.8432],[-23.8131,66.0114],[-23.3749,65.9878],[-23.6697,66.1175],[-23.3953,66.0976],[-23.6008,66.1448],[-23.4614,66.2042],[-23.0277,66.1087],[-23.0589,65.9667],[-22.9292,66.0493],[-22.8193,65.9121],[-22.6827,66.0559],[-22.5774,65.9731],[-22.6482,65.8337],[-22.5173,65.9758],[-22.4316,65.8459],[-22.3607,65.9196],[-22.4842,66.0294],[-22.3812,66.0976],[-22.9776,66.2342],[-22.3675,66.2752],[-23.1393,66.3278],[-23.0248,66.3918],[-23.1353,66.4328],[-22.9503,66.467],[-22.431,66.4647],[-22.2167,66.2684],[-21.7499,66.1858],[-21.668,66.0219],[-21.5488,66.0976],[-21.3306,66.009],[-21.6065,65.9605],[-21.3017,65.936],[-21.4768,65.7687],[-21.3321,65.7408],[-21.7778,65.7687],[-21.4143,65.6372],[-21.483,65.5626],[-21.3209,65.6019],[-21.4768,65.4465],[-21.2121,65.4382],[-21.0899,65.1662],[-21.0989,65.4455],[-20.9151,65.3435],[-20.9181,65.6014],[-20.6754,65.6939],[-20.4757,65.4949],[-20.5309,65.5769],[-20.3875,65.5285],[-20.2701,65.665],[-20.4077,66.0908],[-20.092,66.1312],[-19.4562,65.7289],[-19.4379,66.0666],[-18.827,66.2034],[-18.2182,65.8677],[-18.0636,65.6452],[-18.297,66.1796],[-17.9127,66.1523],[-17.5497,65.9121],[-17.4951,65.9878],[-17.6112,65.994],[-17.4132,65.9605],[-17.1456,66.2212],[-16.9228,66.111],[-16.4263,66.1448],[-16.5433,66.507],[-16.0229,66.5366],[-15.7067,66.3959],[-15.6995,66.2342],[-15.3804,66.15],[-14.9254,66.3853],[-14.5636,66.3845]]]]}},{"type":"Feature","properties":{"name":"Fr. Polynesia"},"geometry":{"type":"MultiPolygon","coordinates":[[[[-149.1835,-17.7312],[-149.1903,-17.8691],[-149.348,-17.7182],[-149.5761,-17.7376],[-149.6328,-17.5534],[-149.3876,-17.518],[-149.1835,-17.7312]]],[[[-149.7967,-17.4645],[-149.8428,-17.5676],[-149.9444,-17.4924],[-149.7967,-17.4645]]],[[[-151.4787,-16.7382],[-151.3525,-16.8586],[-151.4779,-16.8896],[-151.4787,-16.7382]]],[[[-138.8366,-9.7411],[-139.0619,-9.8539],[-139.1732,-9.7742],[-138.8366,-9.7411]]],[[[-140.0494,-8.8232],[-140.1832,-8.9537],[-140.2611,-8.8232],[-140.0494,-8.8232]]]]}},{"type":"Feature","properties":{"name":"Fr. S. Antarctic Lands"},"geometry":{"type":"MultiPolygon","coordinates":[[[[69.1921,-48.9866],[69.4113,-48.9286],[69.2225,-49.0943],[69.1921,-48.9866]]],[[[70.5488,-49.1832],[70.5237,-49.3075],[70.3115,-49.3785],[70.4665,-49.4391],[70.1399,-49.3388],[69.6919,-49.4045],[70.137,-49.6179],[70.0491,-49.5204],[70.2959,-49.5304],[70.1648,-49.6179],[70.2443,-49.6855],[69.8556,-49.6791],[69.7385,-49.4988],[69.6372,-49.5046],[69.6639,-49.665],[69.4697,-49.6314],[69.2274,-49.4885],[69.0256,-49.7099],[68.7645,-49.675],[68.9241,-49.2883],[68.7643,-49.1889],[68.9309,-49.145],[68.7488,-49.0768],[68.9031,-48.9747],[68.7918,-48.8463],[69.0156,-48.6546],[69.1165,-48.7267],[68.9082,-48.894],[69.1888,-48.773],[68.9998,-49.0904],[69.1057,-48.9934],[69.2145,-49.1213],[69.4525,-49.089],[69.5895,-48.9526],[69.6441,-49.1244],[69.2825,-49.1843],[69.4722,-49.1518],[69.381,-49.1825],[69.5342,-49.2473],[69.4113,-49.2747],[69.8018,-49.2883],[70.3359,-49.054],[70.5488,-49.1832]]]]}},{"type":"Feature","properties":{"name":"Seychelles"},"geometry":{"type":"MultiPolygon","coordinates":[[[[55.4017,-4.6605],[55.4639,-4.5714],[55.5379,-4.8038],[55.4017,-4.6605]]]]}},{"type":"Feature","properties":{"name":"Kiribati"},"geometry":{"type":"MultiPolygon","coordinates":[[[[-157.191,1.7639],[-157.5782,1.9079],[-157.4285,1.8386],[-157.3551,1.9477],[-157.5094,2.0246],[-157.4238,2.0205],[-157.191,1.7639]]],[[[-159.2845,3.8748],[-159.3087,3.7847],[-159.41,3.862],[-159.2845,3.8748]]]]}},{"type":"Feature","properties":{"name":"Trinidad and Tobago"},"geometry":{"type":"MultiPolygon","coordinates":[[[[-61.0023,10.6994],[-60.996,10.1383],[-61.9287,10.0565],[-61.4621,10.2822],[-61.4889,10.631],[-61.6676,10.7068],[-60.9488,10.8453],[-61.0023,10.6994]]]]}},{"type":"Feature","properties":{"name":"Grenada"},"geometry":{"type":"MultiPolygon","coordinates":[[[[-61.6129,12.2144],[-61.6316,12.0441],[-61.7905,12.0084],[-61.6129,12.2144]]]]}},{"type":"Feature","properties":{"name":"St. Vin. and Gren."},"geometry":{"type":"MultiPolygon","coordinates":[[[[-61.1673,13.1461],[-61.2794,13.2159],[-61.1871,13.3804],[-61.1673,13.1461]]]]}},{"type":"Feature","properties":{"name":"Barbados"},"geometry":{"type":"Polygon","coordinates":[[[-59.4269,13.1604],[-59.6216,13.094],[-59.6451,13.3237],[-59.4269,13.1604]]]}},{"type":"Feature","properties":{"name":"Saint Lucia"},"geometry":{"type":"Polygon","coordinates":[[[-60.8868,14.0101],[-60.9551,13.7147],[-61.0785,13.8798],[-60.9476,14.1023],[-60.8868,14.0101]]]}},{"type":"Feature","properties":{"name":"Dominica"},"geometry":{"type":"Polygon","coordinates":[[[-61.3629,15.2018],[-61.469,15.6339],[-61.2577,15.4726],[-61.3629,15.2018]]]}},{"type":"Feature","properties":{"name":"Montserrat"},"geometry":{"type":"Polygon","coordinates":[[[-62.1474,16.7443],[-62.2189,16.6887],[-62.202,16.8193],[-62.1474,16.7443]]]}},{"type":"Feature","properties":{"name":"Antigua and Barb."},"geometry":{"type":"MultiPolygon","coordinates":[[[[-61.8836,17.049],[-61.8253,17.1688],[-61.6676,17.0794],[-61.8836,17.049]]],[[[-61.8389,17.5933],[-61.8378,17.7277],[-61.7278,17.5884],[-61.8389,17.5933]]]]}},{"type":"Feature","properties":{"name":"U.S. Virgin Is."},"geometry":{"type":"MultiPolygon","coordinates":[[[[-64.5594,17.7516],[-64.8952,17.6828],[-64.8765,17.7759],[-64.5594,17.7516]]]]}},{"type":"Feature","properties":{"name":"Puerto Rico"},"geometry":{"type":"MultiPolygon","coordinates":[[[[-65.6288,18.2792],[-65.9391,17.9705],[-67.1842,17.9351],[-67.1519,18.2034],[-67.2708,18.3618],[-67.1017,18.5228],[-66.3824,18.4914],[-65.6214,18.3891],[-65.6288,18.2792]]]]}},{"type":"Feature","properties":{"name":"Jamaica"},"geometry":{"type":"Polygon","coordinates":[[[-76.2637,18.0124],[-76.188,17.9155],[-76.363,17.8608],[-76.85,17.9923],[-76.9421,17.8336],[-77.1417,17.8811],[-77.1789,17.7042],[-77.4177,17.8617],[-77.7307,17.8548],[-78.0503,18.1851],[-78.3747,18.2656],[-78.2306,18.4442],[-77.9023,18.5188],[-77.2726,18.4594],[-76.8949,18.4093],[-76.2637,18.0124]]]}},{"type":"Feature","properties":{"name":"Cayman Is."},"geometry":{"type":"MultiPolygon","coordinates":[[[[-81.1361,19.3549],[-81.3875,19.2639],[-81.4165,19.37],[-81.1361,19.3549]]]]}},{"type":"Feature","properties":{"name":"Heard I. and McDonald Is."},"geometry":{"type":"Polygon","coordinates":[[[73.7351,-53.1124],[73.4734,-53.1892],[73.236,-52.982],[73.7351,-53.1124]]]}},{"type":"Feature","properties":{"name":"Saint Helena"},"geometry":{"type":"MultiPolygon","coordinates":[[[[-5.7218,-15.9089],[-5.6627,-15.9796],[-5.7802,-16.0082],[-5.7218,-15.9089]]],[[[-14.3563,-7.8847],[-14.2948,-7.9455],[-14.4064,-7.9739],[-14.3563,-7.8847]]]]}},{"type":"Feature","properties":{"name":"Mauritius"},"geometry":{"type":"MultiPolygon","coordinates":[[[[57.7957,-20.2228],[57.6722,-20.4797],[57.3079,-20.4443],[57.5965,-19.9826],[57.7957,-20.2228]]]]}},{"type":"Feature","properties":{"name":"Comoros"},"geometry":{"type":"MultiPolygon","coordinates":[[[[43.7887,-12.308],[43.8582,-12.3714],[43.6652,-12.3525],[43.6358,-12.2369],[43.7887,-12.308]]],[[[44.5291,-12.2328],[44.5115,-12.3803],[44.2064,-12.1606],[44.4671,-12.0644],[44.5291,-12.2328]]],[[[43.4666,-11.8217],[43.4377,-11.9316],[43.2178,-11.7503],[43.2765,-11.3796],[43.3949,-11.4002],[43.4666,-11.8217]]]]}},{"type":"Feature","properties":{"name":"S\u00e3o Tom\u00e9 and Principe"},"geometry":{"type":"MultiPolygon","coordinates":[[[[6.6814,0.4071],[6.7565,0.2501],[6.5266,0.0241],[6.4709,0.2679],[6.6814,0.4071]]]]}},{"type":"Feature","properties":{"name":"Cabo Verde"},"geometry":{"type":"MultiPolygon","coordinates":[[[[-24.2965,14.9175],[-24.3765,14.816],[-24.5262,14.9247],[-24.3649,15.0454],[-24.2965,14.9175]]],[[[-23.4568,15.0237],[-23.5318,14.9086],[-23.7151,14.9685],[-23.7795,15.3117],[-23.4568,15.0237]]],[[[-23.1278,15.3117],[-23.196,15.1221],[-23.2513,15.2564],[-23.1278,15.3117]]],[[[-22.6821,16.1136],[-22.8061,15.9859],[-22.964,16.0522],[-22.9156,16.244],[-22.6821,16.1136]]],[[[-24.0675,16.6139],[-24.3247,16.4827],[-24.4307,16.6395],[-24.0675,16.6139]]],[[[-24.9197,16.8951],[-24.8911,16.814],[-25.0941,16.8262],[-24.9197,16.8951]]],[[[-25.047,17.0351],[-25.2987,16.9174],[-25.3604,17.0552],[-25.1026,17.1966],[-24.9713,17.1073],[-25.047,17.0351]]]]}},{"type":"Feature","properties":{"name":"Malta"},"geometry":{"type":"MultiPolygon","coordinates":[[[[14.548,35.89],[14.4245,35.8237],[14.322,35.9731],[14.548,35.89]]]]}},{"type":"Feature","properties":{"name":"Jersey"},"geometry":{"type":"Polygon","coordinates":[[[-2.0827,49.2602],[-2.0245,49.1713],[-2.2336,49.1845],[-2.0827,49.2602]]]}},{"type":"Feature","properties":{"name":"Isle of Man"},"geometry":{"type":"Polygon","coordinates":[[[-4.6121,54.057],[-4.7902,54.0638],[-4.7103,54.2206],[-4.3513,54.4138],[-4.3119,54.2872],[-4.6121,54.057]]]}},{"type":"Feature","properties":{"name":"\u00c5land"},"geometry":{"type":"MultiPolygon","coordinates":[[[[20.2088,60.2247],[20.0579,60.1906],[20.0237,60.3135],[20.0163,60.1837],[19.9146,60.2182],[20.0505,60.0978],[19.9485,60.0477],[19.763,60.0739],[19.647,60.2657],[19.7966,60.2998],[19.8142,60.1906],[19.9343,60.2824],[19.7774,60.355],[19.8823,60.4056],[20.2776,60.2787],[20.2088,60.2247]]]]}},{"type":"Feature","properties":{"name":"Faeroe Is."},"geometry":{"type":"MultiPolygon","coordinates":[[[[-6.6548,61.3959],[-6.9626,61.6287],[-6.7156,61.5679],[-6.8056,61.5542],[-6.6776,61.4799],[-6.7838,61.4648],[-6.6548,61.3959]]],[[[-6.6125,61.8211],[-6.661,61.746],[-6.9073,61.9099],[-6.6125,61.8211]]],[[[-7.2226,62.1706],[-7.1954,62.3146],[-7.0726,62.2903],[-6.7019,61.944],[-7.2226,62.1706]]],[[[-7.0551,62.2904],[-6.9285,62.335],[-6.5641,62.1358],[-6.6548,62.0613],[-7.0551,62.2904]]],[[[-6.5375,62.1911],[-6.5375,62.3698],[-6.3866,62.26],[-6.5375,62.1911]]]]}},{"type":"Feature","properties":{"name":"Indian Ocean Ter."},"geometry":{"type":"MultiPolygon","coordinates":[[[[105.7041,-10.4308],[105.6946,-10.5649],[105.585,-10.5164],[105.7041,-10.4308]]]]}},{"type":"Feature","properties":{"name":"Singapore"},"geometry":{"type":"Polygon","coordinates":[[[103.9608,1.3911],[103.8389,1.2663],[103.6404,1.3223],[103.7083,1.4294],[103.9608,1.3911]]]}},{"type":"Feature","properties":{"name":"Tonga"},"geometry":{"type":"MultiPolygon","coordinates":[[[[-173.9564,-18.5673],[-173.9905,-18.7052],[-174.0725,-18.634],[-173.9564,-18.5673]]],[[[-175.0655,-21.124],[-175.1488,-21.268],[-175.3648,-21.1139],[-175.0655,-21.124]]]]}},{"type":"Feature","properties":{"name":"Samoa"},"geometry":{"type":"MultiPolygon","coordinates":[[[[-172.201,-13.5925],[-172.2191,-13.8054],[-172.5232,-13.8054],[-172.7826,-13.5203],[-172.3444,-13.463],[-172.201,-13.5925]]],[[[-171.5643,-13.9494],[-171.4407,-14.0519],[-171.7533,-14.0515],[-172.0637,-13.885],[-171.8345,-13.8074],[-171.5643,-13.9494]]]]}},{"type":"Feature","properties":{"name":"Solomon Is."},"geometry":{"type":"MultiPolygon","coordinates":[[[[160.5037,-11.736],[160.5822,-11.7949],[160.4832,-11.845],[159.9692,-11.5032],[160.5037,-11.736]]],[[[162.3748,-10.8237],[161.7922,-10.735],[161.5247,-10.5642],[161.511,-10.3649],[161.2849,-10.3239],[161.3001,-10.2071],[162.1136,-10.4565],[162.3748,-10.8237]]],[[[161.3948,-9.4128],[161.5586,-9.789],[161.4007,-9.67],[161.3948,-9.4128]]],[[[160.8263,-9.8373],[160.6448,-9.9371],[159.8356,-9.7939],[159.6018,-9.5219],[159.6095,-9.3098],[160.3664,-9.4128],[160.8263,-9.8373]]],[[[160.2541,-9.1589],[160.315,-9.0617],[160.4142,-9.1316],[160.2541,-9.1589]]],[[[158.0569,-8.5283],[158.1057,-8.6911],[157.957,-8.756],[157.8998,-8.5624],[158.0569,-8.5283]]],[[[157.3587,-8.5768],[157.3796,-8.7297],[157.2009,-8.5659],[157.3475,-8.4125],[157.3587,-8.5768]]],[[[161.3607,-9.6176],[160.8679,-9.1521],[160.6013,-8.3255],[160.759,-8.3167],[160.9968,-8.6038],[160.9466,-8.8137],[161.2849,-9.1862],[161.3607,-9.6176]]],[[[157.7974,-8.5624],[157.5776,-8.4362],[157.5497,-8.2614],[157.2282,-8.3167],[157.4411,-7.9797],[157.6056,-8.0076],[157.6397,-8.2409],[157.8384,-8.3372],[157.9069,-8.4909],[157.7974,-8.5624]]],[[[157.1047,-8.1249],[156.947,-7.9797],[157.0911,-7.8505],[157.2009,-8.0007],[157.1047,-8.1249]]],[[[156.8071,-7.7201],[156.6597,-7.9392],[156.5042,-7.6301],[156.6112,-7.5694],[156.8071,-7.7201]]],[[[155.8167,-7.0207],[155.8509,-7.0993],[155.6729,-7.0895],[155.7349,-6.9661],[155.8167,-7.0207]]],[[[156.1184,-6.9182],[156.0427,-6.9804],[156.0768,-6.8152],[156.1184,-6.9182]]],[[[166.9239,-11.641],[166.9841,-11.7099],[166.843,-11.7133],[166.7672,-11.6171],[166.9239,-11.641]]],[[[166.1479,-10.694],[165.862,-10.8685],[165.7565,-10.8122],[165.8781,-10.6568],[166.1479,-10.694]]],[[[159.8594,-8.5113],[158.9481,-8.0491],[158.452,-7.532],[159.4026,-7.9824],[159.8421,-8.3256],[159.7568,-8.3918],[159.8594,-8.5113]]],[[[157.5298,-7.3332],[157.4479,-7.4322],[157.0147,-7.2826],[156.4544,-6.6308],[157.0427,-6.8971],[157.1873,-7.1789],[157.5298,-7.3332]]]]}},{"type":"Feature","properties":{"name":"Micronesia"},"geometry":{"type":"MultiPolygon","coordinates":[[[[158.2908,6.938],[158.3138,6.8087],[158.1802,6.8025],[158.1325,6.9414],[158.2908,6.938]]]]}},{"type":"Feature","properties":{"name":"S. Geo. and the Is."},"geometry":{"type":"MultiPolygon","coordinates":[[[[-35.9088,-54.6873],[-35.7843,-54.7647],[-36.1064,-54.7647],[-35.922,-54.8522],[-36.116,-54.8845],[-36.499,-54.5105],[-37.4025,-54.27],[-37.2373,-54.1477],[-37.6898,-54.1744],[-37.6147,-54.0379],[-38.0324,-54.0099],[-36.6551,-54.1061],[-36.7172,-54.1744],[-36.4911,-54.185],[-36.6756,-54.2774],[-36.2606,-54.2854],[-36.0162,-54.4954],[-36.0698,-54.5667],[-35.8873,-54.5512],[-35.9088,-54.6873]]]]}},{"type":"Feature","properties":{"name":"Falkland Is."},"geometry":{"type":"MultiPolygon","coordinates":[[[[-59.6944,-52.2081],[-59.756,-52.2736],[-59.7921,-52.1305],[-59.6944,-52.2081]]],[[[-60.9476,-51.9474],[-61.1531,-51.8449],[-60.8629,-51.7609],[-60.9476,-51.9474]]],[[[-59.6324,-51.7413],[-59.887,-51.9578],[-60.276,-51.9946],[-60.3722,-52.1596],[-60.5504,-52.1119],[-60.5928,-52.2367],[-61.0369,-52.0466],[-60.5321,-51.9999],[-60.4055,-51.9088],[-60.6056,-51.9269],[-60.4445,-51.7829],[-60.3387,-51.8586],[-60.1841,-51.7612],[-60.5506,-51.7898],[-60.625,-51.6696],[-60.0774,-51.6935],[-60.646,-51.3515],[-60.1531,-51.4875],[-59.9886,-51.4675],[-60.0836,-51.446],[-60.0175,-51.3752],[-59.256,-51.3874],[-59.6324,-51.7413]]],[[[-60.1699,-51.3925],[-60.3009,-51.2682],[-60.0743,-51.3],[-60.1699,-51.3925]]],[[[-57.8162,-51.6935],[-58.2613,-51.7555],[-58.1452,-51.7897],[-58.4191,-51.8922],[-58.9403,-51.7966],[-58.6323,-51.968],[-58.6412,-52.1078],[-59.2696,-51.9905],[-59.049,-52.2125],[-59.456,-52.1422],[-59.3389,-52.3417],[-59.7215,-52.1076],[-59.2072,-51.7072],[-58.9901,-51.8036],[-58.9912,-51.6466],[-59.1678,-51.5737],[-59.008,-51.5569],[-59.099,-51.4125],[-58.8646,-51.3583],[-58.954,-51.2485],[-58.4066,-51.3238],[-58.3338,-51.4275],[-58.5048,-51.3953],[-58.522,-51.4911],[-58.2309,-51.6525],[-58.2172,-51.526],[-58.3594,-51.5047],[-58.2912,-51.4225],[-57.9064,-51.3766],[-57.7779,-51.5431],[-58.1452,-51.5427],[-57.781,-51.6194],[-57.8988,-51.673],[-57.8162,-51.6935]]],[[[-58.4156,-51.9941],[-58.4276,-52.1007],[-58.5467,-52.0256],[-58.4156,-51.9941]]]]}},{"type":"Feature","properties":{"name":"Vanuatu"},"geometry":{"type":"MultiPolygon","coordinates":[[[[169.8403,-20.1408],[169.8716,-20.2394],[169.738,-20.2089],[169.8403,-20.1408]]],[[[169.4328,-19.4929],[169.4362,-19.6573],[169.2783,-19.5783],[169.2434,-19.342],[169.4328,-19.4929]]],[[[169.3366,-18.9348],[168.9873,-18.8766],[169.0081,-18.65],[169.1524,-18.6363],[169.3366,-18.9348]]],[[[168.5496,-17.691],[168.4841,-17.8207],[168.1511,-17.7182],[168.323,-17.5326],[168.5496,-17.691]]],[[[168.1921,-16.8139],[168.1442,-16.573],[168.4807,-16.8002],[168.1921,-16.8139]]],[[[168.1824,-16.3478],[167.9129,-16.2331],[168.1716,-16.0803],[168.3298,-16.3062],[168.1824,-16.3478]]],[[[167.8125,-16.4195],[167.7606,-16.5463],[167.4588,-16.568],[167.3748,-16.193],[167.1475,-16.0829],[167.1853,-15.8907],[167.3361,-15.9089],[167.8125,-16.4195]]],[[[167.2057,-15.7512],[167.0757,-15.6496],[167.2336,-15.6415],[167.2057,-15.7512]]],[[[167.9395,-15.3919],[167.6729,-15.4498],[167.8916,-15.2919],[168.0025,-15.2818],[167.9395,-15.3919]]],[[[167.1406,-15.5356],[166.7539,-15.6277],[166.6161,-15.385],[166.5562,-14.6459],[166.7471,-14.8196],[166.8132,-15.1604],[167.0829,-14.9289],[167.2472,-15.4982],[167.1406,-15.5356]]],[[[167.5149,-14.1406],[167.562,-14.2989],[167.4012,-14.3051],[167.5149,-14.1406]]],[[[167.4528,-13.9186],[167.3908,-13.7775],[167.4889,-13.7082],[167.59,-13.8566],[167.4528,-13.9186]]]]}},{"type":"Feature","properties":{"name":"Niue"},"geometry":{"type":"Polygon","coordinates":[[[-169.8511,-18.9651],[-169.7829,-19.0689],[-169.9337,-19.1297],[-169.8511,-18.9651]]]}},{"type":"Feature","properties":{"name":"Guam"},"geometry":{"type":"Polygon","coordinates":[[[144.8864,13.6402],[144.9522,13.5869],[144.6807,13.2468],[144.6242,13.4312],[144.8864,13.6402]]]}},{"type":"Feature","properties":{"name":"Bahrain"},"geometry":{"type":"MultiPolygon","coordinates":[[[[50.5516,26.1942],[50.6457,26.1457],[50.5653,25.7895],[50.4489,26.1616],[50.5516,26.1942]]]]}}]}